image_id,width,height,identity,split
154010.jpg,247,342,2820.0,train
056764.jpg,174,241,2820.0,train
130485.jpg,96,133,2820.0,train
067445.jpg,377,522,2820.0,train
018144.jpg,174,241,2820.0,train
018909.jpg,133,184,2820.0,train
081558.jpg,192,266,2820.0,train
087813.jpg,426,590,2820.0,train
034769.jpg,138,191,2820.0,train
001553.jpg,174,241,2820.0,train
008235.jpg,117,162,2820.0,train
062065.jpg,211,265,2820.0,train
008286.jpg,198,274,2820.0,train
043941.jpg,198,274,2820.0,train
034377.jpg,439,608,2820.0,train
115262.jpg,276,382,2820.0,train
002558.jpg,395,547,2820.0,train
003568.jpg,127,176,2820.0,train
137347.jpg,276,368,2820.0,train
005265.jpg,148,205,2820.0,train
148494.jpg,177,245,3745.0,train
068741.jpg,125,173,3745.0,train
130218.jpg,164,227,3745.0,train
084190.jpg,824,1141,3745.0,train
037428.jpg,169,234,3745.0,train
050708.jpg,491,680,3745.0,train
100589.jpg,107,148,3745.0,train
110382.jpg,62,86,3745.0,train
056544.jpg,148,205,3745.0,train
002279.jpg,148,205,3745.0,train
014730.jpg,91,126,3745.0,train
077977.jpg,117,162,3745.0,train
016690.jpg,140,194,3745.0,train
058902.jpg,224,310,3745.0,train
054312.jpg,117,162,3745.0,train
122016.jpg,166,230,3745.0,train
003647.jpg,569,788,3745.0,train
010999.jpg,146,202,3745.0,train
145722.jpg,114,158,3745.0,train
013645.jpg,125,173,3745.0,train
140742.jpg,156,216,8968.0,train
073142.jpg,161,223,8968.0,train
116974.jpg,192,266,8968.0,train
082528.jpg,143,198,8968.0,train
047987.jpg,263,364,8968.0,train
050894.jpg,112,155,8968.0,train
156364.jpg,164,227,8968.0,train
120566.jpg,135,187,8968.0,train
060483.jpg,107,148,8968.0,train
005950.jpg,182,252,8968.0,train
026052.jpg,179,248,8968.0,train
079337.jpg,218,302,8968.0,train
027584.jpg,164,227,8968.0,train
062607.jpg,198,274,8968.0,train
053221.jpg,156,216,8968.0,train
114573.jpg,122,169,8968.0,train
014689.jpg,125,173,8968.0,train
016992.jpg,104,144,8968.0,train
127124.jpg,169,234,8968.0,train
021316.jpg,86,119,8968.0,train
143226.jpg,101,140,4126.0,train
088865.jpg,109,151,4126.0,train
133174.jpg,127,176,4126.0,train
102304.jpg,255,353,4126.0,train
038572.jpg,465,644,4126.0,train
041129.jpg,174,241,4126.0,train
158590.jpg,169,234,4126.0,train
133975.jpg,421,583,4126.0,train
056173.jpg,827,1145,4126.0,train
009122.jpg,208,288,4126.0,train
014783.jpg,172,238,4126.0,train
089284.jpg,450,623,4126.0,train
017481.jpg,117,162,4126.0,train
062403.jpg,101,140,4126.0,train
055253.jpg,380,526,4126.0,train
128578.jpg,346,479,4126.0,train
010765.jpg,130,180,4126.0,train
010971.jpg,515,713,4126.0,train
134828.jpg,192,266,4126.0,train
013744.jpg,112,155,4126.0,train
156140.jpg,112,155,5765.0,train
082376.jpg,640,886,5765.0,train
141647.jpg,156,216,5765.0,train
100468.jpg,182,252,5765.0,train
048939.jpg,244,338,5765.0,train
049150.jpg,226,313,5765.0,train
157181.jpg,130,180,5765.0,train
144264.jpg,140,194,5765.0,train
057760.jpg,263,364,5765.0,train
002015.jpg,187,259,5765.0,train
033800.jpg,127,176,5765.0,train
098620.jpg,75,104,5765.0,train
034305.jpg,252,349,5765.0,train
058722.jpg,133,184,5765.0,train
051151.jpg,130,180,5765.0,train
139690.jpg,127,176,5765.0,train
002302.jpg,369,511,5765.0,train
015621.jpg,143,198,5765.0,train
144289.jpg,239,331,5765.0,train
029887.jpg,286,396,5765.0,train
152748.jpg,1058,1465,4439.0,train
087057.jpg,182,252,4439.0,train
139453.jpg,117,162,4439.0,train
097107.jpg,125,173,4439.0,train
052684.jpg,432,598,4439.0,train
066630.jpg,195,270,4439.0,train
157007.jpg,172,238,4439.0,train
140116.jpg,73,101,4439.0,train
075881.jpg,122,169,4439.0,train
013599.jpg,270,374,4439.0,train
037975.jpg,81,112,4439.0,train
095903.jpg,151,209,4439.0,train
041319.jpg,190,263,4439.0,train
084491.jpg,276,382,4439.0,train
074707.jpg,699,968,4439.0,train
132247.jpg,96,133,4439.0,train
016015.jpg,231,320,4439.0,train
021201.jpg,153,212,4439.0,train
140363.jpg,218,302,4439.0,train
025615.jpg,75,104,4439.0,train
154655.jpg,257,356,5146.0,train
090955.jpg,125,173,5146.0,train
140142.jpg,104,144,5146.0,train
095824.jpg,148,205,5146.0,train
050108.jpg,192,266,5146.0,train
055687.jpg,182,252,5146.0,train
157013.jpg,127,176,5146.0,train
142907.jpg,125,173,5146.0,train
074127.jpg,130,180,5146.0,train
004362.jpg,172,238,5146.0,train
030481.jpg,161,223,5146.0,train
092590.jpg,99,137,5146.0,train
041423.jpg,205,284,5146.0,train
082067.jpg,234,324,5146.0,train
066352.jpg,122,169,5146.0,train
130391.jpg,291,403,5146.0,train
008555.jpg,153,212,5146.0,train
017811.jpg,135,187,5146.0,train
149494.jpg,161,223,5146.0,train
027217.jpg,400,554,5146.0,train
131262.jpg,361,500,9023.0,train
072064.jpg,268,371,9023.0,train
112325.jpg,494,684,9023.0,train
078107.jpg,270,374,9023.0,train
026067.jpg,764,1058,9023.0,train
026547.jpg,239,331,9023.0,train
139419.jpg,213,295,9023.0,train
117372.jpg,699,968,9023.0,train
052754.jpg,237,328,9023.0,train
000668.jpg,156,216,9023.0,train
006720.jpg,671,929,9023.0,train
077927.jpg,387,536,9023.0,train
023136.jpg,294,407,9023.0,train
057686.jpg,185,256,9023.0,train
038932.jpg,161,223,9023.0,train
111940.jpg,226,313,9023.0,train
001487.jpg,520,720,9023.0,train
002070.jpg,174,241,9023.0,train
122925.jpg,1079,1494,9023.0,train
003217.jpg,117,162,9023.0,train
149887.jpg,62,86,4436.0,train
081049.jpg,133,184,4436.0,train
126084.jpg,159,220,4436.0,train
090156.jpg,226,313,4436.0,train
039714.jpg,231,320,4436.0,train
040317.jpg,426,590,4436.0,train
151377.jpg,270,374,4436.0,train
134268.jpg,226,313,4436.0,train
056675.jpg,122,169,4436.0,train
003739.jpg,187,259,4436.0,train
016370.jpg,185,256,4436.0,train
082927.jpg,148,205,4436.0,train
029313.jpg,133,184,4436.0,train
070312.jpg,281,389,4436.0,train
053761.jpg,143,198,4436.0,train
112218.jpg,73,101,4436.0,train
004076.jpg,281,389,4436.0,train
007460.jpg,224,310,4436.0,train
135289.jpg,530,734,4436.0,train
007619.jpg,114,158,4436.0,train
147874.jpg,1352,1872,4437.0,train
084172.jpg,892,1235,4437.0,train
121495.jpg,866,1199,4437.0,train
085577.jpg,959,1328,4437.0,train
044300.jpg,377,522,4437.0,train
045672.jpg,185,256,4437.0,train
149865.jpg,260,360,4437.0,train
130043.jpg,343,475,4437.0,train
080475.jpg,387,536,4437.0,train
002705.jpg,780,1080,4437.0,train
036556.jpg,723,1001,4437.0,train
084375.jpg,1115,1544,4437.0,train
038821.jpg,694,961,4437.0,train
081508.jpg,653,904,4437.0,train
073185.jpg,640,886,4437.0,train
119092.jpg,185,256,4437.0,train
003105.jpg,923,1278,4437.0,train
006661.jpg,530,734,4437.0,train
137598.jpg,458,634,4437.0,train
009375.jpg,759,1051,4437.0,train
155760.jpg,395,547,1051.0,train
096255.jpg,208,288,1051.0,train
137672.jpg,957,1325,1051.0,train
107226.jpg,278,385,1051.0,train
044635.jpg,666,922,1051.0,train
051572.jpg,447,619,1051.0,train
156095.jpg,346,479,1051.0,train
138594.jpg,426,590,1051.0,train
077157.jpg,99,137,1051.0,train
010406.jpg,200,277,1051.0,train
030234.jpg,156,216,1051.0,train
097513.jpg,172,238,1051.0,train
034193.jpg,211,292,1051.0,train
080729.jpg,148,205,1051.0,train
062753.jpg,200,277,1051.0,train
122898.jpg,234,324,1051.0,train
011343.jpg,291,403,1051.0,train
012876.jpg,764,1058,1051.0,train
148864.jpg,234,324,1051.0,train
029002.jpg,283,392,1051.0,train
125941.jpg,413,572,6583.0,train
050891.jpg,148,205,6583.0,train
091026.jpg,681,943,6583.0,train
051536.jpg,195,270,6583.0,train
028430.jpg,291,403,6583.0,train
028842.jpg,257,356,6583.0,train
144354.jpg,151,209,6583.0,train
094668.jpg,208,288,6583.0,train
042198.jpg,244,338,6583.0,train
007985.jpg,198,274,6583.0,train
015228.jpg,159,220,6583.0,train
050957.jpg,257,356,6583.0,train
023953.jpg,216,299,6583.0,train
042996.jpg,205,284,6583.0,train
039601.jpg,434,601,6583.0,train
086533.jpg,231,320,6583.0,train
008045.jpg,166,230,6583.0,train
012090.jpg,203,281,6583.0,train
095833.jpg,104,144,6583.0,train
013058.jpg,109,151,6583.0,train
158589.jpg,382,529,1054.0,train
082447.jpg,996,1379,1054.0,train
134560.jpg,260,360,1054.0,train
101304.jpg,283,392,1054.0,train
044833.jpg,211,292,1054.0,train
045139.jpg,107,148,1054.0,train
159357.jpg,172,238,1054.0,train
147945.jpg,400,554,1054.0,train
071737.jpg,166,230,1054.0,train
003030.jpg,148,205,1054.0,train
017272.jpg,400,554,1054.0,train
089783.jpg,286,396,1054.0,train
021547.jpg,130,180,1054.0,train
077565.jpg,364,504,1054.0,train
062073.jpg,1388,1922,1054.0,train
130234.jpg,286,396,1054.0,train
004954.jpg,322,446,1054.0,train
015294.jpg,304,421,1054.0,train
151470.jpg,218,302,1054.0,train
016791.jpg,889,1231,1054.0,train
139660.jpg,286,396,1025.0,train
087328.jpg,166,230,1025.0,train
110100.jpg,247,306,1025.0,train
090800.jpg,304,421,1025.0,train
026659.jpg,247,342,1025.0,train
031594.jpg,140,194,1025.0,train
141367.jpg,749,1037,1025.0,train
119987.jpg,491,680,1025.0,train
042090.jpg,270,374,1025.0,train
006581.jpg,283,392,1025.0,train
016285.jpg,237,328,1025.0,train
089408.jpg,448,688,1025.0,train
017619.jpg,125,173,1025.0,train
042992.jpg,211,292,1025.0,train
036691.jpg,159,220,1025.0,train
107006.jpg,239,331,1025.0,train
011147.jpg,762,1055,1025.0,train
012818.jpg,112,155,1025.0,train
129902.jpg,179,248,1025.0,train
013187.jpg,177,245,1025.0,train
140284.jpg,182,252,2334.0,train
102064.jpg,309,428,2334.0,train
129456.jpg,179,248,2334.0,train
104022.jpg,520,720,2334.0,train
042917.jpg,242,335,2334.0,train
060202.jpg,265,367,2334.0,train
156833.jpg,213,295,2334.0,train
136425.jpg,359,497,2334.0,train
087391.jpg,211,292,2334.0,train
001749.jpg,88,122,2334.0,train
028369.jpg,276,382,2334.0,train
103450.jpg,88,122,2334.0,train
028877.jpg,122,169,2334.0,train
087996.jpg,221,306,2334.0,train
074171.jpg,153,212,2334.0,train
121063.jpg,252,349,2334.0,train
010057.jpg,169,234,2334.0,train
024126.jpg,237,328,2334.0,train
138385.jpg,107,148,2334.0,train
025422.jpg,559,774,2334.0,train
149694.jpg,161,223,8987.0,train
078468.jpg,218,302,8987.0,train
124691.jpg,185,256,8987.0,train
095570.jpg,250,346,8987.0,train
038854.jpg,192,266,8987.0,train
040954.jpg,172,238,8987.0,train
150938.jpg,107,148,8987.0,train
136583.jpg,187,259,8987.0,train
049945.jpg,99,137,8987.0,train
003923.jpg,127,176,8987.0,train
015685.jpg,148,205,8987.0,train
092181.jpg,156,216,8987.0,train
027933.jpg,242,335,8987.0,train
061742.jpg,60,83,8987.0,train
049850.jpg,104,144,8987.0,train
121429.jpg,125,173,8987.0,train
012113.jpg,504,698,8987.0,train
013371.jpg,237,328,8987.0,train
136663.jpg,203,281,8987.0,train
015292.jpg,359,497,8987.0,train
156661.jpg,335,464,6576.0,train
064057.jpg,273,378,6576.0,train
148641.jpg,273,378,6576.0,train
069936.jpg,216,299,6576.0,train
033900.jpg,195,270,6576.0,train
038297.jpg,304,421,6576.0,train
157997.jpg,302,418,6576.0,train
150391.jpg,218,302,6576.0,train
049343.jpg,276,382,6576.0,train
013401.jpg,268,371,6576.0,train
017362.jpg,286,396,6576.0,train
067821.jpg,255,353,6576.0,train
018553.jpg,291,403,6576.0,train
053052.jpg,208,288,6576.0,train
042442.jpg,1144,1584,6576.0,train
136396.jpg,281,389,6576.0,train
014670.jpg,312,432,6576.0,train
016143.jpg,361,500,6576.0,train
151561.jpg,153,212,6576.0,train
017163.jpg,257,356,6576.0,train
150689.jpg,161,223,8971.0,train
089265.jpg,153,212,8971.0,train
114735.jpg,125,173,8971.0,train
099000.jpg,250,346,8971.0,train
038978.jpg,127,176,8971.0,train
051819.jpg,146,202,8971.0,train
150698.jpg,442,612,8971.0,train
135492.jpg,712,986,8971.0,train
063947.jpg,164,227,8971.0,train
002751.jpg,151,209,8971.0,train
014916.jpg,174,241,8971.0,train
095214.jpg,309,428,8971.0,train
028927.jpg,114,158,8971.0,train
065690.jpg,120,166,8971.0,train
061753.jpg,117,162,8971.0,train
107478.jpg,234,324,8971.0,train
009006.jpg,109,151,8971.0,train
013470.jpg,94,130,8971.0,train
147336.jpg,270,374,8971.0,train
014275.jpg,159,220,8971.0,train
151343.jpg,426,590,9024.0,train
109109.jpg,179,248,9024.0,train
134841.jpg,133,184,9024.0,train
119119.jpg,356,493,9024.0,train
078554.jpg,359,497,9024.0,train
078782.jpg,403,558,9024.0,train
156244.jpg,179,248,9024.0,train
148234.jpg,133,184,9024.0,train
094352.jpg,671,929,9024.0,train
024385.jpg,764,1058,9024.0,train
044302.jpg,629,871,9024.0,train
117995.jpg,169,234,9024.0,train
046417.jpg,200,277,9024.0,train
097643.jpg,224,310,9024.0,train
094143.jpg,983,1361,9024.0,train
133952.jpg,273,378,9024.0,train
027439.jpg,619,857,9024.0,train
043064.jpg,151,209,9024.0,train
148989.jpg,510,706,9024.0,train
043513.jpg,692,958,9024.0,train
140144.jpg,299,414,1011.0,train
095600.jpg,192,266,1011.0,train
131175.jpg,442,612,1011.0,train
099169.jpg,148,205,1011.0,train
064461.jpg,185,256,1011.0,train
068284.jpg,268,371,1011.0,train
155697.jpg,351,486,1011.0,train
133536.jpg,400,554,1011.0,train
078416.jpg,257,356,1011.0,train
014636.jpg,302,418,1011.0,train
027549.jpg,120,166,1011.0,train
098417.jpg,281,389,1011.0,train
028211.jpg,252,349,1011.0,train
079057.jpg,634,878,1011.0,train
077432.jpg,390,540,1011.0,train
129903.jpg,172,238,1011.0,train
020455.jpg,341,472,1011.0,train
022130.jpg,231,320,1011.0,train
136603.jpg,315,436,1011.0,train
026581.jpg,564,781,1011.0,train
149289.jpg,104,144,5147.0,train
076919.jpg,302,418,5147.0,train
120752.jpg,120,166,5147.0,train
087242.jpg,377,522,5147.0,train
046001.jpg,187,259,5147.0,train
046985.jpg,364,504,5147.0,train
155704.jpg,81,112,5147.0,train
132806.jpg,101,140,5147.0,train
059351.jpg,83,115,5147.0,train
000548.jpg,143,198,5147.0,train
011150.jpg,221,306,5147.0,train
079516.jpg,91,126,5147.0,train
015650.jpg,101,140,5147.0,train
064790.jpg,107,148,5147.0,train
058069.jpg,107,148,5147.0,train
120216.jpg,83,115,5147.0,train
004684.jpg,109,151,5147.0,train
007139.jpg,117,162,5147.0,train
140578.jpg,148,205,5147.0,train
008871.jpg,151,209,5147.0,train
140511.jpg,148,205,6603.0,train
101310.jpg,244,338,6603.0,train
120507.jpg,190,263,6603.0,train
107179.jpg,237,328,6603.0,train
054790.jpg,140,194,6603.0,train
055072.jpg,216,299,6603.0,train
146549.jpg,203,281,6603.0,train
120808.jpg,354,490,6603.0,train
081807.jpg,198,274,6603.0,train
003535.jpg,244,338,6603.0,train
027233.jpg,452,626,6603.0,train
107169.jpg,88,122,6603.0,train
032214.jpg,218,302,6603.0,train
089885.jpg,343,475,6603.0,train
073412.jpg,148,205,6603.0,train
117993.jpg,159,220,6603.0,train
006853.jpg,200,277,6603.0,train
010168.jpg,260,360,6603.0,train
128323.jpg,312,432,6603.0,train
024728.jpg,242,335,6603.0,train
132832.jpg,148,205,9114.0,train
085511.jpg,208,288,9114.0,train
121281.jpg,169,234,9114.0,train
090585.jpg,180,155,9114.0,train
058769.jpg,333,461,9114.0,train
062221.jpg,216,299,9114.0,train
159025.jpg,231,320,9114.0,train
123847.jpg,257,356,9114.0,train
072450.jpg,166,230,9114.0,train
016601.jpg,151,209,9114.0,train
038019.jpg,135,187,9114.0,train
085855.jpg,234,324,9114.0,train
042682.jpg,190,263,9114.0,train
078969.jpg,146,202,9114.0,train
070315.jpg,153,212,9114.0,train
116902.jpg,151,209,9114.0,train
032675.jpg,127,176,9114.0,train
035399.jpg,133,184,9114.0,train
123856.jpg,192,266,9114.0,train
037116.jpg,195,270,9114.0,train
146280.jpg,148,205,9087.0,train
090893.jpg,88,122,9087.0,train
126244.jpg,99,124,9087.0,train
107529.jpg,101,140,9087.0,train
034490.jpg,91,126,9087.0,train
038907.jpg,229,317,9087.0,train
148807.jpg,187,259,9087.0,train
131759.jpg,166,230,9087.0,train
056702.jpg,320,443,9087.0,train
003311.jpg,346,479,9087.0,train
015044.jpg,1271,1760,9087.0,train
096410.jpg,205,284,9087.0,train
019204.jpg,213,295,9087.0,train
082001.jpg,463,641,9087.0,train
056180.jpg,289,400,9087.0,train
120257.jpg,816,1130,9087.0,train
009498.jpg,127,176,9087.0,train
013438.jpg,133,184,9087.0,train
135929.jpg,99,137,9087.0,train
014006.jpg,169,234,9087.0,train
152226.jpg,239,331,9084.0,train
091634.jpg,226,313,9084.0,train
134961.jpg,70,97,9084.0,train
117644.jpg,133,184,9084.0,train
055653.jpg,133,184,9084.0,train
060348.jpg,400,554,9084.0,train
153949.jpg,403,558,9084.0,train
140619.jpg,146,202,9084.0,train
085808.jpg,1139,1577,9084.0,train
000990.jpg,437,605,9084.0,train
037208.jpg,229,317,9084.0,train
111138.jpg,135,187,9084.0,train
037533.jpg,302,418,9084.0,train
086007.jpg,286,396,9084.0,train
077243.jpg,172,238,9084.0,train
134813.jpg,226,313,9084.0,train
004188.jpg,289,400,9084.0,train
025875.jpg,247,342,9084.0,train
144546.jpg,239,331,9084.0,train
027777.jpg,715,990,9084.0,train
156776.jpg,309,428,5176.0,train
082270.jpg,218,302,5176.0,train
128007.jpg,146,202,5176.0,train
084453.jpg,96,133,5176.0,train
058923.jpg,224,310,5176.0,train
059532.jpg,289,400,5176.0,train
157018.jpg,278,385,5176.0,train
128348.jpg,229,317,5176.0,train
065641.jpg,109,151,5176.0,train
000445.jpg,273,378,5176.0,train
036477.jpg,164,227,5176.0,train
083517.jpg,312,432,5176.0,train
041875.jpg,166,230,5176.0,train
067512.jpg,153,212,5176.0,train
064300.jpg,406,562,5176.0,train
124208.jpg,393,544,5176.0,train
005566.jpg,146,202,5176.0,train
007453.jpg,224,310,5176.0,train
131691.jpg,161,223,5176.0,train
036243.jpg,122,169,5176.0,train
152306.jpg,289,378,975.0,train
080402.jpg,413,534,975.0,train
125367.jpg,289,400,975.0,train
089186.jpg,229,317,975.0,train
054383.jpg,218,302,975.0,train
056178.jpg,195,243,975.0,train
157752.jpg,338,340,975.0,train
128933.jpg,190,263,975.0,train
070725.jpg,153,212,975.0,train
000344.jpg,307,346,975.0,train
037113.jpg,146,202,975.0,train
083409.jpg,153,212,975.0,train
039635.jpg,286,396,975.0,train
074610.jpg,286,396,975.0,train
059527.jpg,159,220,975.0,train
117103.jpg,962,1346,975.0,train
012914.jpg,117,162,975.0,train
022986.jpg,148,205,975.0,train
144023.jpg,406,562,975.0,train
030929.jpg,359,497,975.0,train
145572.jpg,156,216,6614.0,train
076935.jpg,101,140,6614.0,train
123096.jpg,88,122,6614.0,train
084339.jpg,107,148,6614.0,train
049303.jpg,190,263,6614.0,train
052748.jpg,179,248,6614.0,train
147897.jpg,83,115,6614.0,train
127594.jpg,156,216,6614.0,train
063185.jpg,200,277,6614.0,train
001658.jpg,1030,1426,6614.0,train
032592.jpg,130,180,6614.0,train
077645.jpg,341,472,6614.0,train
036208.jpg,122,169,6614.0,train
072204.jpg,146,202,6614.0,train
059406.jpg,156,216,6614.0,train
114194.jpg,224,310,6614.0,train
003377.jpg,146,202,6614.0,train
016068.jpg,99,137,6614.0,train
138868.jpg,133,184,6614.0,train
025235.jpg,109,151,6614.0,train
148510.jpg,94,130,2433.0,train
052772.jpg,208,288,2433.0,train
125189.jpg,551,763,2433.0,train
063191.jpg,317,439,2433.0,train
026883.jpg,195,270,2433.0,train
030708.jpg,198,274,2433.0,train
155975.jpg,582,806,2433.0,train
126034.jpg,185,256,2433.0,train
039865.jpg,88,122,2433.0,train
001251.jpg,252,349,2433.0,train
009736.jpg,192,266,2433.0,train
058595.jpg,364,504,2433.0,train
019996.jpg,130,180,2433.0,train
043810.jpg,159,220,2433.0,train
032878.jpg,213,295,2433.0,train
122935.jpg,255,353,2433.0,train
001945.jpg,572,792,2433.0,train
006018.jpg,99,137,2433.0,train
140050.jpg,107,148,2433.0,train
006168.jpg,455,630,2433.0,train
146852.jpg,177,245,2311.0,train
104480.jpg,117,162,2311.0,train
137278.jpg,335,464,2311.0,train
107969.jpg,406,562,2311.0,train
055033.jpg,226,313,2311.0,train
066823.jpg,229,317,2311.0,train
154380.jpg,99,137,2311.0,train
139157.jpg,125,173,2311.0,train
079782.jpg,387,536,2311.0,train
018739.jpg,211,292,2311.0,train
037755.jpg,439,608,2311.0,train
105246.jpg,161,223,2311.0,train
038542.jpg,237,328,2311.0,train
082915.jpg,127,176,2311.0,train
078268.jpg,117,162,2311.0,train
134977.jpg,221,306,2311.0,train
019170.jpg,364,504,2311.0,train
019789.jpg,237,328,2311.0,train
140395.jpg,237,328,2311.0,train
024581.jpg,265,367,2311.0,train
149082.jpg,237,328,2429.0,train
073967.jpg,146,202,2429.0,train
139896.jpg,216,299,2429.0,train
101112.jpg,224,310,2429.0,train
037187.jpg,177,245,2429.0,train
042485.jpg,146,202,2429.0,train
155438.jpg,151,209,2429.0,train
140741.jpg,242,335,2429.0,train
062862.jpg,135,187,2429.0,train
006320.jpg,161,223,2429.0,train
018697.jpg,182,252,2429.0,train
083323.jpg,99,137,2429.0,train
021434.jpg,91,126,2429.0,train
069707.jpg,239,331,2429.0,train
047815.jpg,81,112,2429.0,train
129487.jpg,138,191,2429.0,train
010610.jpg,169,234,2429.0,train
012094.jpg,234,324,2429.0,train
145430.jpg,200,277,2429.0,train
018133.jpg,130,180,2429.0,train
131762.jpg,221,306,9041.0,train
071527.jpg,299,414,9041.0,train
107018.jpg,125,173,9041.0,train
082903.jpg,133,184,9041.0,train
039906.jpg,234,324,9041.0,train
046019.jpg,229,317,9041.0,train
132558.jpg,476,659,9041.0,train
110800.jpg,226,313,9041.0,train
062175.jpg,213,295,9041.0,train
006815.jpg,289,400,9041.0,train
023705.jpg,182,239,9041.0,train
076266.jpg,120,166,9041.0,train
033319.jpg,166,230,9041.0,train
063646.jpg,341,472,9041.0,train
058416.jpg,304,421,9041.0,train
106654.jpg,203,281,9041.0,train
006892.jpg,153,212,9041.0,train
010752.jpg,569,788,9041.0,train
118845.jpg,330,457,9041.0,train
019004.jpg,335,464,9041.0,train
156620.jpg,125,173,2425.0,train
058842.jpg,140,194,2425.0,train
124578.jpg,174,241,2425.0,train
078792.jpg,138,191,2425.0,train
029036.jpg,161,223,2425.0,train
030030.jpg,255,353,2425.0,train
158173.jpg,257,356,2425.0,train
124693.jpg,200,277,2425.0,train
047925.jpg,156,216,2425.0,train
001693.jpg,296,410,2425.0,train
018811.jpg,151,209,2425.0,train
073468.jpg,182,252,2425.0,train
025202.jpg,130,180,2425.0,train
051270.jpg,151,209,2425.0,train
045174.jpg,338,468,2425.0,train
115745.jpg,244,338,2425.0,train
002859.jpg,263,364,2425.0,train
015244.jpg,127,176,2425.0,train
131858.jpg,400,554,2425.0,train
016389.jpg,335,464,2425.0,train
145900.jpg,218,302,992.0,train
104839.jpg,203,281,992.0,train
133659.jpg,135,187,992.0,train
114353.jpg,99,137,992.0,train
051011.jpg,200,277,992.0,train
063511.jpg,268,371,992.0,train
150978.jpg,99,137,992.0,train
135087.jpg,263,364,992.0,train
081342.jpg,135,187,992.0,train
001332.jpg,380,526,992.0,train
023878.jpg,182,252,992.0,train
114254.jpg,231,320,992.0,train
032571.jpg,161,223,992.0,train
095482.jpg,247,342,992.0,train
079476.jpg,341,472,992.0,train
133409.jpg,250,346,992.0,train
011463.jpg,1123,1555,992.0,train
014565.jpg,120,166,992.0,train
136651.jpg,302,418,992.0,train
015109.jpg,244,338,992.0,train
143430.jpg,156,216,9028.0,train
088497.jpg,112,155,9028.0,train
132224.jpg,211,292,9028.0,train
090439.jpg,242,335,9028.0,train
057608.jpg,146,202,9028.0,train
061818.jpg,429,594,9028.0,train
145335.jpg,335,464,9028.0,train
139771.jpg,304,421,9028.0,train
076414.jpg,231,320,9028.0,train
000809.jpg,588,814,9028.0,train
036853.jpg,351,486,9028.0,train
089074.jpg,1027,1422,9028.0,train
041177.jpg,135,187,9028.0,train
078504.jpg,99,137,9028.0,train
074598.jpg,148,205,9028.0,train
123602.jpg,273,378,9028.0,train
024870.jpg,874,1210,9028.0,train
025279.jpg,146,202,9028.0,train
141098.jpg,133,184,9028.0,train
026949.jpg,237,328,9028.0,train
149772.jpg,299,414,5151.0,train
101596.jpg,244,338,5151.0,train
135684.jpg,130,180,5151.0,train
109094.jpg,127,176,5151.0,train
065293.jpg,684,947,5151.0,train
065573.jpg,458,634,5151.0,train
151807.jpg,104,144,5151.0,train
138149.jpg,195,270,5151.0,train
078924.jpg,322,446,5151.0,train
000140.jpg,187,259,5151.0,train
053913.jpg,229,317,5151.0,train
107350.jpg,135,187,5151.0,train
053928.jpg,114,158,5151.0,train
082827.jpg,169,234,5151.0,train
076031.jpg,94,130,5151.0,train
133314.jpg,172,238,5151.0,train
007789.jpg,156,216,5151.0,train
020313.jpg,510,706,5151.0,train
141326.jpg,231,320,5151.0,train
050502.jpg,114,158,5151.0,train
155285.jpg,187,259,4448.0,train
089811.jpg,299,402,4448.0,train
137710.jpg,354,490,4448.0,train
100125.jpg,146,202,4448.0,train
042689.jpg,354,490,4448.0,train
055119.jpg,153,212,4448.0,train
155513.jpg,164,227,4448.0,train
144659.jpg,164,227,4448.0,train
086158.jpg,616,853,4448.0,train
003183.jpg,390,540,4448.0,train
019779.jpg,276,382,4448.0,train
096611.jpg,361,500,4448.0,train
028171.jpg,143,198,4448.0,train
088200.jpg,299,414,4448.0,train
082808.jpg,99,137,4448.0,train
135559.jpg,198,274,4448.0,train
008812.jpg,226,313,4448.0,train
015718.jpg,242,335,4448.0,train
146016.jpg,338,468,4448.0,train
017047.jpg,200,277,4448.0,train
150714.jpg,179,248,1088.0,train
100649.jpg,281,389,1088.0,train
131489.jpg,515,713,1088.0,train
113977.jpg,211,292,1088.0,train
053314.jpg,250,346,1088.0,train
060399.jpg,421,583,1088.0,train
151577.jpg,874,1210,1088.0,train
139499.jpg,226,313,1088.0,train
083989.jpg,598,828,1088.0,train
005707.jpg,156,216,1088.0,train
020502.jpg,198,274,1088.0,train
103782.jpg,218,302,1088.0,train
032421.jpg,226,313,1088.0,train
089194.jpg,356,493,1088.0,train
070648.jpg,125,173,1088.0,train
128611.jpg,413,572,1088.0,train
007325.jpg,270,374,1088.0,train
010409.jpg,195,270,1088.0,train
142475.jpg,169,234,1088.0,train
013408.jpg,270,374,1088.0,train
148158.jpg,185,256,2461.0,train
074896.jpg,296,410,2461.0,train
125536.jpg,1270,2092,2461.0,train
086899.jpg,556,770,2461.0,train
032997.jpg,237,328,2461.0,train
035438.jpg,289,400,2461.0,train
160476.jpg,172,238,2461.0,train
128775.jpg,203,281,2461.0,train
048581.jpg,174,241,2461.0,train
000857.jpg,255,353,2461.0,train
014875.jpg,179,248,2461.0,train
083960.jpg,146,202,2461.0,train
017767.jpg,133,184,2461.0,train
070042.jpg,91,126,2461.0,train
035876.jpg,257,356,2461.0,train
111616.jpg,138,191,2461.0,train
000996.jpg,81,112,2461.0,train
002531.jpg,122,169,2461.0,train
133031.jpg,265,367,2461.0,train
014472.jpg,200,277,2461.0,train
148074.jpg,564,781,8127.0,train
090646.jpg,203,281,8127.0,train
135905.jpg,127,176,8127.0,train
109503.jpg,169,234,8127.0,train
054442.jpg,185,256,8127.0,train
054769.jpg,1323,1832,8127.0,train
148757.jpg,221,306,8127.0,train
139297.jpg,190,263,8127.0,train
080047.jpg,780,1080,8127.0,train
004931.jpg,224,310,8127.0,train
041485.jpg,107,148,8127.0,train
099153.jpg,122,169,8127.0,train
045454.jpg,114,158,8127.0,train
083771.jpg,226,313,8127.0,train
065712.jpg,161,223,8127.0,train
126404.jpg,252,349,8127.0,train
007580.jpg,104,144,8127.0,train
033541.jpg,185,256,8127.0,train
142006.jpg,213,295,8127.0,train
036592.jpg,382,529,8127.0,train
124642.jpg,172,238,2242.0,train
076486.jpg,153,212,2242.0,train
098172.jpg,1048,1451,2242.0,train
082606.jpg,874,1210,2242.0,train
034080.jpg,159,220,2242.0,train
043229.jpg,156,216,2242.0,train
128830.jpg,450,623,2242.0,train
108397.jpg,289,400,2242.0,train
059036.jpg,166,230,2242.0,train
001011.jpg,855,1184,2242.0,train
016654.jpg,377,522,2242.0,train
081266.jpg,252,349,2242.0,train
026709.jpg,200,277,2242.0,train
065601.jpg,502,695,2242.0,train
050540.jpg,112,155,2242.0,train
092819.jpg,174,241,2242.0,train
011638.jpg,343,475,2242.0,train
011704.jpg,229,317,2242.0,train
121602.jpg,393,544,2242.0,train
015761.jpg,153,212,2242.0,train
156954.jpg,640,886,6546.0,train
113552.jpg,218,302,6546.0,train
141117.jpg,387,502,6546.0,train
116812.jpg,198,274,6546.0,train
067623.jpg,309,428,6546.0,train
082824.jpg,166,230,6546.0,train
158825.jpg,213,295,6546.0,train
146506.jpg,218,302,6546.0,train
098090.jpg,198,274,6546.0,train
000622.jpg,281,389,6546.0,train
021643.jpg,205,284,6546.0,train
113680.jpg,239,331,6546.0,train
023273.jpg,203,281,6546.0,train
102176.jpg,567,785,6546.0,train
090917.jpg,234,324,6546.0,train
140019.jpg,216,299,6546.0,train
000723.jpg,395,547,6546.0,train
000913.jpg,224,310,6546.0,train
152910.jpg,556,770,6546.0,train
016262.jpg,211,292,6546.0,train
139931.jpg,125,173,2235.0,train
063836.jpg,1334,1847,2235.0,train
109873.jpg,257,356,2235.0,train
070900.jpg,101,140,2235.0,train
014709.jpg,107,148,2235.0,train
015991.jpg,122,169,2235.0,train
147023.jpg,224,310,2235.0,train
109889.jpg,192,266,2235.0,train
019408.jpg,286,396,2235.0,train
001359.jpg,120,166,2235.0,train
004256.jpg,99,137,2235.0,train
063938.jpg,140,194,2235.0,train
004520.jpg,876,1213,2235.0,train
028919.jpg,164,227,2235.0,train
017455.jpg,88,122,2235.0,train
107935.jpg,156,216,2235.0,train
001494.jpg,242,335,2235.0,train
002285.jpg,138,191,2235.0,train
110937.jpg,1256,1739,2235.0,train
002952.jpg,127,176,2235.0,train
143286.jpg,125,173,8926.0,train
086448.jpg,382,529,8926.0,train
112126.jpg,133,184,8926.0,train
090523.jpg,166,230,8926.0,train
050968.jpg,169,234,8926.0,train
064472.jpg,491,680,8926.0,train
144656.jpg,255,353,8926.0,train
114287.jpg,143,198,8926.0,train
076426.jpg,283,392,8926.0,train
003112.jpg,182,252,8926.0,train
032596.jpg,257,356,8926.0,train
086790.jpg,278,385,8926.0,train
042588.jpg,107,148,8926.0,train
079555.jpg,174,241,8926.0,train
076378.jpg,265,367,8926.0,train
111925.jpg,307,425,8926.0,train
017591.jpg,369,511,8926.0,train
019006.jpg,242,335,8926.0,train
129349.jpg,239,331,8926.0,train
028248.jpg,338,468,8926.0,train
143346.jpg,307,367,8916.0,train
074420.jpg,127,176,8916.0,train
120390.jpg,218,302,8916.0,train
078569.jpg,226,313,8916.0,train
044050.jpg,260,360,8916.0,train
045674.jpg,205,284,8916.0,train
150260.jpg,122,169,8916.0,train
123740.jpg,239,331,8916.0,train
065461.jpg,858,1188,8916.0,train
000475.jpg,190,263,8916.0,train
024123.jpg,138,191,8916.0,train
078207.jpg,94,130,8916.0,train
025935.jpg,146,202,8916.0,train
066273.jpg,140,194,8916.0,train
054450.jpg,125,173,8916.0,train
116341.jpg,146,202,8916.0,train
006148.jpg,218,302,8916.0,train
016337.jpg,86,119,8916.0,train
136207.jpg,86,119,8916.0,train
016409.jpg,161,223,8916.0,train
152081.jpg,263,364,6502.0,train
105402.jpg,198,274,6502.0,train
126344.jpg,203,281,6502.0,train
113424.jpg,205,284,6502.0,train
070817.jpg,174,241,6502.0,train
076753.jpg,122,169,6502.0,train
160041.jpg,148,205,6502.0,train
131579.jpg,205,284,6502.0,train
093822.jpg,229,317,6502.0,train
011915.jpg,135,187,6502.0,train
048688.jpg,179,248,6502.0,train
105924.jpg,148,205,6502.0,train
049317.jpg,179,248,6502.0,train
093955.jpg,231,320,6502.0,train
088276.jpg,169,234,6502.0,train
126019.jpg,216,299,6502.0,train
040180.jpg,842,1166,6502.0,train
042247.jpg,757,1048,6502.0,train
139466.jpg,161,223,6502.0,train
048387.jpg,286,396,6502.0,train
155093.jpg,998,1382,4527.0,train
056086.jpg,395,504,4527.0,train
140388.jpg,117,162,4527.0,train
081433.jpg,884,1224,4527.0,train
029147.jpg,439,608,4527.0,train
031755.jpg,242,335,4527.0,train
156842.jpg,187,259,4527.0,train
141245.jpg,133,184,4527.0,train
038568.jpg,101,140,4527.0,train
003133.jpg,143,198,4527.0,train
008592.jpg,208,288,4527.0,train
063001.jpg,260,360,4527.0,train
009163.jpg,200,277,4527.0,train
041696.jpg,764,1058,4527.0,train
035448.jpg,182,252,4527.0,train
132654.jpg,166,230,4527.0,train
003238.jpg,237,328,4527.0,train
006019.jpg,244,338,4527.0,train
144024.jpg,497,688,4527.0,train
007156.jpg,338,468,4527.0,train
148056.jpg,148,205,8910.0,train
069273.jpg,94,130,8910.0,train
104095.jpg,174,241,8910.0,train
074760.jpg,133,184,8910.0,train
030852.jpg,221,306,8910.0,train
036050.jpg,174,241,8910.0,train
148618.jpg,114,158,8910.0,train
110639.jpg,104,144,8910.0,train
047183.jpg,114,158,8910.0,train
002263.jpg,127,176,8910.0,train
017838.jpg,159,220,8910.0,train
070300.jpg,179,248,8910.0,train
019995.jpg,114,158,8910.0,train
049218.jpg,86,119,8910.0,train
040183.jpg,172,238,8910.0,train
103542.jpg,224,310,8910.0,train
005190.jpg,101,140,8910.0,train
011486.jpg,211,292,8910.0,train
145551.jpg,166,230,8910.0,train
012096.jpg,140,194,8910.0,train
148604.jpg,140,194,5086.0,train
111065.jpg,114,158,5086.0,train
129958.jpg,151,209,5086.0,train
115446.jpg,107,148,5086.0,train
075643.jpg,135,187,5086.0,train
077299.jpg,78,108,5086.0,train
150368.jpg,286,396,5086.0,train
131685.jpg,135,187,5086.0,train
092215.jpg,104,144,5086.0,train
001098.jpg,309,428,5086.0,train
049774.jpg,140,194,5086.0,train
113577.jpg,182,252,5086.0,train
052737.jpg,78,108,5086.0,train
094441.jpg,122,169,5086.0,train
089116.jpg,146,202,5086.0,train
129059.jpg,211,292,5086.0,train
015402.jpg,101,140,5086.0,train
030262.jpg,221,306,5086.0,train
137071.jpg,286,396,5086.0,train
033601.jpg,112,155,5086.0,train
159422.jpg,302,418,6492.0,train
086901.jpg,429,570,6492.0,train
144175.jpg,346,479,6492.0,train
102595.jpg,169,234,6492.0,train
036178.jpg,117,162,6492.0,train
043137.jpg,244,338,6492.0,train
160288.jpg,140,194,6492.0,train
144823.jpg,151,209,6492.0,train
071347.jpg,127,176,6492.0,train
001217.jpg,130,180,6492.0,train
016309.jpg,153,212,6492.0,train
091091.jpg,205,284,6492.0,train
018919.jpg,234,324,6492.0,train
083004.jpg,182,252,6492.0,train
064574.jpg,94,130,6492.0,train
133413.jpg,226,313,6492.0,train
010206.jpg,307,425,6492.0,train
010723.jpg,203,281,6492.0,train
145603.jpg,213,295,6492.0,train
013771.jpg,294,407,6492.0,train
142956.jpg,247,342,6165.0,train
090524.jpg,569,788,6165.0,train
126968.jpg,205,284,6165.0,train
096302.jpg,73,101,6165.0,train
071657.jpg,359,497,6165.0,train
075276.jpg,174,241,6165.0,train
153852.jpg,322,446,6165.0,train
130846.jpg,156,216,6165.0,train
078981.jpg,133,184,6165.0,train
002071.jpg,354,490,6165.0,train
027324.jpg,143,198,6165.0,train
091986.jpg,221,306,6165.0,train
033706.jpg,135,187,6165.0,train
079636.jpg,322,446,6165.0,train
077629.jpg,315,436,6165.0,train
121357.jpg,166,230,6165.0,train
008485.jpg,320,443,6165.0,train
018174.jpg,88,122,6165.0,train
131131.jpg,81,112,6165.0,train
024572.jpg,112,155,6165.0,train
143849.jpg,725,1004,4532.0,train
057534.jpg,634,878,4532.0,train
109878.jpg,117,162,4532.0,train
092816.jpg,983,1361,4532.0,train
035703.jpg,554,767,4532.0,train
043993.jpg,1160,1606,4532.0,train
153653.jpg,304,421,4532.0,train
124189.jpg,725,1004,4532.0,train
050827.jpg,380,526,4532.0,train
001020.jpg,291,403,4532.0,train
015913.jpg,312,432,4532.0,train
070364.jpg,289,400,4532.0,train
022439.jpg,260,360,4532.0,train
054983.jpg,1089,1420,4532.0,train
047345.jpg,707,979,4532.0,train
109819.jpg,169,234,4532.0,train
004355.jpg,1079,1494,4532.0,train
010226.jpg,224,310,4532.0,train
137248.jpg,182,252,4532.0,train
015505.jpg,468,648,4532.0,train
144454.jpg,172,238,6166.0,train
083623.jpg,218,302,6166.0,train
134758.jpg,182,252,6166.0,train
093641.jpg,333,461,6166.0,train
039853.jpg,200,277,6166.0,train
045223.jpg,359,497,6166.0,train
155996.jpg,138,191,6166.0,train
139953.jpg,161,223,6166.0,train
067034.jpg,546,756,6166.0,train
006403.jpg,655,907,6166.0,train
022687.jpg,689,954,6166.0,train
086453.jpg,650,900,6166.0,train
027864.jpg,151,209,6166.0,train
073343.jpg,283,392,6166.0,train
049685.jpg,125,173,6166.0,train
133459.jpg,403,558,6166.0,train
007744.jpg,390,540,6166.0,train
007840.jpg,567,785,6166.0,train
140409.jpg,133,184,6166.0,train
014682.jpg,172,238,6166.0,train
158709.jpg,265,367,4543.0,train
116003.jpg,203,281,4543.0,train
132985.jpg,107,151,4543.0,train
120232.jpg,179,248,4543.0,train
084033.jpg,1412,1955,4543.0,train
087743.jpg,957,1325,4543.0,train
160040.jpg,153,212,4543.0,train
137654.jpg,91,126,4543.0,train
097359.jpg,125,173,4543.0,train
001150.jpg,117,162,4543.0,train
020428.jpg,887,1228,4543.0,train
117046.jpg,104,144,4543.0,train
047028.jpg,203,281,4543.0,train
105640.jpg,1422,1969,4543.0,train
091992.jpg,455,630,4543.0,train
131039.jpg,101,140,4543.0,train
001966.jpg,153,212,4543.0,train
011610.jpg,88,122,4543.0,train
146687.jpg,164,227,4543.0,train
019402.jpg,138,191,4543.0,train
157562.jpg,120,166,2160.0,train
071239.jpg,268,371,2160.0,train
108773.jpg,200,277,2160.0,train
079687.jpg,213,295,2160.0,train
048524.jpg,234,324,2160.0,train
050498.jpg,172,238,2160.0,train
158103.jpg,192,266,2160.0,train
120624.jpg,143,198,2160.0,train
062593.jpg,250,346,2160.0,train
002468.jpg,296,410,2160.0,train
036099.jpg,153,212,2160.0,train
075633.jpg,127,176,2160.0,train
044262.jpg,216,299,2160.0,train
069875.jpg,182,252,2160.0,train
056393.jpg,104,144,2160.0,train
097465.jpg,143,198,2160.0,train
015370.jpg,198,274,2160.0,train
016703.jpg,237,328,2160.0,train
131421.jpg,195,270,2160.0,train
016792.jpg,153,212,2160.0,train
131895.jpg,151,209,2243.0,train
061973.jpg,247,342,2243.0,train
098890.jpg,198,274,2243.0,train
067361.jpg,179,248,2243.0,train
030366.jpg,164,227,2243.0,train
032373.jpg,86,119,2243.0,train
133250.jpg,96,133,2243.0,train
110380.jpg,151,209,2243.0,train
046273.jpg,151,209,2243.0,train
003248.jpg,73,101,2243.0,train
024081.jpg,159,220,2243.0,train
066646.jpg,278,385,2243.0,train
024641.jpg,268,371,2243.0,train
056324.jpg,182,252,2243.0,train
044222.jpg,237,328,2243.0,train
097936.jpg,78,108,2243.0,train
003869.jpg,94,130,2243.0,train
004686.jpg,112,155,2243.0,train
113940.jpg,125,173,2243.0,train
009476.jpg,101,140,2243.0,train
150632.jpg,242,335,8932.0,train
085609.jpg,122,169,8932.0,train
136567.jpg,224,310,8932.0,train
090582.jpg,567,785,8932.0,train
043687.jpg,260,360,8932.0,train
046918.jpg,143,198,8932.0,train
155586.jpg,94,130,8932.0,train
137361.jpg,107,148,8932.0,train
073992.jpg,411,569,8932.0,train
001397.jpg,159,220,8932.0,train
030846.jpg,419,580,8932.0,train
089494.jpg,335,464,8932.0,train
037280.jpg,125,173,8932.0,train
079729.jpg,164,227,8932.0,train
063149.jpg,198,274,8932.0,train
130203.jpg,348,482,8932.0,train
005719.jpg,200,277,8932.0,train
017848.jpg,182,252,8932.0,train
140400.jpg,164,227,8932.0,train
029517.jpg,239,331,8932.0,train
152292.jpg,166,230,2249.0,train
062026.jpg,166,230,2249.0,train
113776.jpg,260,360,2249.0,train
078212.jpg,211,292,2249.0,train
031898.jpg,109,151,2249.0,train
036089.jpg,88,122,2249.0,train
158149.jpg,99,137,2249.0,train
143804.jpg,203,281,2249.0,train
047249.jpg,135,187,2249.0,train
000303.jpg,166,230,2249.0,train
016152.jpg,78,108,2249.0,train
068513.jpg,169,234,2249.0,train
024074.jpg,224,310,2249.0,train
051065.jpg,143,198,2249.0,train
042714.jpg,161,223,2249.0,train
105110.jpg,133,184,2249.0,train
008601.jpg,406,562,2249.0,train
011973.jpg,203,281,2249.0,train
146814.jpg,83,115,2249.0,train
013741.jpg,88,122,2249.0,train
142344.jpg,250,346,6556.0,train
087227.jpg,247,342,6556.0,train
106790.jpg,291,403,6556.0,train
089755.jpg,221,306,6556.0,train
041437.jpg,361,500,6556.0,train
042788.jpg,510,706,6556.0,train
146190.jpg,270,374,6556.0,train
112061.jpg,218,302,6556.0,train
067380.jpg,640,886,6556.0,train
004386.jpg,1027,1422,6556.0,train
016508.jpg,304,421,6556.0,train
089347.jpg,263,364,6556.0,train
021219.jpg,429,594,6556.0,train
068335.jpg,234,324,6556.0,train
052550.jpg,203,281,6556.0,train
103194.jpg,221,306,6556.0,train
010404.jpg,250,346,6556.0,train
014052.jpg,905,1253,6556.0,train
117673.jpg,590,817,6556.0,train
015173.jpg,957,1325,6556.0,train
151286.jpg,211,292,1103.0,train
084745.jpg,156,208,1103.0,train
123913.jpg,109,151,1103.0,train
085852.jpg,138,191,1103.0,train
056936.jpg,218,302,1103.0,train
060908.jpg,107,148,1103.0,train
152817.jpg,135,187,1103.0,train
125170.jpg,94,130,1103.0,train
073990.jpg,143,198,1103.0,train
007586.jpg,289,380,1103.0,train
021300.jpg,229,317,1103.0,train
085202.jpg,221,306,1103.0,train
023274.jpg,117,162,1103.0,train
081776.jpg,109,151,1103.0,train
068245.jpg,234,324,1103.0,train
121654.jpg,177,245,1103.0,train
010937.jpg,208,288,1103.0,train
012594.jpg,205,284,1103.0,train
138756.jpg,291,403,1103.0,train
017384.jpg,187,259,1103.0,train
158736.jpg,237,328,6562.0,train
082530.jpg,198,274,6562.0,train
145148.jpg,104,144,6562.0,train
091840.jpg,208,288,6562.0,train
048037.jpg,283,392,6562.0,train
051957.jpg,320,443,6562.0,train
158751.jpg,151,209,6562.0,train
147252.jpg,239,331,6562.0,train
069362.jpg,367,508,6562.0,train
001988.jpg,192,266,6562.0,train
020298.jpg,364,504,6562.0,train
084551.jpg,216,299,6562.0,train
021769.jpg,125,173,6562.0,train
070599.jpg,283,392,6562.0,train
061812.jpg,143,198,6562.0,train
142042.jpg,247,342,6562.0,train
005416.jpg,198,254,6562.0,train
009596.jpg,133,184,6562.0,train
152952.jpg,101,140,6562.0,train
011116.jpg,104,144,6562.0,train
147474.jpg,247,342,5127.0,train
088722.jpg,666,922,5127.0,train
124306.jpg,216,299,5127.0,train
107368.jpg,393,544,5127.0,train
046024.jpg,447,619,5127.0,train
048242.jpg,333,461,5127.0,train
150671.jpg,296,410,5127.0,train
133811.jpg,434,601,5127.0,train
068806.jpg,741,1007,5127.0,train
000085.jpg,603,835,5127.0,train
018627.jpg,1061,1469,5127.0,train
102683.jpg,294,407,5127.0,train
022861.jpg,265,367,5127.0,train
070899.jpg,281,389,5127.0,train
059746.jpg,200,277,5127.0,train
122607.jpg,341,472,5127.0,train
000387.jpg,101,140,5127.0,train
004329.jpg,998,1382,5127.0,train
145253.jpg,541,749,5127.0,train
012588.jpg,499,691,5127.0,train
145944.jpg,255,353,2263.0,train
074637.jpg,398,551,2263.0,train
115199.jpg,190,263,2263.0,train
083390.jpg,273,378,2263.0,train
033667.jpg,338,468,2263.0,train
034001.jpg,325,450,2263.0,train
150934.jpg,107,148,2263.0,train
124235.jpg,315,436,2263.0,train
055541.jpg,218,302,2263.0,train
001734.jpg,240,260,2263.0,train
017220.jpg,218,302,2263.0,train
079086.jpg,200,277,2263.0,train
022324.jpg,757,1048,2263.0,train
055741.jpg,211,292,2263.0,train
052114.jpg,489,677,2263.0,train
103273.jpg,244,338,2263.0,train
002110.jpg,458,634,2263.0,train
009376.jpg,224,310,2263.0,train
125870.jpg,424,587,2263.0,train
011609.jpg,208,288,2263.0,train
132328.jpg,213,295,6558.0,train
085619.jpg,289,400,6558.0,train
120239.jpg,190,263,6558.0,train
094901.jpg,341,472,6558.0,train
047127.jpg,242,335,6558.0,train
053757.jpg,260,360,6558.0,train
133941.jpg,166,230,6558.0,train
124027.jpg,174,241,6558.0,train
068032.jpg,96,133,6558.0,train
003679.jpg,135,187,6558.0,train
018899.jpg,255,353,6558.0,train
088370.jpg,114,158,6558.0,train
026502.jpg,270,374,6558.0,train
073629.jpg,250,346,6558.0,train
063160.jpg,234,324,6558.0,train
116583.jpg,179,248,6558.0,train
007126.jpg,109,151,6558.0,train
007525.jpg,260,360,6558.0,train
125219.jpg,229,317,6558.0,train
017667.jpg,172,238,6558.0,train
140479.jpg,239,331,8947.0,train
074899.jpg,156,216,8947.0,train
117188.jpg,203,281,8947.0,train
084833.jpg,182,252,8947.0,train
050333.jpg,88,122,8947.0,train
050833.jpg,174,241,8947.0,train
153477.jpg,263,364,8947.0,train
120196.jpg,351,486,8947.0,train
069501.jpg,221,306,8947.0,train
001054.jpg,450,551,8947.0,train
026686.jpg,96,133,8947.0,train
080222.jpg,291,403,8947.0,train
031279.jpg,120,166,8947.0,train
071927.jpg,367,508,8947.0,train
063689.jpg,120,166,8947.0,train
111534.jpg,372,515,8947.0,train
015227.jpg,187,259,8947.0,train
026022.jpg,320,443,8947.0,train
127417.jpg,174,241,8947.0,train
026488.jpg,512,709,8947.0,train
140995.jpg,216,299,8944.0,train
100434.jpg,309,428,8944.0,train
130520.jpg,296,410,8944.0,train
105216.jpg,224,310,8944.0,train
069681.jpg,382,529,8944.0,train
074404.jpg,156,216,8944.0,train
148407.jpg,169,234,8944.0,train
134040.jpg,356,493,8944.0,train
090178.jpg,229,317,8944.0,train
008087.jpg,239,331,8944.0,train
040194.jpg,169,234,8944.0,train
104384.jpg,390,540,8944.0,train
040498.jpg,151,209,8944.0,train
092017.jpg,208,288,8944.0,train
089593.jpg,289,400,8944.0,train
128571.jpg,265,367,8944.0,train
020916.jpg,291,403,8944.0,train
033305.jpg,312,432,8944.0,train
140129.jpg,117,162,8944.0,train
033660.jpg,182,252,8944.0,train
154914.jpg,608,842,2250.0,train
077028.jpg,114,158,2250.0,train
123570.jpg,125,173,2250.0,train
086196.jpg,270,374,2250.0,train
064407.jpg,120,166,2250.0,train
067893.jpg,78,108,2250.0,train
158175.jpg,179,248,2250.0,train
128434.jpg,174,241,2250.0,train
073072.jpg,967,1339,2250.0,train
000849.jpg,562,778,2250.0,train
038182.jpg,341,472,2250.0,train
079105.jpg,172,238,2250.0,train
039536.jpg,140,194,2250.0,train
073999.jpg,130,180,2250.0,train
070706.jpg,177,245,2250.0,train
117980.jpg,234,324,2250.0,train
014261.jpg,198,274,2250.0,train
030634.jpg,276,382,2250.0,train
142527.jpg,177,245,2250.0,train
032677.jpg,252,349,2250.0,train
133993.jpg,489,677,1128.0,train
087429.jpg,330,457,1128.0,train
114844.jpg,120,166,1128.0,train
092342.jpg,247,342,1128.0,train
047067.jpg,226,313,1128.0,train
057492.jpg,169,234,1128.0,train
139598.jpg,520,720,1128.0,train
119040.jpg,104,144,1128.0,train
077285.jpg,738,1022,1128.0,train
004645.jpg,715,990,1128.0,train
023654.jpg,780,1080,1128.0,train
087804.jpg,408,565,1128.0,train
024886.jpg,663,918,1128.0,train
083313.jpg,564,781,1128.0,train
076022.jpg,666,922,1128.0,train
109533.jpg,515,713,1128.0,train
005586.jpg,892,1235,1128.0,train
010688.jpg,416,576,1128.0,train
123267.jpg,122,169,1128.0,train
018153.jpg,354,490,1128.0,train
148627.jpg,320,443,1137.0,train
083378.jpg,325,450,1137.0,train
127180.jpg,161,223,1137.0,train
103167.jpg,476,659,1137.0,train
038666.jpg,185,256,1137.0,train
039564.jpg,273,378,1137.0,train
150527.jpg,346,479,1137.0,train
140616.jpg,811,1123,1137.0,train
060851.jpg,252,349,1137.0,train
000890.jpg,296,410,1137.0,train
028130.jpg,481,666,1137.0,train
096843.jpg,296,410,1137.0,train
029075.jpg,151,209,1137.0,train
071248.jpg,289,400,1137.0,train
054172.jpg,252,349,1137.0,train
127103.jpg,608,842,1137.0,train
004697.jpg,125,173,1137.0,train
012822.jpg,733,1015,1137.0,train
141891.jpg,114,158,1137.0,train
021890.jpg,915,1267,1137.0,train
130797.jpg,151,209,4473.0,train
090020.jpg,146,202,4473.0,train
108102.jpg,151,209,4473.0,train
093889.jpg,52,72,4473.0,train
057202.jpg,88,122,4473.0,train
063023.jpg,133,184,4473.0,train
146339.jpg,140,194,4473.0,train
120217.jpg,133,184,4473.0,train
074369.jpg,179,248,4473.0,train
006153.jpg,179,248,4473.0,train
026366.jpg,60,83,4473.0,train
093619.jpg,299,414,4473.0,train
031172.jpg,192,266,4473.0,train
084891.jpg,200,277,4473.0,train
069201.jpg,179,248,4473.0,train
107435.jpg,182,252,4473.0,train
006364.jpg,151,209,4473.0,train
006390.jpg,195,270,4473.0,train
122125.jpg,247,342,4473.0,train
018320.jpg,135,187,4473.0,train
153738.jpg,166,230,2253.0,train
079797.jpg,504,698,2253.0,train
111631.jpg,494,684,2253.0,train
085043.jpg,237,328,2253.0,train
044465.jpg,187,259,2253.0,train
057258.jpg,107,148,2253.0,train
154478.jpg,182,252,2253.0,train
118369.jpg,153,212,2253.0,train
064067.jpg,156,216,2253.0,train
002420.jpg,247,342,2253.0,train
031102.jpg,289,400,2253.0,train
083055.jpg,255,353,2253.0,train
033535.jpg,325,450,2253.0,train
074970.jpg,211,292,2253.0,train
062861.jpg,398,551,2253.0,train
110768.jpg,338,468,2253.0,train
002919.jpg,174,241,2253.0,train
012878.jpg,390,540,2253.0,train
123423.jpg,153,212,2253.0,train
023121.jpg,86,119,2253.0,train
152271.jpg,138,191,5122.0,train
072695.jpg,159,220,5122.0,train
132251.jpg,257,356,5122.0,train
082833.jpg,296,410,5122.0,train
026775.jpg,237,328,5122.0,train
028528.jpg,224,310,5122.0,train
156821.jpg,242,335,5122.0,train
135486.jpg,385,533,5122.0,train
052227.jpg,153,212,5122.0,train
001155.jpg,408,565,5122.0,train
017050.jpg,312,432,5122.0,train
078197.jpg,148,205,5122.0,train
018609.jpg,99,137,5122.0,train
066960.jpg,161,223,5122.0,train
052021.jpg,143,198,5122.0,train
124325.jpg,130,180,5122.0,train
002133.jpg,135,187,5122.0,train
009867.jpg,161,223,5122.0,train
136314.jpg,172,238,5122.0,train
010086.jpg,255,353,5122.0,train
143932.jpg,125,173,5120.0,train
083917.jpg,107,148,5120.0,train
127135.jpg,75,104,5120.0,train
091216.jpg,125,173,5120.0,train
034235.jpg,127,176,5120.0,train
053194.jpg,94,130,5120.0,train
150610.jpg,75,104,5120.0,train
139095.jpg,107,148,5120.0,train
074564.jpg,94,130,5120.0,train
008097.jpg,140,194,5120.0,train
016139.jpg,120,166,5120.0,train
086310.jpg,169,234,5120.0,train
017928.jpg,78,108,5120.0,train
074636.jpg,195,270,5120.0,train
070984.jpg,114,158,5120.0,train
124440.jpg,153,212,5120.0,train
008713.jpg,146,202,5120.0,train
011213.jpg,83,115,5120.0,train
142653.jpg,117,162,5120.0,train
011716.jpg,166,230,5120.0,train
150377.jpg,70,97,2445.0,train
101700.jpg,559,774,2445.0,train
132046.jpg,1251,1732,2445.0,train
107722.jpg,135,187,2445.0,train
077168.jpg,127,176,2445.0,train
078931.jpg,637,882,2445.0,train
154419.jpg,88,122,2445.0,train
133577.jpg,216,299,2445.0,train
099101.jpg,101,140,2445.0,train
003179.jpg,161,223,2445.0,train
027282.jpg,250,346,2445.0,train
106641.jpg,127,176,2445.0,train
047907.jpg,203,281,2445.0,train
099835.jpg,146,202,2445.0,train
093993.jpg,387,536,2445.0,train
123173.jpg,213,295,2445.0,train
016629.jpg,686,950,2445.0,train
017736.jpg,182,252,2445.0,train
145961.jpg,161,223,2445.0,train
026002.jpg,1014,1404,2445.0,train
147700.jpg,499,691,2472.0,train
063722.jpg,244,338,2472.0,train
124241.jpg,481,666,2472.0,train
078872.jpg,343,475,2472.0,train
046501.jpg,252,349,2472.0,train
048415.jpg,218,302,2472.0,train
151580.jpg,460,637,2472.0,train
124514.jpg,130,180,2472.0,train
054808.jpg,221,306,2472.0,train
000982.jpg,289,400,2472.0,train
012689.jpg,276,382,2472.0,train
077264.jpg,161,223,2472.0,train
019567.jpg,499,691,2472.0,train
058387.jpg,452,626,2472.0,train
053240.jpg,239,331,2472.0,train
120541.jpg,707,979,2472.0,train
004659.jpg,759,1051,2472.0,train
009806.jpg,281,389,2472.0,train
125257.jpg,439,608,2472.0,train
010269.jpg,135,187,2472.0,train
145749.jpg,179,248,2464.0,train
104762.jpg,239,331,2464.0,train
136969.jpg,122,169,2464.0,train
109104.jpg,211,292,2464.0,train
062906.jpg,117,162,2464.0,train
075089.jpg,135,187,2464.0,train
151816.jpg,122,169,2464.0,train
137853.jpg,161,223,2464.0,train
093772.jpg,164,227,2464.0,train
000018.jpg,195,270,2464.0,train
035434.jpg,185,256,2464.0,train
107967.jpg,203,281,2464.0,train
036475.jpg,174,241,2464.0,train
096551.jpg,187,259,2464.0,train
084860.jpg,260,360,2464.0,train
128186.jpg,127,176,2464.0,train
002755.jpg,151,209,2464.0,train
018911.jpg,663,918,2464.0,train
139698.jpg,767,1062,2464.0,train
031541.jpg,146,202,2464.0,train
139897.jpg,112,155,6683.0,train
065744.jpg,112,155,6683.0,train
116379.jpg,122,169,6683.0,train
070548.jpg,156,216,6683.0,train
035816.jpg,377,522,6683.0,train
037622.jpg,109,151,6683.0,train
155156.jpg,125,173,6683.0,train
124859.jpg,99,137,6683.0,train
060286.jpg,195,270,6683.0,train
007382.jpg,294,407,6683.0,train
022209.jpg,169,234,6683.0,train
067560.jpg,117,162,6683.0,train
026012.jpg,120,166,6683.0,train
062633.jpg,195,270,6683.0,train
059124.jpg,159,220,6683.0,train
109937.jpg,192,266,6683.0,train
010219.jpg,192,266,6683.0,train
017464.jpg,109,151,6683.0,train
137860.jpg,127,176,6683.0,train
017584.jpg,192,266,6683.0,train
134225.jpg,218,302,5254.0,train
078184.jpg,304,421,5254.0,train
124612.jpg,497,688,5254.0,train
081663.jpg,278,385,5254.0,train
052309.jpg,528,731,5254.0,train
059105.jpg,192,266,5254.0,train
150203.jpg,247,342,5254.0,train
126549.jpg,239,331,5254.0,train
062909.jpg,177,245,5254.0,train
004554.jpg,151,209,5254.0,train
027401.jpg,164,227,5254.0,train
080688.jpg,182,252,5254.0,train
029821.jpg,247,342,5254.0,train
063243.jpg,237,328,5254.0,train
060149.jpg,166,230,5254.0,train
123179.jpg,211,292,5254.0,train
006024.jpg,120,166,5254.0,train
012572.jpg,218,302,5254.0,train
126627.jpg,268,371,5254.0,train
025949.jpg,699,968,5254.0,train
150135.jpg,296,410,4255.0,train
103540.jpg,270,374,4255.0,train
133463.jpg,109,151,4255.0,train
114456.jpg,237,328,4255.0,train
061689.jpg,296,410,4255.0,train
065713.jpg,224,310,4255.0,train
157091.jpg,351,486,4255.0,train
141373.jpg,538,745,4255.0,train
086126.jpg,281,389,4255.0,train
011573.jpg,211,292,4255.0,train
028817.jpg,148,205,4255.0,train
104278.jpg,229,317,4255.0,train
034647.jpg,75,104,4255.0,train
100155.jpg,361,500,4255.0,train
082776.jpg,252,349,4255.0,train
132703.jpg,216,299,4255.0,train
011596.jpg,151,209,4255.0,train
023390.jpg,203,281,4255.0,train
146099.jpg,94,130,4255.0,train
026010.jpg,959,1328,4255.0,train
138900.jpg,705,976,5247.0,train
055145.jpg,905,1253,5247.0,train
092801.jpg,546,756,5247.0,train
072343.jpg,640,886,5247.0,train
025092.jpg,580,803,5247.0,train
027463.jpg,276,382,5247.0,train
142338.jpg,510,706,5247.0,train
108784.jpg,853,1181,5247.0,train
045698.jpg,733,1015,5247.0,train
002236.jpg,460,637,5247.0,train
011613.jpg,728,1008,5247.0,train
055746.jpg,619,857,5247.0,train
012605.jpg,720,997,5247.0,train
047962.jpg,689,954,5247.0,train
044914.jpg,780,1080,5247.0,train
092085.jpg,920,1274,5247.0,train
004911.jpg,325,450,5247.0,train
007381.jpg,523,724,5247.0,train
113736.jpg,273,378,5247.0,train
010803.jpg,468,648,5247.0,train
126623.jpg,278,385,9341.0,train
071532.jpg,161,223,9341.0,train
102086.jpg,107,148,9341.0,train
074758.jpg,226,313,9341.0,train
041436.jpg,172,238,9341.0,train
053195.jpg,367,508,9341.0,train
133073.jpg,135,187,9341.0,train
118301.jpg,148,205,9341.0,train
059314.jpg,125,173,9341.0,train
000177.jpg,231,320,9341.0,train
016758.jpg,229,317,9341.0,train
073597.jpg,421,583,9341.0,train
026791.jpg,177,245,9341.0,train
061219.jpg,94,130,9341.0,train
058664.jpg,507,702,9341.0,train
099904.jpg,122,169,9341.0,train
003736.jpg,231,320,9341.0,train
005071.jpg,400,554,9341.0,train
122070.jpg,325,450,9341.0,train
014861.jpg,260,360,9341.0,train
152671.jpg,250,346,7826.0,train
097537.jpg,216,299,7826.0,train
135440.jpg,265,367,7826.0,train
105286.jpg,250,346,7826.0,train
055892.jpg,88,122,7826.0,train
056573.jpg,242,335,7826.0,train
154344.jpg,265,367,7826.0,train
137545.jpg,148,205,7826.0,train
086574.jpg,190,263,7826.0,train
001075.jpg,260,360,7826.0,train
037213.jpg,234,324,7826.0,train
104169.jpg,250,346,7826.0,train
047902.jpg,146,202,7826.0,train
094541.jpg,273,378,7826.0,train
083134.jpg,234,324,7826.0,train
130783.jpg,250,346,7826.0,train
002047.jpg,250,346,7826.0,train
002367.jpg,242,335,7826.0,train
141329.jpg,231,320,7826.0,train
023807.jpg,257,356,7826.0,train
156540.jpg,1183,1638,4268.0,train
085700.jpg,179,248,4268.0,train
132666.jpg,260,360,4268.0,train
094857.jpg,216,299,4268.0,train
039700.jpg,1170,1620,4268.0,train
043615.jpg,317,439,4268.0,train
160218.jpg,1173,1624,4268.0,train
142564.jpg,312,432,4268.0,train
059369.jpg,442,612,4268.0,train
000942.jpg,452,626,4268.0,train
032025.jpg,270,374,4268.0,train
088270.jpg,393,544,4268.0,train
033354.jpg,463,641,4268.0,train
074194.jpg,1500,2077,4268.0,train
058110.jpg,140,194,4268.0,train
130261.jpg,182,252,4268.0,train
019704.jpg,525,727,4268.0,train
027320.jpg,497,688,4268.0,train
150084.jpg,190,263,4268.0,train
030103.jpg,270,374,4268.0,train
161443.jpg,151,209,5243.0,train
070912.jpg,114,158,5243.0,train
120634.jpg,200,277,5243.0,train
075450.jpg,517,716,5243.0,train
044321.jpg,497,688,5243.0,train
048420.jpg,200,277,5243.0,train
162510.jpg,164,227,5243.0,train
122511.jpg,226,313,5243.0,train
059457.jpg,268,371,5243.0,train
001748.jpg,468,648,5243.0,train
029752.jpg,208,288,5243.0,train
073510.jpg,140,194,5243.0,train
031226.jpg,211,292,5243.0,train
062868.jpg,125,173,5243.0,train
053576.jpg,166,230,5243.0,train
116642.jpg,263,364,5243.0,train
018180.jpg,211,292,5243.0,train
018457.jpg,192,266,5243.0,train
124942.jpg,205,284,5243.0,train
027915.jpg,156,216,5243.0,train
153559.jpg,140,194,6691.0,train
101681.jpg,244,338,6691.0,train
131453.jpg,148,205,6691.0,train
104361.jpg,270,374,6691.0,train
045330.jpg,346,479,6691.0,train
049737.jpg,161,223,6691.0,train
155915.jpg,161,223,6691.0,train
131864.jpg,146,202,6691.0,train
062394.jpg,291,403,6691.0,train
000599.jpg,320,443,6691.0,train
027624.jpg,153,212,6691.0,train
103980.jpg,671,929,6691.0,train
032674.jpg,159,220,6691.0,train
064811.jpg,153,212,6691.0,train
060193.jpg,278,385,6691.0,train
130299.jpg,148,205,6691.0,train
014836.jpg,291,403,6691.0,train
016473.jpg,242,335,6691.0,train
136774.jpg,265,367,6691.0,train
020596.jpg,218,302,6691.0,train
147561.jpg,153,212,5242.0,train
062930.jpg,317,439,5242.0,train
127415.jpg,387,536,5242.0,train
067961.jpg,169,234,5242.0,train
042306.jpg,247,342,5242.0,train
045096.jpg,125,173,5242.0,train
153235.jpg,200,277,5242.0,train
131103.jpg,174,241,5242.0,train
058225.jpg,1030,1426,5242.0,train
005727.jpg,445,616,5242.0,train
023355.jpg,130,180,5242.0,train
065310.jpg,185,256,5242.0,train
027118.jpg,146,202,5242.0,train
059555.jpg,255,353,5242.0,train
053669.jpg,187,259,5242.0,train
125121.jpg,842,1166,5242.0,train
009011.jpg,169,234,5242.0,train
009365.jpg,320,443,5242.0,train
134718.jpg,268,371,5242.0,train
021783.jpg,1097,1519,5242.0,train
152686.jpg,164,227,6681.0,train
098455.jpg,499,691,6681.0,train
126663.jpg,182,252,6681.0,train
103926.jpg,452,626,6681.0,train
059882.jpg,250,346,6681.0,train
073224.jpg,239,331,6681.0,train
153879.jpg,229,317,6681.0,train
128321.jpg,985,1364,6681.0,train
090445.jpg,369,511,6681.0,train
002240.jpg,190,263,6681.0,train
033752.jpg,814,1127,6681.0,train
099298.jpg,179,248,6681.0,train
045271.jpg,244,338,6681.0,train
095325.jpg,281,389,6681.0,train
083569.jpg,208,288,6681.0,train
124051.jpg,263,364,6681.0,train
009196.jpg,195,270,6681.0,train
010809.jpg,283,392,6681.0,train
139140.jpg,315,436,6681.0,train
018789.jpg,208,288,6681.0,train
154887.jpg,99,137,4286.0,train
089137.jpg,226,313,4286.0,train
126430.jpg,140,194,4286.0,train
107745.jpg,130,180,4286.0,train
072200.jpg,247,342,4286.0,train
073770.jpg,239,331,4286.0,train
157568.jpg,70,97,4286.0,train
138164.jpg,130,180,4286.0,train
079851.jpg,122,169,4286.0,train
004222.jpg,140,194,4286.0,train
038163.jpg,192,266,4286.0,train
089307.jpg,107,148,4286.0,train
053105.jpg,138,191,4286.0,train
080786.jpg,247,342,4286.0,train
078316.jpg,1544,2398,4286.0,train
122704.jpg,257,356,4286.0,train
010917.jpg,328,454,4286.0,train
020697.jpg,468,648,4286.0,train
140691.jpg,81,112,4286.0,train
035407.jpg,133,184,4286.0,train
153914.jpg,385,533,9277.0,train
100463.jpg,257,356,9277.0,train
144363.jpg,559,774,9277.0,train
121971.jpg,403,558,9277.0,train
056044.jpg,242,335,9277.0,train
066307.jpg,127,176,9277.0,train
159992.jpg,294,404,9277.0,train
144880.jpg,1664,2304,9277.0,train
075849.jpg,133,184,9277.0,train
015627.jpg,291,450,9277.0,train
041338.jpg,237,328,9277.0,train
103658.jpg,159,220,9277.0,train
048754.jpg,265,367,9277.0,train
075876.jpg,224,310,9277.0,train
071791.jpg,224,310,9277.0,train
139283.jpg,707,979,9277.0,train
019584.jpg,484,670,9277.0,train
023015.jpg,299,414,9277.0,train
150845.jpg,447,619,9277.0,train
026633.jpg,1009,1775,9277.0,train
156643.jpg,286,396,6680.0,train
106706.jpg,231,312,6680.0,train
143010.jpg,276,382,6680.0,train
109684.jpg,153,212,6680.0,train
042276.jpg,250,346,6680.0,train
057211.jpg,195,270,6680.0,train
158249.jpg,234,324,6680.0,train
148805.jpg,156,216,6680.0,train
069086.jpg,182,252,6680.0,train
001954.jpg,200,277,6680.0,train
023152.jpg,208,288,6680.0,train
107771.jpg,140,194,6680.0,train
028782.jpg,198,274,6680.0,train
069650.jpg,112,155,6680.0,train
061216.jpg,237,328,6680.0,train
139025.jpg,239,331,6680.0,train
002144.jpg,299,414,6680.0,train
018501.jpg,478,662,6680.0,train
148836.jpg,185,256,6680.0,train
020343.jpg,133,184,6680.0,train
133680.jpg,146,202,9245.0,train
067404.jpg,439,608,9245.0,train
114395.jpg,499,691,9245.0,train
081839.jpg,307,425,9245.0,train
049692.jpg,328,454,9245.0,train
050796.jpg,369,511,9245.0,train
137683.jpg,367,508,9245.0,train
117376.jpg,304,421,9245.0,train
058807.jpg,585,810,9245.0,train
010821.jpg,242,335,9245.0,train
022188.jpg,1290,1786,9245.0,train
077014.jpg,164,227,9245.0,train
030389.jpg,398,551,9245.0,train
062619.jpg,424,587,9245.0,train
055739.jpg,645,893,9245.0,train
108298.jpg,328,454,9245.0,train
012744.jpg,205,284,9245.0,train
015072.jpg,590,817,9245.0,train
117538.jpg,182,252,9245.0,train
021681.jpg,699,968,9245.0,train
151225.jpg,364,504,6688.0,train
099076.jpg,783,1084,6688.0,train
132119.jpg,226,313,6688.0,train
103676.jpg,341,472,6688.0,train
060002.jpg,208,288,6688.0,train
068380.jpg,582,806,6688.0,train
153961.jpg,174,241,6688.0,train
138321.jpg,164,227,6688.0,train
093130.jpg,177,245,6688.0,train
002077.jpg,91,126,6688.0,train
010981.jpg,153,212,6688.0,train
100176.jpg,460,637,6688.0,train
015983.jpg,148,205,6688.0,train
094214.jpg,289,400,6688.0,train
086021.jpg,192,266,6688.0,train
128597.jpg,213,295,6688.0,train
006822.jpg,874,1210,6688.0,train
008668.jpg,559,774,6688.0,train
138913.jpg,250,346,6688.0,train
009899.jpg,447,619,6688.0,train
141887.jpg,281,389,4238.0,train
091357.jpg,192,266,4238.0,train
128884.jpg,242,335,4238.0,train
105739.jpg,268,371,4238.0,train
064874.jpg,198,274,4238.0,train
068503.jpg,182,252,4238.0,train
145896.jpg,268,371,4238.0,train
133212.jpg,218,302,4238.0,train
088028.jpg,333,461,4238.0,train
003054.jpg,161,223,4238.0,train
025030.jpg,265,367,4238.0,train
095802.jpg,268,371,4238.0,train
042257.jpg,263,364,4238.0,train
089009.jpg,172,238,4238.0,train
078167.jpg,166,230,4238.0,train
126416.jpg,265,367,4238.0,train
004322.jpg,525,727,4238.0,train
012987.jpg,153,212,4238.0,train
137638.jpg,172,238,4238.0,train
015757.jpg,146,202,4238.0,train
127722.jpg,231,320,4549.0,train
077219.jpg,239,331,4549.0,train
106434.jpg,179,248,4549.0,train
083836.jpg,182,252,4549.0,train
053833.jpg,333,461,4549.0,train
054582.jpg,273,378,4549.0,train
144369.jpg,281,389,4549.0,train
108040.jpg,463,641,4549.0,train
069335.jpg,312,432,4549.0,train
002493.jpg,465,644,4549.0,train
034547.jpg,112,155,4549.0,train
080181.jpg,268,371,4549.0,train
042394.jpg,255,353,4549.0,train
070194.jpg,177,245,4549.0,train
064657.jpg,151,209,4549.0,train
105171.jpg,133,184,4549.0,train
002995.jpg,328,454,4549.0,train
019829.jpg,125,173,4549.0,train
110848.jpg,244,338,4549.0,train
020230.jpg,182,252,4549.0,train
144231.jpg,174,241,6718.0,train
057098.jpg,244,325,6718.0,train
108610.jpg,406,562,6718.0,train
062362.jpg,166,230,6718.0,train
031207.jpg,200,277,6718.0,train
032092.jpg,234,324,6718.0,train
152419.jpg,283,392,6718.0,train
120019.jpg,233,529,6718.0,train
051117.jpg,133,184,6718.0,train
000212.jpg,426,590,6718.0,train
010505.jpg,234,324,6718.0,train
059848.jpg,192,266,6718.0,train
015990.jpg,122,169,6718.0,train
051792.jpg,187,259,6718.0,train
050979.jpg,308,432,6718.0,train
084490.jpg,216,299,6718.0,train
000651.jpg,372,515,6718.0,train
007916.jpg,242,335,6718.0,train
124604.jpg,182,252,6718.0,train
008983.jpg,174,241,6718.0,train
153139.jpg,211,292,4172.0,train
114927.jpg,289,400,4172.0,train
145434.jpg,294,407,4172.0,train
123375.jpg,244,338,4172.0,train
088559.jpg,385,533,4172.0,train
098928.jpg,242,335,4172.0,train
153301.jpg,211,292,4172.0,train
150283.jpg,292,410,4172.0,train
105073.jpg,247,342,4172.0,train
020133.jpg,307,425,4172.0,train
032991.jpg,348,482,4172.0,train
122851.jpg,385,533,4172.0,train
043873.jpg,159,220,4172.0,train
105373.jpg,489,677,4172.0,train
099317.jpg,385,533,4172.0,train
141241.jpg,174,241,4172.0,train
022007.jpg,205,284,4172.0,train
028426.jpg,525,727,4172.0,train
150516.jpg,143,198,4172.0,train
030027.jpg,322,446,4172.0,train
160360.jpg,182,252,5313.0,train
090035.jpg,138,191,5313.0,train
147760.jpg,517,716,5313.0,train
105588.jpg,983,1361,5313.0,train
048876.jpg,234,324,5313.0,train
054204.jpg,408,565,5313.0,train
162103.jpg,543,752,5313.0,train
150701.jpg,185,256,5313.0,train
073267.jpg,1108,1534,5313.0,train
011219.jpg,624,864,5313.0,train
029524.jpg,122,169,5313.0,train
103438.jpg,208,288,5313.0,train
032054.jpg,569,788,5313.0,train
074802.jpg,182,252,5313.0,train
064873.jpg,203,281,5313.0,train
146288.jpg,177,245,5313.0,train
012674.jpg,530,734,5313.0,train
014331.jpg,523,724,5313.0,train
157030.jpg,203,281,5313.0,train
027240.jpg,489,677,5313.0,train
147559.jpg,104,144,5311.0,train
106747.jpg,177,245,5311.0,train
128654.jpg,169,234,5311.0,train
111660.jpg,117,162,5311.0,train
073711.jpg,164,227,5311.0,train
077690.jpg,200,277,5311.0,train
156823.jpg,174,241,5311.0,train
134752.jpg,229,317,5311.0,train
083505.jpg,213,295,5311.0,train
000157.jpg,367,508,5311.0,train
008152.jpg,135,187,5311.0,train
109011.jpg,250,346,5311.0,train
027340.jpg,244,338,5311.0,train
103437.jpg,239,331,5311.0,train
082184.jpg,260,360,5311.0,train
128213.jpg,101,140,5311.0,train
000872.jpg,247,342,5311.0,train
002261.jpg,299,414,5311.0,train
137942.jpg,172,238,5311.0,train
003754.jpg,104,144,5311.0,train
151360.jpg,502,695,9610.0,train
098410.jpg,182,252,9610.0,train
118316.jpg,421,583,9610.0,train
101441.jpg,629,871,9610.0,train
044998.jpg,330,457,9610.0,train
056635.jpg,333,461,9610.0,train
159833.jpg,398,551,9610.0,train
132697.jpg,250,346,9610.0,train
072020.jpg,276,382,9610.0,train
006366.jpg,1313,1818,9610.0,train
026317.jpg,231,320,9610.0,train
098730.jpg,530,734,9610.0,train
027014.jpg,213,295,9610.0,train
080074.jpg,182,252,9610.0,train
065543.jpg,377,522,9610.0,train
109866.jpg,294,407,9610.0,train
009284.jpg,523,724,9610.0,train
012974.jpg,439,608,9610.0,train
135341.jpg,874,1210,9610.0,train
015386.jpg,182,252,9610.0,train
151487.jpg,130,180,5310.0,train
099726.jpg,117,162,5310.0,train
135393.jpg,127,176,5310.0,train
114115.jpg,101,140,5310.0,train
048808.jpg,257,356,5310.0,train
050665.jpg,187,259,5310.0,train
152481.jpg,140,194,5310.0,train
144771.jpg,273,378,5310.0,train
062036.jpg,356,466,5310.0,train
000751.jpg,153,212,5310.0,train
021850.jpg,159,220,5310.0,train
107502.jpg,203,281,5310.0,train
034436.jpg,975,1350,5310.0,train
081879.jpg,320,443,5310.0,train
059931.jpg,78,108,5310.0,train
134341.jpg,99,137,5310.0,train
009767.jpg,135,187,5310.0,train
011547.jpg,192,266,5310.0,train
145861.jpg,432,598,5310.0,train
017325.jpg,244,338,5310.0,train
138399.jpg,239,331,9570.0,train
093045.jpg,346,479,9570.0,train
124574.jpg,239,331,9570.0,train
098057.jpg,224,310,9570.0,train
055111.jpg,172,238,9570.0,train
056099.jpg,484,670,9570.0,train
152052.jpg,920,1274,9570.0,train
126821.jpg,411,569,9570.0,train
069266.jpg,224,310,9570.0,train
008099.jpg,1222,1692,9570.0,train
027337.jpg,244,338,9570.0,train
094837.jpg,406,562,9570.0,train
032117.jpg,172,238,9570.0,train
073519.jpg,538,745,9570.0,train
068719.jpg,772,1069,9570.0,train
122681.jpg,257,356,9570.0,train
012039.jpg,208,288,9570.0,train
021343.jpg,892,1235,9570.0,train
128770.jpg,234,324,9570.0,train
023659.jpg,320,443,9570.0,train
149070.jpg,281,389,6714.0,train
082473.jpg,283,392,6714.0,train
132143.jpg,164,227,6714.0,train
087369.jpg,117,162,6714.0,train
037419.jpg,159,220,6714.0,train
040828.jpg,177,245,6714.0,train
151615.jpg,190,263,6714.0,train
136058.jpg,569,788,6714.0,train
058785.jpg,174,241,6714.0,train
007849.jpg,224,310,6714.0,train
023797.jpg,226,313,6714.0,train
084700.jpg,174,241,6714.0,train
027364.jpg,315,436,6714.0,train
062163.jpg,302,418,6714.0,train
052229.jpg,107,148,6714.0,train
130516.jpg,125,173,6714.0,train
008610.jpg,133,184,6714.0,train
011374.jpg,161,223,6714.0,train
143502.jpg,736,1019,6714.0,train
013346.jpg,198,274,6714.0,train
142873.jpg,218,302,4236.0,train
089658.jpg,260,360,4236.0,train
125417.jpg,577,799,4236.0,train
091824.jpg,307,425,4236.0,train
065131.jpg,611,846,4236.0,train
067198.jpg,304,421,4236.0,train
148292.jpg,127,176,4236.0,train
127322.jpg,172,238,4236.0,train
077046.jpg,585,810,4236.0,train
000908.jpg,156,216,4236.0,train
015620.jpg,395,547,4236.0,train
090050.jpg,250,346,4236.0,train
034557.jpg,208,288,4236.0,train
081993.jpg,411,569,4236.0,train
076719.jpg,406,562,4236.0,train
125397.jpg,286,396,4236.0,train
005403.jpg,257,356,4236.0,train
009975.jpg,234,324,4236.0,train
137322.jpg,385,533,4236.0,train
010321.jpg,175,284,4236.0,train
147970.jpg,252,349,7725.0,train
078069.jpg,179,248,7725.0,train
127613.jpg,294,407,7725.0,train
080523.jpg,125,173,7725.0,train
041021.jpg,736,1019,7725.0,train
051954.jpg,944,1307,7725.0,train
149766.jpg,299,414,7725.0,train
129637.jpg,512,709,7725.0,train
064456.jpg,325,450,7725.0,train
004609.jpg,190,263,7725.0,train
022268.jpg,322,446,7725.0,train
079970.jpg,159,220,7725.0,train
025023.jpg,177,245,7725.0,train
069497.jpg,211,292,7725.0,train
061865.jpg,164,227,7725.0,train
125724.jpg,601,832,7725.0,train
009297.jpg,153,212,7725.0,train
012536.jpg,598,828,7725.0,train
133597.jpg,182,252,7725.0,train
013361.jpg,169,234,7725.0,train
144558.jpg,187,259,7755.0,train
072903.jpg,325,450,7755.0,train
123536.jpg,294,407,7755.0,train
095271.jpg,406,562,7755.0,train
050574.jpg,146,202,7755.0,train
056849.jpg,629,871,7755.0,train
150716.jpg,619,857,7755.0,train
124367.jpg,122,169,7755.0,train
061243.jpg,237,328,7755.0,train
001810.jpg,229,317,7755.0,train
013782.jpg,499,691,7755.0,train
076173.jpg,244,338,7755.0,train
016264.jpg,75,104,7755.0,train
067601.jpg,749,1037,7755.0,train
059645.jpg,829,1105,7755.0,train
122031.jpg,226,313,7755.0,train
002572.jpg,520,720,7755.0,train
008410.jpg,333,461,7755.0,train
129952.jpg,645,893,7755.0,train
008984.jpg,234,324,7755.0,train
152289.jpg,408,565,6704.0,train
082475.jpg,133,184,6704.0,train
134709.jpg,143,198,6704.0,train
093506.jpg,385,533,6704.0,train
042382.jpg,304,421,6704.0,train
042749.jpg,645,893,6704.0,train
156536.jpg,385,533,6704.0,train
139626.jpg,764,1058,6704.0,train
059524.jpg,658,911,6704.0,train
004660.jpg,164,227,6704.0,train
027336.jpg,151,209,6704.0,train
092382.jpg,458,634,6704.0,train
028092.jpg,757,1048,6704.0,train
067202.jpg,107,148,6704.0,train
047058.jpg,655,907,6704.0,train
133819.jpg,738,1022,6704.0,train
006725.jpg,686,950,6704.0,train
009061.jpg,325,450,6704.0,train
146331.jpg,640,886,6704.0,train
021151.jpg,148,205,6704.0,train
132327.jpg,156,216,6702.0,train
088553.jpg,749,1037,6702.0,train
126953.jpg,309,428,6702.0,train
095653.jpg,104,144,6702.0,train
039123.jpg,195,270,6702.0,train
041397.jpg,177,245,6702.0,train
145062.jpg,398,551,6702.0,train
130001.jpg,213,295,6702.0,train
072048.jpg,286,396,6702.0,train
006690.jpg,627,868,6702.0,train
023862.jpg,187,259,6702.0,train
095050.jpg,998,1382,6702.0,train
028504.jpg,153,212,6702.0,train
075610.jpg,359,497,6702.0,train
058865.jpg,777,1076,6702.0,train
122551.jpg,140,194,6702.0,train
012772.jpg,387,536,6702.0,train
017910.jpg,190,263,6702.0,train
130115.jpg,546,756,6702.0,train
020875.jpg,361,500,6702.0,train
152388.jpg,125,173,7764.0,train
096033.jpg,65,90,7764.0,train
138056.jpg,135,187,7764.0,train
108056.jpg,161,223,7764.0,train
059667.jpg,140,194,7764.0,train
060708.jpg,166,230,7764.0,train
154940.jpg,486,673,7764.0,train
141337.jpg,192,266,7764.0,train
088198.jpg,151,209,7764.0,train
007253.jpg,161,223,7764.0,train
039678.jpg,73,101,7764.0,train
107732.jpg,255,353,7764.0,train
054806.jpg,179,248,7764.0,train
091787.jpg,172,238,7764.0,train
087071.jpg,55,76,7764.0,train
136569.jpg,177,245,7764.0,train
025105.jpg,130,180,7764.0,train
025813.jpg,117,162,7764.0,train
144591.jpg,83,115,7764.0,train
028974.jpg,250,346,7764.0,train
155874.jpg,164,227,6108.0,train
090727.jpg,81,99,6108.0,train
129512.jpg,96,133,6108.0,train
097484.jpg,187,259,6108.0,train
056709.jpg,169,234,6108.0,train
070693.jpg,382,529,6108.0,train
156885.jpg,107,148,6108.0,train
133867.jpg,70,97,6108.0,train
080269.jpg,169,234,6108.0,train
014337.jpg,122,169,6108.0,train
044728.jpg,109,151,6108.0,train
096303.jpg,130,180,6108.0,train
046153.jpg,835,1156,6108.0,train
083541.jpg,83,115,6108.0,train
074705.jpg,109,151,6108.0,train
124737.jpg,99,137,6108.0,train
015597.jpg,120,166,6108.0,train
032082.jpg,148,205,6108.0,train
134944.jpg,151,209,6108.0,train
040668.jpg,107,148,6108.0,train
144048.jpg,200,277,9240.0,train
082666.jpg,166,230,9240.0,train
126709.jpg,140,194,9240.0,train
091664.jpg,120,166,9240.0,train
048510.jpg,133,184,9240.0,train
049604.jpg,398,551,9240.0,train
144193.jpg,333,461,9240.0,train
137375.jpg,517,716,9240.0,train
067281.jpg,226,313,9240.0,train
004682.jpg,286,396,9240.0,train
023106.jpg,242,335,9240.0,train
086798.jpg,127,176,9240.0,train
034738.jpg,185,256,9240.0,train
067955.jpg,348,482,9240.0,train
063387.jpg,283,392,9240.0,train
121692.jpg,424,587,9240.0,train
008799.jpg,169,234,9240.0,train
012081.jpg,564,781,9240.0,train
137400.jpg,125,173,9240.0,train
020788.jpg,159,220,9240.0,train
147478.jpg,393,544,2574.0,train
101628.jpg,317,439,2574.0,train
137487.jpg,203,281,2574.0,train
106001.jpg,179,248,2574.0,train
051232.jpg,221,306,2574.0,train
054310.jpg,174,241,2574.0,train
148726.jpg,218,302,2574.0,train
144663.jpg,112,155,2574.0,train
075979.jpg,239,331,2574.0,train
009858.jpg,356,493,2574.0,train
025919.jpg,263,364,2574.0,train
105725.jpg,198,274,2574.0,train
032860.jpg,229,317,2574.0,train
087377.jpg,510,706,2574.0,train
064088.jpg,325,450,2574.0,train
134338.jpg,96,133,2574.0,train
015836.jpg,177,245,2574.0,train
020869.jpg,374,518,2574.0,train
146268.jpg,452,626,2574.0,train
024026.jpg,294,407,2574.0,train
150405.jpg,151,209,6679.0,train
078890.jpg,153,212,6679.0,train
114980.jpg,221,306,6679.0,train
094752.jpg,146,202,6679.0,train
030260.jpg,86,119,6679.0,train
030796.jpg,117,162,6679.0,train
160861.jpg,114,158,6679.0,train
125630.jpg,151,209,6679.0,train
065574.jpg,179,248,6679.0,train
000133.jpg,161,223,6679.0,train
015319.jpg,99,137,6679.0,train
088456.jpg,133,184,6679.0,train
020197.jpg,120,166,6679.0,train
069289.jpg,91,126,6679.0,train
046302.jpg,291,403,6679.0,train
114189.jpg,138,191,6679.0,train
004511.jpg,195,270,6679.0,train
008656.jpg,109,151,6679.0,train
143957.jpg,211,292,6679.0,train
013563.jpg,177,245,6679.0,train
148249.jpg,390,540,6633.0,train
088220.jpg,156,216,6633.0,train
118897.jpg,192,266,6633.0,train
090315.jpg,135,187,6633.0,train
070426.jpg,299,414,6633.0,train
074077.jpg,330,457,6633.0,train
150177.jpg,458,634,6633.0,train
126944.jpg,294,407,6633.0,train
079751.jpg,416,576,6633.0,train
003143.jpg,317,439,6633.0,train
044803.jpg,510,706,6633.0,train
088963.jpg,400,554,6633.0,train
048601.jpg,465,644,6633.0,train
080894.jpg,598,828,6633.0,train
079438.jpg,382,529,6633.0,train
114467.jpg,242,335,6633.0,train
010912.jpg,533,738,6633.0,train
011455.jpg,335,464,6633.0,train
128795.jpg,247,342,6633.0,train
025091.jpg,442,612,6633.0,train
142489.jpg,367,508,6648.0,train
097896.jpg,156,216,6648.0,train
124390.jpg,229,317,6648.0,train
100623.jpg,395,547,6648.0,train
065167.jpg,174,241,6648.0,train
066056.jpg,450,623,6648.0,train
142555.jpg,764,1058,6648.0,train
127141.jpg,190,263,6648.0,train
079024.jpg,244,338,6648.0,train
009657.jpg,140,194,6648.0,train
043167.jpg,159,220,6648.0,train
099078.jpg,281,389,6648.0,train
049200.jpg,138,191,6648.0,train
083123.jpg,590,817,6648.0,train
076264.jpg,190,263,6648.0,train
124095.jpg,330,457,6648.0,train
015062.jpg,148,205,6648.0,train
020103.jpg,156,216,6648.0,train
127709.jpg,190,263,6648.0,train
041486.jpg,177,245,6648.0,train
153776.jpg,200,277,9158.0,train
073989.jpg,785,1087,9158.0,train
130059.jpg,1186,1642,9158.0,train
089368.jpg,182,252,9158.0,train
055650.jpg,177,245,9158.0,train
055883.jpg,798,1105,9158.0,train
156432.jpg,309,428,9158.0,train
135815.jpg,143,198,9158.0,train
062429.jpg,120,166,9158.0,train
008562.jpg,177,245,9158.0,train
027824.jpg,195,270,9158.0,train
087955.jpg,221,306,9158.0,train
038629.jpg,187,259,9158.0,train
065406.jpg,140,194,9158.0,train
059617.jpg,335,464,9158.0,train
111566.jpg,595,824,9158.0,train
009650.jpg,530,734,9158.0,train
021061.jpg,211,292,9158.0,train
145055.jpg,239,331,9158.0,train
021901.jpg,99,137,9158.0,train
148991.jpg,590,817,5198.0,train
106738.jpg,1295,1793,5198.0,train
143202.jpg,216,299,5198.0,train
124675.jpg,270,374,5198.0,train
045116.jpg,309,428,5198.0,train
054370.jpg,507,702,5198.0,train
151562.jpg,458,634,5198.0,train
144237.jpg,398,551,5198.0,train
066773.jpg,346,479,5198.0,train
004533.jpg,489,677,5198.0,train
023543.jpg,237,328,5198.0,train
114464.jpg,733,1015,5198.0,train
025275.jpg,372,515,5198.0,train
081301.jpg,546,756,5198.0,train
065230.jpg,590,817,5198.0,train
137408.jpg,255,353,5198.0,train
005925.jpg,541,749,5198.0,train
016572.jpg,416,576,5198.0,train
144442.jpg,437,605,5198.0,train
018214.jpg,525,727,5198.0,train
150152.jpg,1326,1836,5195.0,train
081236.jpg,260,360,5195.0,train
139303.jpg,273,378,5195.0,train
088525.jpg,231,320,5195.0,train
055678.jpg,242,335,5195.0,train
058335.jpg,309,428,5195.0,train
158216.jpg,213,295,5195.0,train
145466.jpg,164,227,5195.0,train
064094.jpg,174,241,5195.0,train
005523.jpg,237,328,5195.0,train
027133.jpg,174,241,5195.0,train
083118.jpg,127,176,5195.0,train
035100.jpg,289,400,5195.0,train
066173.jpg,179,248,5195.0,train
060046.jpg,208,288,5195.0,train
138829.jpg,260,360,5195.0,train
010407.jpg,164,227,5195.0,train
017555.jpg,107,148,5195.0,train
148032.jpg,122,169,5195.0,train
023936.jpg,302,418,5195.0,train
157858.jpg,369,511,6637.0,train
111503.jpg,164,227,6637.0,train
139280.jpg,967,1339,6637.0,train
120550.jpg,182,252,6637.0,train
057048.jpg,302,418,6637.0,train
057312.jpg,299,414,6637.0,train
159761.jpg,372,515,6637.0,train
141036.jpg,325,450,6637.0,train
099541.jpg,351,486,6637.0,train
001818.jpg,452,626,6637.0,train
024632.jpg,291,403,6637.0,train
117094.jpg,497,688,6637.0,train
038687.jpg,377,522,6637.0,train
100031.jpg,426,590,6637.0,train
096359.jpg,325,450,6637.0,train
138084.jpg,242,335,6637.0,train
011356.jpg,400,554,6637.0,train
020749.jpg,276,382,6637.0,train
149708.jpg,270,374,6637.0,train
022443.jpg,380,526,6637.0,train
151875.jpg,143,198,2509.0,train
058189.jpg,151,209,2509.0,train
123862.jpg,120,166,2509.0,train
075148.jpg,304,421,2509.0,train
026258.jpg,112,155,2509.0,train
029009.jpg,265,367,2509.0,train
153417.jpg,208,288,2509.0,train
124885.jpg,231,320,2509.0,train
047575.jpg,140,194,2509.0,train
001208.jpg,187,259,2509.0,train
015265.jpg,148,205,2509.0,train
066112.jpg,564,781,2509.0,train
016807.jpg,348,482,2509.0,train
054540.jpg,179,248,2509.0,train
044594.jpg,112,155,2509.0,train
121764.jpg,130,180,2509.0,train
002030.jpg,179,248,2509.0,train
005731.jpg,322,446,2509.0,train
143729.jpg,185,256,2509.0,train
010929.jpg,109,151,2509.0,train
147717.jpg,143,198,6631.0,train
096748.jpg,120,166,6631.0,train
136248.jpg,156,216,6631.0,train
099159.jpg,153,212,6631.0,train
036527.jpg,140,194,6631.0,train
043642.jpg,200,277,6631.0,train
159880.jpg,104,144,6631.0,train
142362.jpg,239,331,6631.0,train
078724.jpg,174,241,6631.0,train
004509.jpg,174,241,6631.0,train
015241.jpg,231,320,6631.0,train
098674.jpg,169,234,6631.0,train
021389.jpg,104,144,6631.0,train
090849.jpg,315,436,6631.0,train
068257.jpg,101,140,6631.0,train
129631.jpg,187,259,6631.0,train
006200.jpg,218,302,6631.0,train
007469.jpg,130,180,6631.0,train
143442.jpg,190,263,6631.0,train
012739.jpg,104,144,6631.0,train
151463.jpg,153,212,5222.0,train
054888.jpg,523,724,5222.0,train
124236.jpg,164,227,5222.0,train
069407.jpg,312,432,5222.0,train
039692.jpg,668,925,5222.0,train
046434.jpg,153,212,5222.0,train
152244.jpg,385,533,5222.0,train
128084.jpg,216,299,5222.0,train
049632.jpg,408,565,5222.0,train
009009.jpg,265,367,5222.0,train
031346.jpg,699,968,5222.0,train
059557.jpg,146,202,5222.0,train
031786.jpg,1092,1512,5222.0,train
050806.jpg,611,846,5222.0,train
046657.jpg,749,1037,5222.0,train
115343.jpg,380,526,5222.0,train
019891.jpg,411,569,5222.0,train
021924.jpg,580,803,5222.0,train
128246.jpg,143,198,5222.0,train
030922.jpg,624,864,5222.0,train
150900.jpg,237,328,5190.0,train
075922.jpg,140,194,5190.0,train
133760.jpg,250,346,5190.0,train
101275.jpg,502,695,5190.0,train
038250.jpg,174,241,5190.0,train
042311.jpg,179,248,5190.0,train
154712.jpg,156,216,5190.0,train
134101.jpg,216,290,5190.0,train
057467.jpg,265,367,5190.0,train
003416.jpg,255,353,5190.0,train
017407.jpg,588,814,5190.0,train
100910.jpg,520,720,5190.0,train
023849.jpg,416,576,5190.0,train
061448.jpg,494,684,5190.0,train
051281.jpg,140,194,5190.0,train
123276.jpg,221,306,5190.0,train
003995.jpg,200,277,5190.0,train
011713.jpg,484,670,5190.0,train
144801.jpg,117,162,5190.0,train
015843.jpg,278,385,5190.0,train
135651.jpg,169,234,2484.0,train
065291.jpg,120,166,2484.0,train
117017.jpg,211,292,2484.0,train
091723.jpg,166,230,2484.0,train
035178.jpg,101,140,2484.0,train
035316.jpg,125,173,2484.0,train
147755.jpg,177,245,2484.0,train
120726.jpg,117,162,2484.0,train
048535.jpg,213,295,2484.0,train
001929.jpg,172,238,2484.0,train
013429.jpg,179,248,2484.0,train
076072.jpg,143,198,2484.0,train
013436.jpg,192,266,2484.0,train
049674.jpg,179,248,2484.0,train
046402.jpg,104,144,2484.0,train
114428.jpg,91,126,2484.0,train
003633.jpg,140,194,2484.0,train
004210.jpg,224,310,2484.0,train
134908.jpg,172,238,2484.0,train
012145.jpg,195,270,2484.0,train
147444.jpg,424,587,6143.0,train
111294.jpg,299,414,6143.0,train
130881.jpg,905,1253,6143.0,train
117339.jpg,112,155,6143.0,train
067484.jpg,294,407,6143.0,train
070205.jpg,99,137,6143.0,train
148797.jpg,458,634,6143.0,train
131121.jpg,749,1037,6143.0,train
078356.jpg,426,590,6143.0,train
012277.jpg,81,112,6143.0,train
019219.jpg,83,115,6143.0,train
116928.jpg,75,104,6143.0,train
034042.jpg,580,803,6143.0,train
082292.jpg,281,389,6143.0,train
075474.jpg,83,115,6143.0,train
129755.jpg,99,137,6143.0,train
015530.jpg,86,119,6143.0,train
018541.jpg,229,317,6143.0,train
138036.jpg,356,493,6143.0,train
018916.jpg,138,191,6143.0,train
145375.jpg,549,760,4393.0,train
085844.jpg,127,176,4393.0,train
108215.jpg,174,241,4393.0,train
090233.jpg,73,101,4393.0,train
061213.jpg,177,245,4393.0,train
065106.jpg,187,259,4393.0,train
153255.jpg,195,270,4393.0,train
109493.jpg,159,220,4393.0,train
083850.jpg,112,155,4393.0,train
003828.jpg,174,241,4393.0,train
039943.jpg,424,587,4393.0,train
086695.jpg,419,580,4393.0,train
046554.jpg,91,126,4393.0,train
084682.jpg,101,140,4393.0,train
082640.jpg,146,202,4393.0,train
107677.jpg,216,299,4393.0,train
007181.jpg,195,270,4393.0,train
026799.jpg,185,256,4393.0,train
111612.jpg,164,227,4393.0,train
038906.jpg,127,176,4393.0,train
154262.jpg,174,241,6628.0,train
113749.jpg,281,389,6628.0,train
134620.jpg,229,317,6628.0,train
122635.jpg,660,914,6628.0,train
088381.jpg,242,335,6628.0,train
088408.jpg,218,302,6628.0,train
161659.jpg,234,324,6628.0,train
139071.jpg,231,320,6628.0,train
098020.jpg,200,277,6628.0,train
033070.jpg,239,331,6628.0,train
058544.jpg,250,346,6628.0,train
120529.jpg,224,310,6628.0,train
078379.jpg,237,328,6628.0,train
099690.jpg,208,288,6628.0,train
093424.jpg,351,486,6628.0,train
128699.jpg,148,205,6628.0,train
045164.jpg,216,299,6628.0,train
048081.jpg,647,841,6628.0,train
139966.jpg,94,130,6628.0,train
051526.jpg,242,335,6628.0,train
147841.jpg,515,713,9119.0,train
073362.jpg,354,490,9119.0,train
134173.jpg,88,122,9119.0,train
079042.jpg,107,148,9119.0,train
031455.jpg,133,184,9119.0,train
032088.jpg,109,151,9119.0,train
155620.jpg,83,115,9119.0,train
135698.jpg,218,302,9119.0,train
056379.jpg,166,230,9119.0,train
012669.jpg,96,133,9119.0,train
021926.jpg,187,259,9119.0,train
075424.jpg,81,112,9119.0,train
022002.jpg,91,126,9119.0,train
062343.jpg,159,220,9119.0,train
047430.jpg,268,371,9119.0,train
114366.jpg,125,173,9119.0,train
012692.jpg,146,202,9119.0,train
014597.jpg,177,245,9119.0,train
143419.jpg,523,663,9119.0,train
016242.jpg,109,151,9119.0,train
147665.jpg,489,677,2518.0,train
079857.jpg,255,353,2518.0,train
130178.jpg,229,317,2518.0,train
094100.jpg,159,220,2518.0,train
040732.jpg,421,583,2518.0,train
042463.jpg,452,626,2518.0,train
151598.jpg,205,284,2518.0,train
132619.jpg,289,400,2518.0,train
059101.jpg,208,288,2518.0,train
000747.jpg,122,169,2518.0,train
027206.jpg,190,263,2518.0,train
086610.jpg,164,227,2518.0,train
028739.jpg,260,360,2518.0,train
059179.jpg,270,374,2518.0,train
051559.jpg,289,400,2518.0,train
112522.jpg,468,648,2518.0,train
007023.jpg,359,497,2518.0,train
013372.jpg,239,331,2518.0,train
138072.jpg,237,328,2518.0,train
019745.jpg,127,176,2518.0,train
151021.jpg,452,626,9166.0,train
089189.jpg,263,364,9166.0,train
122597.jpg,601,832,9166.0,train
100598.jpg,398,551,9166.0,train
034862.jpg,213,295,9166.0,train
047036.jpg,159,220,9166.0,train
157745.jpg,101,140,9166.0,train
126393.jpg,153,212,9166.0,train
060801.jpg,478,662,9166.0,train
003164.jpg,159,220,9166.0,train
010612.jpg,354,490,9166.0,train
096064.jpg,200,277,9166.0,train
014299.jpg,148,205,9166.0,train
065673.jpg,302,418,9166.0,train
055069.jpg,588,814,9166.0,train
121314.jpg,445,616,9166.0,train
005161.jpg,276,382,9166.0,train
009455.jpg,231,320,9166.0,train
135096.jpg,276,382,9166.0,train
010135.jpg,385,533,9166.0,train
156381.jpg,99,137,6658.0,train
097986.jpg,213,295,6658.0,train
140575.jpg,138,191,6658.0,train
108487.jpg,122,169,6658.0,train
054466.jpg,156,216,6658.0,train
059796.jpg,140,194,6658.0,train
159884.jpg,296,410,6658.0,train
146425.jpg,169,234,6658.0,train
072681.jpg,341,472,6658.0,train
009015.jpg,187,259,6658.0,train
023540.jpg,359,497,6658.0,train
103937.jpg,291,403,6658.0,train
025746.jpg,146,202,6658.0,train
093402.jpg,247,342,6658.0,train
071246.jpg,239,331,6658.0,train
139624.jpg,182,252,6658.0,train
014665.jpg,322,446,6658.0,train
021046.jpg,239,331,6658.0,train
150817.jpg,341,472,6658.0,train
022652.jpg,94,130,6658.0,train
132968.jpg,166,230,9176.0,train
065972.jpg,182,252,9176.0,train
111855.jpg,369,511,9176.0,train
074013.jpg,234,324,9176.0,train
038246.jpg,697,965,9176.0,train
040749.jpg,260,360,9176.0,train
143490.jpg,99,137,9176.0,train
118605.jpg,218,302,9176.0,train
054915.jpg,229,317,9176.0,train
001134.jpg,369,511,9176.0,train
019771.jpg,81,112,9176.0,train
066893.jpg,83,115,9176.0,train
022425.jpg,741,1026,9176.0,train
062386.jpg,99,137,9176.0,train
050846.jpg,182,252,9176.0,train
111438.jpg,179,248,9176.0,train
002776.jpg,291,403,9176.0,train
014386.jpg,133,184,9176.0,train
119201.jpg,179,248,9176.0,train
015101.jpg,117,162,9176.0,train
138519.jpg,218,302,6672.0,train
067287.jpg,187,259,6672.0,train
125736.jpg,424,587,6672.0,train
070340.jpg,530,734,6672.0,train
043152.jpg,276,382,6672.0,train
044891.jpg,450,623,6672.0,train
140844.jpg,291,403,6672.0,train
127384.jpg,413,572,6672.0,train
056479.jpg,445,616,6672.0,train
010936.jpg,543,752,6672.0,train
036859.jpg,858,1188,6672.0,train
068025.jpg,359,497,6672.0,train
037333.jpg,224,310,6672.0,train
061159.jpg,213,295,6672.0,train
047977.jpg,122,169,6672.0,train
125088.jpg,200,277,6672.0,train
014620.jpg,112,155,6672.0,train
032356.jpg,499,691,6672.0,train
128160.jpg,458,634,6672.0,train
036418.jpg,169,234,6672.0,train
143942.jpg,146,202,9179.0,train
074180.jpg,278,385,9179.0,train
124911.jpg,226,313,9179.0,train
086578.jpg,109,151,9179.0,train
053236.jpg,172,238,9179.0,train
054455.jpg,218,302,9179.0,train
146001.jpg,286,396,9179.0,train
127452.jpg,125,173,9179.0,train
060109.jpg,195,270,9179.0,train
001495.jpg,263,364,9179.0,train
021597.jpg,182,252,9179.0,train
083503.jpg,294,407,9179.0,train
032827.jpg,73,101,9179.0,train
062063.jpg,330,457,9179.0,train
057444.jpg,94,130,9179.0,train
113554.jpg,164,227,9179.0,train
006858.jpg,208,288,9179.0,train
009564.jpg,229,317,9179.0,train
137504.jpg,192,266,9179.0,train
015020.jpg,203,281,9179.0,train
137986.jpg,317,439,2534.0,train
093909.jpg,229,317,2534.0,train
113114.jpg,156,216,2534.0,train
099684.jpg,244,338,2534.0,train
076741.jpg,120,166,2534.0,train
079663.jpg,187,259,2534.0,train
152097.jpg,112,155,2534.0,train
121173.jpg,203,281,2534.0,train
083539.jpg,686,950,2534.0,train
010179.jpg,148,205,2534.0,train
032737.jpg,161,223,2534.0,train
097317.jpg,1417,1962,2534.0,train
032757.jpg,182,252,2534.0,train
085485.jpg,120,166,2534.0,train
083363.jpg,94,130,2534.0,train
112679.jpg,169,234,2534.0,train
015255.jpg,94,130,2534.0,train
021181.jpg,101,140,2534.0,train
122904.jpg,192,266,2534.0,train
023808.jpg,296,410,2534.0,train
148421.jpg,130,180,2537.0,train
061839.jpg,257,356,2537.0,train
128437.jpg,88,122,2537.0,train
075360.jpg,289,400,2537.0,train
036839.jpg,205,284,2537.0,train
036957.jpg,229,317,2537.0,train
151265.jpg,208,288,2537.0,train
130042.jpg,146,202,2537.0,train
045809.jpg,413,567,2537.0,train
002923.jpg,68,94,2537.0,train
018178.jpg,255,353,2537.0,train
062881.jpg,255,353,2537.0,train
034405.jpg,143,198,2537.0,train
048543.jpg,148,205,2537.0,train
042515.jpg,88,122,2537.0,train
115160.jpg,130,180,2537.0,train
008959.jpg,161,223,2537.0,train
015945.jpg,855,1184,2537.0,train
142861.jpg,107,148,2537.0,train
016982.jpg,286,396,2537.0,train
128009.jpg,268,371,9183.0,train
086678.jpg,192,266,9183.0,train
116427.jpg,166,230,9183.0,train
097030.jpg,91,126,9183.0,train
029185.jpg,96,133,9183.0,train
039288.jpg,247,342,9183.0,train
149190.jpg,229,317,9183.0,train
119819.jpg,192,266,9183.0,train
057222.jpg,208,288,9183.0,train
005937.jpg,159,220,9183.0,train
014326.jpg,169,234,9183.0,train
087066.jpg,172,238,9183.0,train
025345.jpg,289,400,9183.0,train
061599.jpg,148,205,9183.0,train
052716.jpg,216,299,9183.0,train
115032.jpg,156,216,9183.0,train
007065.jpg,159,220,9183.0,train
010810.jpg,276,382,9183.0,train
120328.jpg,127,176,9183.0,train
013030.jpg,172,238,9183.0,train
151387.jpg,135,187,873.0,train
092373.jpg,299,414,873.0,train
127462.jpg,1030,1426,873.0,train
095222.jpg,333,461,873.0,train
079999.jpg,192,266,873.0,train
080634.jpg,416,576,873.0,train
151862.jpg,419,580,873.0,train
130031.jpg,367,508,873.0,train
087099.jpg,187,259,873.0,train
002773.jpg,172,238,873.0,train
039891.jpg,231,320,873.0,train
093167.jpg,198,274,873.0,train
048861.jpg,265,367,873.0,train
089746.jpg,330,457,873.0,train
086543.jpg,270,374,873.0,train
123881.jpg,107,148,873.0,train
011029.jpg,81,112,873.0,train
016141.jpg,315,436,873.0,train
148672.jpg,166,230,873.0,train
025484.jpg,377,522,873.0,train
154075.jpg,198,274,871.0,train
084736.jpg,146,202,871.0,train
124764.jpg,117,162,871.0,train
094839.jpg,143,198,871.0,train
054881.jpg,81,112,871.0,train
058943.jpg,164,227,871.0,train
157176.jpg,226,313,871.0,train
140399.jpg,114,158,871.0,train
076265.jpg,94,130,871.0,train
002525.jpg,226,313,871.0,train
017861.jpg,221,306,871.0,train
090168.jpg,218,302,871.0,train
018538.jpg,99,137,871.0,train
081050.jpg,148,205,871.0,train
073332.jpg,140,194,871.0,train
124625.jpg,130,180,871.0,train
012923.jpg,117,162,871.0,train
015123.jpg,151,209,871.0,train
147017.jpg,250,346,871.0,train
016795.jpg,234,324,871.0,train
145870.jpg,195,270,4323.0,train
061794.jpg,205,284,4323.0,train
120034.jpg,315,436,4323.0,train
065723.jpg,296,410,4323.0,train
043845.jpg,172,238,4323.0,train
047780.jpg,1108,1534,4323.0,train
151032.jpg,127,176,4323.0,train
122363.jpg,153,212,4323.0,train
050265.jpg,242,335,4323.0,train
000104.jpg,151,209,4323.0,train
024065.jpg,148,205,4323.0,train
064015.jpg,291,403,4323.0,train
027375.jpg,172,238,4323.0,train
054248.jpg,218,302,4323.0,train
049005.jpg,1199,1660,4323.0,train
112815.jpg,387,536,4323.0,train
000960.jpg,221,306,4323.0,train
003715.jpg,148,205,4323.0,train
125451.jpg,179,248,4323.0,train
013205.jpg,395,547,4323.0,train
140307.jpg,840,1163,2562.0,train
070416.jpg,322,446,2562.0,train
120441.jpg,255,353,2562.0,train
075695.jpg,135,187,2562.0,train
033333.jpg,153,212,2562.0,train
033788.jpg,127,176,2562.0,train
145852.jpg,588,814,2562.0,train
121439.jpg,166,230,2562.0,train
055760.jpg,653,904,2562.0,train
002518.jpg,338,468,2562.0,train
017769.jpg,491,680,2562.0,train
075508.jpg,164,227,2562.0,train
022688.jpg,572,792,2562.0,train
057733.jpg,101,140,2562.0,train
055402.jpg,767,1062,2562.0,train
106724.jpg,671,929,2562.0,train
003106.jpg,1024,1418,2562.0,train
010119.jpg,99,137,2562.0,train
123343.jpg,192,266,2562.0,train
014757.jpg,887,1228,2562.0,train
150806.jpg,203,281,9184.0,train
072794.jpg,213,295,9184.0,train
124586.jpg,211,292,9184.0,train
093003.jpg,437,605,9184.0,train
039401.jpg,78,108,9184.0,train
041532.jpg,177,245,9184.0,train
158758.jpg,148,205,9184.0,train
127373.jpg,133,184,9184.0,train
064556.jpg,177,243,9184.0,train
000759.jpg,153,212,9184.0,train
019375.jpg,112,155,9184.0,train
082063.jpg,229,317,9184.0,train
023063.jpg,104,144,9184.0,train
066669.jpg,133,184,9184.0,train
058141.jpg,335,464,9184.0,train
121326.jpg,107,148,9184.0,train
004400.jpg,195,270,9184.0,train
018772.jpg,161,223,9184.0,train
131341.jpg,78,108,9184.0,train
018905.jpg,380,526,9184.0,train
145107.jpg,400,554,5221.0,train
088312.jpg,564,781,5221.0,train
128622.jpg,151,209,5221.0,train
098465.jpg,484,670,5221.0,train
047762.jpg,299,414,5221.0,train
051134.jpg,408,565,5221.0,train
151363.jpg,263,364,5221.0,train
132955.jpg,94,130,5221.0,train
067938.jpg,140,194,5221.0,train
008734.jpg,608,842,5221.0,train
034293.jpg,1063,1472,5221.0,train
097745.jpg,673,932,5221.0,train
035248.jpg,731,1012,5221.0,train
078574.jpg,143,198,5221.0,train
061003.jpg,122,169,5221.0,train
118959.jpg,125,173,5221.0,train
012523.jpg,424,587,5221.0,train
024211.jpg,385,533,5221.0,train
139859.jpg,114,158,5221.0,train
033996.jpg,585,810,5221.0,train
158067.jpg,294,407,8566.0,train
077267.jpg,286,396,8566.0,train
119498.jpg,372,515,8566.0,train
094463.jpg,294,407,8566.0,train
048766.jpg,364,504,8566.0,train
050469.jpg,101,140,8566.0,train
159269.jpg,203,281,8566.0,train
146224.jpg,458,634,8566.0,train
064945.jpg,198,274,8566.0,train
001637.jpg,380,526,8566.0,train
023885.jpg,276,382,8566.0,train
084883.jpg,239,331,8566.0,train
026295.jpg,169,234,8566.0,train
066272.jpg,221,346,8566.0,train
061283.jpg,159,220,8566.0,train
118898.jpg,325,450,8566.0,train
009174.jpg,265,367,8566.0,train
011168.jpg,231,320,8566.0,train
148759.jpg,252,349,8566.0,train
012652.jpg,122,169,8566.0,train
158670.jpg,151,209,9198.0,train
081275.jpg,260,360,9198.0,train
120466.jpg,263,364,9198.0,train
091639.jpg,226,313,9198.0,train
041826.jpg,224,310,9198.0,train
051509.jpg,86,119,9198.0,train
161199.jpg,283,392,9198.0,train
124446.jpg,255,353,9198.0,train
073200.jpg,107,148,9198.0,train
002756.jpg,211,292,9198.0,train
026905.jpg,231,320,9198.0,train
090467.jpg,364,504,9198.0,train
032476.jpg,255,353,9198.0,train
075854.jpg,289,400,9198.0,train
067210.jpg,161,223,9198.0,train
109806.jpg,432,514,9198.0,train
005510.jpg,133,184,9198.0,train
008376.jpg,260,360,9198.0,train
151705.jpg,156,216,9198.0,train
017620.jpg,208,288,9198.0,train
160470.jpg,601,832,6182.0,train
088383.jpg,159,220,6182.0,train
141968.jpg,385,533,6182.0,train
097172.jpg,257,356,6182.0,train
050195.jpg,590,817,6182.0,train
054744.jpg,117,162,6182.0,train
161158.jpg,377,522,6182.0,train
147502.jpg,130,180,6182.0,train
077419.jpg,127,176,6182.0,train
002843.jpg,494,684,6182.0,train
018135.jpg,426,590,6182.0,train
090195.jpg,546,756,6182.0,train
019074.jpg,307,425,6182.0,train
080363.jpg,640,886,6182.0,train
070608.jpg,179,248,6182.0,train
135882.jpg,78,108,6182.0,train
005951.jpg,372,515,6182.0,train
006142.jpg,299,414,6182.0,train
152606.jpg,112,155,6182.0,train
017621.jpg,325,450,6182.0,train
139878.jpg,114,158,2136.0,train
099939.jpg,120,166,2136.0,train
131072.jpg,156,216,2136.0,train
103653.jpg,177,245,2136.0,train
069071.jpg,114,158,2136.0,train
075471.jpg,122,169,2136.0,train
141741.jpg,205,284,2136.0,train
131993.jpg,252,349,2136.0,train
096189.jpg,146,202,2136.0,train
000273.jpg,257,356,2136.0,train
018154.jpg,125,173,2136.0,train
102542.jpg,198,274,2136.0,train
025341.jpg,237,328,2136.0,train
096734.jpg,114,158,2136.0,train
094326.jpg,403,558,2136.0,train
125643.jpg,75,104,2136.0,train
007742.jpg,177,245,2136.0,train
008448.jpg,478,662,2136.0,train
135903.jpg,91,126,2136.0,train
014076.jpg,127,176,2136.0,train
154811.jpg,320,443,6736.0,train
117900.jpg,187,259,6736.0,train
143952.jpg,1958,2711,6736.0,train
121972.jpg,283,392,6736.0,train
048311.jpg,244,338,6736.0,train
054966.jpg,411,569,6736.0,train
160181.jpg,112,155,6736.0,train
143999.jpg,114,158,6736.0,train
089840.jpg,86,119,6736.0,train
006435.jpg,192,266,6736.0,train
022950.jpg,114,158,6736.0,train
120484.jpg,276,382,6736.0,train
040398.jpg,156,216,6736.0,train
095722.jpg,133,184,6736.0,train
065083.jpg,383,648,6736.0,train
141736.jpg,268,371,6736.0,train
008487.jpg,247,342,6736.0,train
009906.jpg,276,382,6736.0,train
149894.jpg,169,234,6736.0,train
017183.jpg,125,173,6736.0,train
144922.jpg,151,209,4692.0,train
092557.jpg,127,176,4692.0,train
138174.jpg,411,569,4692.0,train
101648.jpg,190,263,4692.0,train
047279.jpg,99,137,4692.0,train
065786.jpg,122,169,4692.0,train
151792.jpg,562,778,4692.0,train
139352.jpg,138,191,4692.0,train
082081.jpg,356,493,4692.0,train
001631.jpg,445,616,4692.0,train
018614.jpg,598,828,4692.0,train
096486.jpg,874,1210,4692.0,train
019450.jpg,281,389,4692.0,train
083429.jpg,528,731,4692.0,train
076613.jpg,320,443,4692.0,train
125343.jpg,91,126,4692.0,train
003290.jpg,361,500,4692.0,train
012261.jpg,481,666,4692.0,train
139697.jpg,94,130,4692.0,train
018345.jpg,114,158,4692.0,train
157310.jpg,265,367,8685.0,train
092759.jpg,250,346,8685.0,train
127189.jpg,393,544,8685.0,train
100592.jpg,359,497,8685.0,train
077619.jpg,94,130,8685.0,train
081608.jpg,289,400,8685.0,train
157501.jpg,203,281,8685.0,train
130522.jpg,174,241,8685.0,train
086796.jpg,369,511,8685.0,train
016395.jpg,156,216,8685.0,train
044922.jpg,309,428,8685.0,train
095207.jpg,268,371,8685.0,train
061340.jpg,179,248,8685.0,train
089018.jpg,107,148,8685.0,train
086347.jpg,234,324,8685.0,train
125824.jpg,406,562,8685.0,train
019355.jpg,208,288,8685.0,train
033747.jpg,153,212,8685.0,train
142274.jpg,419,580,8685.0,train
036231.jpg,146,202,8685.0,train
155702.jpg,226,313,8460.0,train
054510.jpg,127,176,8460.0,train
127186.jpg,218,302,8460.0,train
056711.jpg,294,407,8460.0,train
018316.jpg,738,1022,8460.0,train
019317.jpg,369,511,8460.0,train
161237.jpg,151,209,8460.0,train
127460.jpg,257,356,8460.0,train
029584.jpg,190,263,8460.0,train
002024.jpg,273,378,8460.0,train
007817.jpg,387,536,8460.0,train
055427.jpg,218,302,8460.0,train
008920.jpg,205,284,8460.0,train
033560.jpg,645,838,8460.0,train
028466.jpg,255,353,8460.0,train
125866.jpg,169,234,8460.0,train
003181.jpg,221,306,8460.0,train
003226.jpg,177,245,8460.0,train
135826.jpg,94,130,8460.0,train
003742.jpg,348,482,8460.0,train
150423.jpg,130,180,4884.0,train
081737.jpg,135,187,4884.0,train
118888.jpg,156,216,4884.0,train
099706.jpg,83,115,4884.0,train
045168.jpg,140,194,4884.0,train
058179.jpg,364,504,4884.0,train
154607.jpg,325,450,4884.0,train
122864.jpg,122,169,4884.0,train
076354.jpg,133,184,4884.0,train
002480.jpg,130,180,4884.0,train
019195.jpg,109,151,4884.0,train
089192.jpg,252,349,4884.0,train
021397.jpg,133,184,4884.0,train
079423.jpg,179,248,4884.0,train
071216.jpg,146,202,4884.0,train
116199.jpg,112,155,4884.0,train
003354.jpg,770,1066,4884.0,train
015659.jpg,374,518,4884.0,train
140369.jpg,107,148,4884.0,train
017230.jpg,458,634,4884.0,train
146672.jpg,1061,1469,1565.0,train
085902.jpg,211,292,1565.0,train
114719.jpg,161,223,1565.0,train
091492.jpg,140,194,1565.0,train
039009.jpg,203,281,1565.0,train
057256.jpg,112,155,1565.0,train
154303.jpg,231,320,1565.0,train
130621.jpg,156,216,1565.0,train
069184.jpg,221,306,1565.0,train
000648.jpg,120,166,1565.0,train
026505.jpg,140,194,1565.0,train
089978.jpg,104,144,1565.0,train
026604.jpg,1292,1789,1565.0,train
075048.jpg,151,209,1565.0,train
066920.jpg,276,382,1565.0,train
114642.jpg,174,241,1565.0,train
005965.jpg,260,360,1565.0,train
010494.jpg,278,385,1565.0,train
141121.jpg,148,205,1565.0,train
020802.jpg,250,346,1565.0,train
139444.jpg,135,187,8468.0,train
050017.jpg,135,187,8468.0,train
104226.jpg,169,234,8468.0,train
055051.jpg,174,241,8468.0,train
039511.jpg,146,202,8468.0,train
041684.jpg,114,158,8468.0,train
144975.jpg,179,248,8468.0,train
110220.jpg,265,367,8468.0,train
044020.jpg,257,356,8468.0,train
002879.jpg,143,198,8468.0,train
016742.jpg,96,133,8468.0,train
052609.jpg,88,122,8468.0,train
020351.jpg,86,119,8468.0,train
044820.jpg,114,158,8468.0,train
043788.jpg,133,184,8468.0,train
099715.jpg,146,202,8468.0,train
003689.jpg,130,180,8468.0,train
005816.jpg,107,148,8468.0,train
116953.jpg,94,130,8468.0,train
016457.jpg,309,428,8468.0,train
153755.jpg,156,216,1574.0,train
088856.jpg,133,184,1574.0,train
103019.jpg,226,313,1574.0,train
090348.jpg,101,140,1574.0,train
050873.jpg,952,1318,1574.0,train
051870.jpg,333,461,1574.0,train
157211.jpg,70,97,1574.0,train
136167.jpg,156,216,1574.0,train
070255.jpg,146,202,1574.0,train
004955.jpg,374,518,1574.0,train
020744.jpg,101,140,1574.0,train
090212.jpg,182,252,1574.0,train
029420.jpg,325,450,1574.0,train
074292.jpg,172,238,1574.0,train
069560.jpg,286,396,1574.0,train
102703.jpg,65,90,1574.0,train
006741.jpg,312,432,1574.0,train
011336.jpg,166,230,1574.0,train
140981.jpg,179,248,1574.0,train
015610.jpg,221,306,1574.0,train
136699.jpg,159,220,4879.0,train
083337.jpg,83,115,4879.0,train
112152.jpg,289,400,4879.0,train
091473.jpg,203,281,4879.0,train
045838.jpg,148,205,4879.0,train
046814.jpg,156,216,4879.0,train
144021.jpg,390,540,4879.0,train
117908.jpg,208,288,4879.0,train
060631.jpg,114,158,4879.0,train
019742.jpg,109,151,4879.0,train
033087.jpg,161,223,4879.0,train
087654.jpg,182,252,4879.0,train
036771.jpg,276,382,4879.0,train
072898.jpg,775,1073,4879.0,train
059901.jpg,177,245,4879.0,train
109920.jpg,796,1102,4879.0,train
026870.jpg,94,130,4879.0,train
030754.jpg,263,364,4879.0,train
125434.jpg,260,360,4879.0,train
032676.jpg,174,241,4879.0,train
138935.jpg,226,313,1929.0,train
057346.jpg,104,144,1929.0,train
122416.jpg,239,331,1929.0,train
072899.jpg,242,335,1929.0,train
026613.jpg,237,328,1929.0,train
026909.jpg,244,338,1929.0,train
149106.jpg,130,180,1929.0,train
123517.jpg,541,749,1929.0,train
036367.jpg,263,364,1929.0,train
001846.jpg,117,162,1929.0,train
018458.jpg,164,227,1929.0,train
065953.jpg,458,634,1929.0,train
020552.jpg,304,421,1929.0,train
040145.jpg,273,378,1929.0,train
036305.jpg,218,302,1929.0,train
118012.jpg,187,259,1929.0,train
007649.jpg,263,364,1929.0,train
009720.jpg,226,313,1929.0,train
129013.jpg,268,371,1929.0,train
016272.jpg,96,133,1929.0,train
156133.jpg,255,353,6300.0,train
115147.jpg,148,205,6300.0,train
135039.jpg,239,331,6300.0,train
122017.jpg,185,256,6300.0,train
074738.jpg,216,299,6300.0,train
082462.jpg,338,468,6300.0,train
156398.jpg,445,616,6300.0,train
148279.jpg,291,403,6300.0,train
105900.jpg,200,277,6300.0,train
001380.jpg,231,320,6300.0,train
039044.jpg,107,148,6300.0,train
119695.jpg,645,893,6300.0,train
044675.jpg,465,644,6300.0,train
109898.jpg,312,432,6300.0,train
088115.jpg,299,414,6300.0,train
133926.jpg,741,1026,6300.0,train
009655.jpg,595,824,6300.0,train
018420.jpg,229,317,6300.0,train
148774.jpg,416,576,6300.0,train
024997.jpg,101,140,6300.0,train
148541.jpg,96,133,8667.0,train
092652.jpg,533,738,8667.0,train
128486.jpg,127,176,8667.0,train
097440.jpg,169,234,8667.0,train
059661.jpg,130,180,8667.0,train
071168.jpg,164,227,8667.0,train
159636.jpg,117,162,8667.0,train
130476.jpg,237,328,8667.0,train
078963.jpg,187,259,8667.0,train
017015.jpg,182,252,8667.0,train
036979.jpg,213,295,8667.0,train
093053.jpg,140,194,8667.0,train
049432.jpg,247,342,8667.0,train
081602.jpg,200,277,8667.0,train
077225.jpg,257,356,8667.0,train
121543.jpg,307,425,8667.0,train
023343.jpg,127,176,8667.0,train
027371.jpg,764,1058,8667.0,train
136266.jpg,242,335,8667.0,train
027757.jpg,244,338,8667.0,train
152362.jpg,101,140,4876.0,train
090407.jpg,255,353,4876.0,train
132096.jpg,299,414,4876.0,train
106411.jpg,127,176,4876.0,train
065481.jpg,187,259,4876.0,train
065719.jpg,112,155,4876.0,train
154115.jpg,169,234,4876.0,train
137192.jpg,140,194,4876.0,train
075008.jpg,465,644,4876.0,train
000092.jpg,140,194,4876.0,train
031458.jpg,177,245,4876.0,train
094505.jpg,291,403,4876.0,train
039592.jpg,83,115,4876.0,train
079823.jpg,278,385,4876.0,train
071486.jpg,208,288,4876.0,train
121150.jpg,70,97,4876.0,train
000478.jpg,166,230,4876.0,train
015567.jpg,140,194,4876.0,train
138902.jpg,278,385,4876.0,train
021190.jpg,182,252,4876.0,train
147862.jpg,91,126,1585.0,train
065026.jpg,104,144,1585.0,train
132459.jpg,187,259,1585.0,train
084889.jpg,164,227,1585.0,train
029388.jpg,55,76,1585.0,train
043698.jpg,112,155,1585.0,train
157137.jpg,198,274,1585.0,train
139684.jpg,81,112,1585.0,train
058307.jpg,78,108,1585.0,train
001727.jpg,86,119,1585.0,train
019030.jpg,161,223,1585.0,train
066829.jpg,112,155,1585.0,train
023695.jpg,70,97,1585.0,train
062665.jpg,101,140,1585.0,train
047935.jpg,109,151,1585.0,train
131575.jpg,86,119,1585.0,train
009175.jpg,172,238,1585.0,train
013490.jpg,530,734,1585.0,train
145267.jpg,91,126,1585.0,train
018376.jpg,91,126,1585.0,train
154694.jpg,112,155,4697.0,train
092563.jpg,291,403,4697.0,train
123574.jpg,120,166,4697.0,train
102695.jpg,265,367,4697.0,train
065916.jpg,49,68,4697.0,train
070451.jpg,733,1015,4697.0,train
157128.jpg,185,256,4697.0,train
146107.jpg,226,313,4697.0,train
081926.jpg,127,176,4697.0,train
014575.jpg,55,76,4697.0,train
051511.jpg,224,310,4697.0,train
098061.jpg,130,180,4697.0,train
053981.jpg,393,544,4697.0,train
085102.jpg,177,245,4697.0,train
075444.jpg,296,410,4697.0,train
114971.jpg,75,104,4697.0,train
030267.jpg,369,511,4697.0,train
043890.jpg,156,216,4697.0,train
149578.jpg,936,1296,4697.0,train
050446.jpg,510,706,4697.0,train
154202.jpg,122,169,6397.0,train
106669.jpg,244,338,6397.0,train
126684.jpg,130,180,6397.0,train
113367.jpg,83,115,6397.0,train
060408.jpg,218,302,6397.0,train
072229.jpg,120,166,6397.0,train
157074.jpg,104,144,6397.0,train
128400.jpg,125,173,6397.0,train
083490.jpg,476,659,6397.0,train
014328.jpg,114,158,6397.0,train
033328.jpg,1144,1584,6397.0,train
110061.jpg,385,533,6397.0,train
038713.jpg,60,83,6397.0,train
095691.jpg,294,407,6397.0,train
082406.jpg,172,238,6397.0,train
124093.jpg,439,608,6397.0,train
021464.jpg,148,205,6397.0,train
025053.jpg,70,97,6397.0,train
129025.jpg,161,223,6397.0,train
025575.jpg,213,295,6397.0,train
155779.jpg,317,439,8448.0,train
085459.jpg,195,270,8448.0,train
118178.jpg,192,266,8448.0,train
090269.jpg,250,346,8448.0,train
042370.jpg,257,356,8448.0,train
044908.jpg,257,356,8448.0,train
159363.jpg,265,367,8448.0,train
123973.jpg,307,425,8448.0,train
066631.jpg,112,155,8448.0,train
011883.jpg,374,518,8448.0,train
028101.jpg,213,295,8448.0,train
086822.jpg,294,407,8448.0,train
033076.jpg,146,202,8448.0,train
071882.jpg,208,288,8448.0,train
055862.jpg,195,270,8448.0,train
111197.jpg,270,374,8448.0,train
015720.jpg,312,432,8448.0,train
026395.jpg,299,414,8448.0,train
132961.jpg,203,281,8448.0,train
027770.jpg,289,400,8448.0,train
146742.jpg,265,367,1938.0,train
108752.jpg,190,263,1938.0,train
139371.jpg,707,979,1938.0,train
112294.jpg,218,302,1938.0,train
085563.jpg,244,307,1938.0,train
086804.jpg,473,655,1938.0,train
147039.jpg,223,310,1938.0,train
139605.jpg,458,634,1938.0,train
104918.jpg,363,508,1938.0,train
000993.jpg,133,184,1938.0,train
048236.jpg,172,238,1938.0,train
110798.jpg,250,346,1938.0,train
052033.jpg,601,688,1938.0,train
105388.jpg,127,176,1938.0,train
096604.jpg,270,360,1938.0,train
127353.jpg,211,292,1938.0,train
005920.jpg,299,414,1938.0,train
019084.jpg,1310,1814,1938.0,train
140634.jpg,826,1310,1938.0,train
033170.jpg,252,349,1938.0,train
148476.jpg,138,191,8485.0,train
082097.jpg,403,558,8485.0,train
127301.jpg,926,1282,8485.0,train
085587.jpg,439,608,8485.0,train
036265.jpg,226,313,8485.0,train
037181.jpg,172,238,8485.0,train
161405.jpg,640,886,8485.0,train
131258.jpg,239,331,8485.0,train
063763.jpg,88,122,8485.0,train
000632.jpg,317,439,8485.0,train
018226.jpg,125,173,8485.0,train
083979.jpg,198,274,8485.0,train
024599.jpg,307,425,8485.0,train
069211.jpg,304,421,8485.0,train
055026.jpg,385,533,8485.0,train
126853.jpg,146,202,8485.0,train
007738.jpg,257,356,8485.0,train
011333.jpg,250,346,8485.0,train
134493.jpg,242,335,8485.0,train
015465.jpg,125,173,8485.0,train
154451.jpg,481,666,1499.0,train
105614.jpg,257,356,1499.0,train
128989.jpg,179,248,1499.0,train
115222.jpg,762,1055,1499.0,train
043197.jpg,530,734,1499.0,train
046484.jpg,715,990,1499.0,train
154911.jpg,601,832,1499.0,train
132561.jpg,559,774,1499.0,train
056181.jpg,130,180,1499.0,train
000062.jpg,94,130,1499.0,train
016995.jpg,125,173,1499.0,train
111991.jpg,114,158,1499.0,train
026513.jpg,151,209,1499.0,train
066382.jpg,439,608,1499.0,train
050741.jpg,551,763,1499.0,train
127409.jpg,439,608,1499.0,train
002463.jpg,203,281,1499.0,train
006515.jpg,359,497,1499.0,train
146793.jpg,244,338,1499.0,train
009529.jpg,624,864,1499.0,train
148508.jpg,169,234,1951.0,train
070250.jpg,156,216,1951.0,train
130667.jpg,161,223,1951.0,train
087399.jpg,231,320,1951.0,train
035914.jpg,83,115,1951.0,train
038668.jpg,252,349,1951.0,train
148972.jpg,117,162,1951.0,train
137521.jpg,156,216,1951.0,train
059787.jpg,91,126,1951.0,train
002606.jpg,96,133,1951.0,train
024293.jpg,255,353,1951.0,train
079770.jpg,133,184,1951.0,train
025749.jpg,148,205,1951.0,train
063361.jpg,351,486,1951.0,train
048651.jpg,169,234,1951.0,train
122263.jpg,229,317,1951.0,train
012309.jpg,75,104,1951.0,train
022587.jpg,153,212,1951.0,train
144592.jpg,83,115,1951.0,train
022874.jpg,166,230,1951.0,train
150487.jpg,770,1066,1488.0,train
100540.jpg,112,155,1488.0,train
137541.jpg,127,176,1488.0,train
111098.jpg,99,137,1488.0,train
039213.jpg,185,256,1488.0,train
040430.jpg,642,889,1488.0,train
153361.jpg,356,493,1488.0,train
141469.jpg,146,202,1488.0,train
067042.jpg,112,155,1488.0,train
006530.jpg,276,382,1488.0,train
023026.jpg,83,115,1488.0,train
101025.jpg,177,245,1488.0,train
024334.jpg,86,119,1488.0,train
068838.jpg,107,148,1488.0,train
066596.jpg,187,259,1488.0,train
135291.jpg,172,238,1488.0,train
012639.jpg,94,130,1488.0,train
016556.jpg,107,148,1488.0,train
146328.jpg,130,180,1488.0,train
021734.jpg,130,180,1488.0,train
152589.jpg,237,328,1489.0,train
120412.jpg,333,461,1489.0,train
142790.jpg,159,220,1489.0,train
122436.jpg,117,162,1489.0,train
072100.jpg,166,230,1489.0,train
075201.jpg,148,205,1489.0,train
156138.jpg,229,317,1489.0,train
146588.jpg,403,558,1489.0,train
084675.jpg,94,130,1489.0,train
004938.jpg,96,133,1489.0,train
044093.jpg,151,209,1489.0,train
120841.jpg,224,310,1489.0,train
054516.jpg,200,277,1489.0,train
091312.jpg,203,281,1489.0,train
079131.jpg,127,176,1489.0,train
140970.jpg,135,187,1489.0,train
010443.jpg,109,151,1489.0,train
036960.jpg,99,137,1489.0,train
148210.jpg,333,461,1489.0,train
043176.jpg,148,205,1489.0,train
156888.jpg,172,238,8428.0,train
093714.jpg,114,158,8428.0,train
128509.jpg,179,248,8428.0,train
099855.jpg,138,191,8428.0,train
058184.jpg,104,144,8428.0,train
061969.jpg,140,194,8428.0,train
157129.jpg,283,392,8428.0,train
151384.jpg,650,900,8428.0,train
082676.jpg,198,274,8428.0,train
009927.jpg,208,288,8428.0,train
032966.jpg,107,148,8428.0,train
094241.jpg,140,194,8428.0,train
039180.jpg,510,706,8428.0,train
091689.jpg,151,209,8428.0,train
077996.jpg,205,284,8428.0,train
124538.jpg,140,194,8428.0,train
016350.jpg,104,144,8428.0,train
022886.jpg,361,500,8428.0,train
154098.jpg,164,227,8428.0,train
027572.jpg,192,266,8428.0,train
151454.jpg,179,248,4920.0,train
090537.jpg,244,338,4920.0,train
139159.jpg,192,266,4920.0,train
103434.jpg,257,356,4920.0,train
051715.jpg,351,486,4920.0,train
060054.jpg,218,302,4920.0,train
151657.jpg,790,1094,4920.0,train
139694.jpg,255,353,4920.0,train
082048.jpg,1154,1598,4920.0,train
009738.jpg,252,349,4920.0,train
031590.jpg,174,241,4920.0,train
099743.jpg,78,108,4920.0,train
035669.jpg,770,1066,4920.0,train
087956.jpg,221,306,4920.0,train
076988.jpg,174,241,4920.0,train
137804.jpg,325,450,4920.0,train
016323.jpg,309,409,4920.0,train
024995.jpg,257,356,4920.0,train
139815.jpg,133,184,4920.0,train
027199.jpg,252,349,4920.0,train
146184.jpg,172,238,4913.0,train
082236.jpg,307,425,4913.0,train
121361.jpg,200,277,4913.0,train
095249.jpg,320,443,4913.0,train
023767.jpg,1050,1454,4913.0,train
045461.jpg,133,184,4913.0,train
152434.jpg,211,292,4913.0,train
126724.jpg,281,389,4913.0,train
074429.jpg,216,299,4913.0,train
001451.jpg,302,418,4913.0,train
016311.jpg,302,418,4913.0,train
086396.jpg,307,425,4913.0,train
016477.jpg,226,313,4913.0,train
075055.jpg,286,396,4913.0,train
073012.jpg,445,616,4913.0,train
121352.jpg,335,464,4913.0,train
002676.jpg,156,216,4913.0,train
003823.jpg,117,162,4913.0,train
132077.jpg,328,454,4913.0,train
016271.jpg,211,292,4913.0,train
133858.jpg,109,151,1947.0,train
065053.jpg,260,360,1947.0,train
111209.jpg,68,94,1947.0,train
068801.jpg,250,346,1947.0,train
035753.jpg,117,162,1947.0,train
048891.jpg,94,130,1947.0,train
134964.jpg,242,335,1947.0,train
113203.jpg,130,180,1947.0,train
053123.jpg,73,101,1947.0,train
001247.jpg,244,338,1947.0,train
020881.jpg,130,180,1947.0,train
067446.jpg,172,238,1947.0,train
024704.jpg,198,274,1947.0,train
059644.jpg,198,274,1947.0,train
050362.jpg,177,245,1947.0,train
103071.jpg,107,148,1947.0,train
011342.jpg,83,115,1947.0,train
018356.jpg,125,173,1947.0,train
115378.jpg,143,198,1947.0,train
019091.jpg,385,533,1947.0,train
153156.jpg,159,220,4891.0,train
084255.jpg,182,238,4891.0,train
137912.jpg,884,1224,4891.0,train
109934.jpg,208,288,4891.0,train
056320.jpg,153,212,4891.0,train
065487.jpg,307,425,4891.0,train
156313.jpg,101,140,4891.0,train
139102.jpg,234,324,4891.0,train
073024.jpg,312,432,4891.0,train
011358.jpg,130,180,4891.0,train
031270.jpg,122,169,4891.0,train
098174.jpg,268,371,4891.0,train
031342.jpg,302,418,4891.0,train
073908.jpg,101,140,4891.0,train
070281.jpg,156,216,4891.0,train
136435.jpg,161,223,4891.0,train
016460.jpg,205,284,4891.0,train
022670.jpg,296,410,4891.0,train
142088.jpg,473,655,4891.0,train
023314.jpg,502,578,4891.0,train
150428.jpg,218,302,8722.0,train
089913.jpg,153,212,8722.0,train
137131.jpg,198,274,8722.0,train
098287.jpg,198,274,8722.0,train
053667.jpg,328,454,8722.0,train
057537.jpg,224,310,8722.0,train
152092.jpg,788,1091,8722.0,train
139382.jpg,107,148,8722.0,train
070737.jpg,738,1022,8722.0,train
000819.jpg,122,169,8722.0,train
035619.jpg,530,734,8722.0,train
091768.jpg,164,227,8722.0,train
037762.jpg,208,288,8722.0,train
081955.jpg,478,662,8722.0,train
060997.jpg,151,209,8722.0,train
136838.jpg,169,234,8722.0,train
005395.jpg,198,274,8722.0,train
006381.jpg,250,346,8722.0,train
147364.jpg,302,418,8722.0,train
008315.jpg,192,266,8722.0,train
134340.jpg,541,749,8721.0,train
071408.jpg,205,284,8721.0,train
105795.jpg,221,306,8721.0,train
081238.jpg,359,497,8721.0,train
033382.jpg,169,234,8721.0,train
045701.jpg,439,608,8721.0,train
139841.jpg,361,500,8721.0,train
114596.jpg,772,1069,8721.0,train
061986.jpg,94,130,8721.0,train
003141.jpg,224,310,8721.0,train
014110.jpg,307,425,8721.0,train
075273.jpg,278,385,8721.0,train
016308.jpg,159,220,8721.0,train
068156.jpg,96,133,8721.0,train
053658.jpg,86,119,8721.0,train
105170.jpg,156,216,8721.0,train
004543.jpg,104,144,8721.0,train
008973.jpg,159,220,8721.0,train
122222.jpg,151,209,8721.0,train
009299.jpg,172,238,8721.0,train
149241.jpg,234,324,8712.0,train
078154.jpg,333,461,8712.0,train
133285.jpg,159,220,8712.0,train
092039.jpg,536,742,8712.0,train
033762.jpg,255,353,8712.0,train
053864.jpg,205,284,8712.0,train
151394.jpg,143,198,8712.0,train
136611.jpg,572,792,8712.0,train
070129.jpg,728,1008,8712.0,train
006562.jpg,785,1087,8712.0,train
015061.jpg,143,198,8712.0,train
091208.jpg,213,295,8712.0,train
015956.jpg,255,353,8712.0,train
072316.jpg,190,263,8712.0,train
057180.jpg,330,457,8712.0,train
128069.jpg,211,292,8712.0,train
011383.jpg,211,292,8712.0,train
013439.jpg,179,248,8712.0,train
137381.jpg,250,346,8712.0,train
014635.jpg,226,313,8712.0,train
152585.jpg,959,1328,1513.0,train
096289.jpg,169,234,1513.0,train
127328.jpg,811,1123,1513.0,train
105198.jpg,200,277,1513.0,train
046282.jpg,270,374,1513.0,train
049934.jpg,411,569,1513.0,train
155911.jpg,348,428,1513.0,train
134787.jpg,374,518,1513.0,train
066998.jpg,403,558,1513.0,train
003019.jpg,367,508,1513.0,train
032132.jpg,143,198,1513.0,train
098107.jpg,265,367,1513.0,train
034384.jpg,1061,1469,1513.0,train
075389.jpg,239,331,1513.0,train
057821.jpg,497,688,1513.0,train
122785.jpg,192,266,1513.0,train
006830.jpg,952,1318,1513.0,train
014111.jpg,242,335,1513.0,train
135024.jpg,1157,1602,1513.0,train
031549.jpg,946,1310,1513.0,train
142506.jpg,996,1379,1944.0,train
097705.jpg,179,248,1944.0,train
133048.jpg,385,514,1944.0,train
108075.jpg,182,252,1944.0,train
059183.jpg,374,518,1944.0,train
071558.jpg,250,346,1944.0,train
142571.jpg,270,374,1944.0,train
133763.jpg,263,364,1944.0,train
076890.jpg,239,331,1944.0,train
004092.jpg,325,450,1944.0,train
031988.jpg,169,234,1944.0,train
102380.jpg,364,504,1944.0,train
053402.jpg,283,392,1944.0,train
084915.jpg,400,554,1944.0,train
074301.jpg,325,450,1944.0,train
131586.jpg,307,425,1944.0,train
005896.jpg,208,288,1944.0,train
014266.jpg,237,328,1944.0,train
135636.jpg,507,702,1944.0,train
019024.jpg,200,277,1944.0,train
157451.jpg,239,331,8706.0,train
086498.jpg,172,238,8706.0,train
144139.jpg,247,342,8706.0,train
096884.jpg,107,148,8706.0,train
068011.jpg,161,223,8706.0,train
072811.jpg,195,270,8706.0,train
158034.jpg,359,497,8706.0,train
150531.jpg,205,284,8706.0,train
077547.jpg,166,230,8706.0,train
017243.jpg,224,310,8706.0,train
051252.jpg,203,281,8706.0,train
091372.jpg,177,245,8706.0,train
062980.jpg,260,360,8706.0,train
078473.jpg,304,421,8706.0,train
075918.jpg,135,187,8706.0,train
143979.jpg,203,281,8706.0,train
031756.jpg,335,464,8706.0,train
031817.jpg,369,511,8706.0,train
153121.jpg,231,320,8706.0,train
041358.jpg,452,626,8706.0,train
151254.jpg,746,1033,8660.0,train
083247.jpg,172,238,8660.0,train
138067.jpg,621,860,8660.0,train
093473.jpg,621,860,8660.0,train
064581.jpg,101,140,8660.0,train
064919.jpg,190,263,8660.0,train
158896.jpg,125,173,8660.0,train
139589.jpg,125,173,8660.0,train
078618.jpg,224,310,8660.0,train
013400.jpg,364,504,8660.0,train
046029.jpg,156,216,8660.0,train
085295.jpg,156,216,8660.0,train
054054.jpg,174,241,8660.0,train
078738.jpg,112,155,8660.0,train
072759.jpg,666,922,8660.0,train
130433.jpg,205,284,8660.0,train
039022.jpg,572,792,8660.0,train
039936.jpg,182,252,8660.0,train
140242.jpg,185,256,8660.0,train
042751.jpg,96,133,8660.0,train
150425.jpg,104,144,8494.0,train
095303.jpg,151,209,8494.0,train
125391.jpg,143,198,8494.0,train
104055.jpg,127,176,8494.0,train
045748.jpg,101,140,8494.0,train
047100.jpg,294,407,8494.0,train
154235.jpg,164,227,8494.0,train
141672.jpg,146,202,8494.0,train
063369.jpg,478,662,8494.0,train
014017.jpg,99,137,8494.0,train
033017.jpg,91,126,8494.0,train
095547.jpg,127,176,8494.0,train
037580.jpg,239,331,8494.0,train
068148.jpg,629,871,8494.0,train
060692.jpg,109,151,8494.0,train
123157.jpg,130,180,8494.0,train
021907.jpg,75,104,8494.0,train
026755.jpg,330,457,8494.0,train
142040.jpg,317,439,8494.0,train
030997.jpg,286,396,8494.0,train
144765.jpg,135,187,8733.0,train
077604.jpg,187,259,8733.0,train
096144.jpg,166,230,8733.0,train
084642.jpg,481,666,8733.0,train
032637.jpg,205,284,8733.0,train
032947.jpg,104,144,8733.0,train
147784.jpg,216,299,8733.0,train
115162.jpg,166,230,8733.0,train
039934.jpg,153,212,8733.0,train
002693.jpg,146,202,8733.0,train
014231.jpg,255,353,8733.0,train
078085.jpg,159,220,8733.0,train
021953.jpg,161,223,8733.0,train
041141.jpg,208,288,8733.0,train
037334.jpg,213,295,8733.0,train
096137.jpg,213,295,8733.0,train
003536.jpg,239,331,8733.0,train
009047.jpg,224,310,8733.0,train
126425.jpg,255,353,8733.0,train
010932.jpg,135,187,8733.0,train
140049.jpg,75,104,6351.0,train
093644.jpg,325,450,6351.0,train
117009.jpg,122,169,6351.0,train
098272.jpg,151,209,6351.0,train
035245.jpg,104,144,6351.0,train
043457.jpg,177,245,6351.0,train
148748.jpg,208,288,6351.0,train
117341.jpg,177,245,6351.0,train
061058.jpg,151,209,6351.0,train
000328.jpg,117,162,6351.0,train
009120.jpg,218,302,6351.0,train
094243.jpg,398,551,6351.0,train
013893.jpg,70,97,6351.0,train
062534.jpg,88,122,6351.0,train
052218.jpg,166,230,6351.0,train
116740.jpg,200,277,6351.0,train
002390.jpg,104,144,6351.0,train
006009.jpg,109,151,6351.0,train
134511.jpg,179,248,6351.0,train
006303.jpg,151,209,6351.0,train
140744.jpg,406,562,8521.0,train
080304.jpg,135,187,8521.0,train
125872.jpg,133,184,8521.0,train
085063.jpg,634,878,8521.0,train
054463.jpg,177,245,8521.0,train
066175.jpg,208,288,8521.0,train
141696.jpg,650,824,8521.0,train
126937.jpg,164,227,8521.0,train
072458.jpg,614,850,8521.0,train
002912.jpg,335,464,8521.0,train
039310.jpg,143,198,8521.0,train
081163.jpg,185,256,8521.0,train
039978.jpg,164,227,8521.0,train
076525.jpg,247,342,8521.0,train
068136.jpg,164,227,8521.0,train
113875.jpg,231,320,8521.0,train
006940.jpg,538,745,8521.0,train
022955.jpg,172,238,8521.0,train
127009.jpg,515,713,8521.0,train
037294.jpg,179,248,8521.0,train
147677.jpg,125,173,8632.0,train
080294.jpg,104,144,8632.0,train
127143.jpg,107,148,8632.0,train
098224.jpg,143,198,8632.0,train
039121.jpg,169,234,8632.0,train
044046.jpg,169,234,8632.0,train
150184.jpg,304,421,8632.0,train
127364.jpg,112,155,8632.0,train
077101.jpg,117,162,8632.0,train
005977.jpg,96,133,8632.0,train
020016.jpg,88,122,8632.0,train
098173.jpg,203,281,8632.0,train
030649.jpg,138,191,8632.0,train
079604.jpg,112,155,8632.0,train
069466.jpg,140,194,8632.0,train
124880.jpg,135,187,8632.0,train
006398.jpg,177,245,8632.0,train
008790.jpg,122,169,8632.0,train
129053.jpg,933,1266,8632.0,train
010157.jpg,78,108,8632.0,train
153603.jpg,213,295,8626.0,train
084032.jpg,268,371,8626.0,train
131368.jpg,229,317,8626.0,train
092921.jpg,226,313,8626.0,train
028609.jpg,255,353,8626.0,train
031139.jpg,159,220,8626.0,train
155510.jpg,205,284,8626.0,train
132902.jpg,432,598,8626.0,train
074331.jpg,133,184,8626.0,train
006443.jpg,244,338,8626.0,train
018057.jpg,166,230,8626.0,train
088849.jpg,276,382,8626.0,train
019832.jpg,195,270,8626.0,train
077850.jpg,257,356,8626.0,train
072572.jpg,81,112,8626.0,train
126838.jpg,159,220,8626.0,train
013341.jpg,224,310,8626.0,train
013944.jpg,125,173,8626.0,train
136875.jpg,229,317,8626.0,train
016131.jpg,655,907,8626.0,train
156198.jpg,359,497,8528.0,train
094271.jpg,491,680,8528.0,train
128710.jpg,78,108,8528.0,train
102862.jpg,166,230,8528.0,train
043623.jpg,244,338,8528.0,train
063916.jpg,715,990,8528.0,train
156474.jpg,291,403,8528.0,train
142884.jpg,270,374,8528.0,train
073809.jpg,463,596,8528.0,train
004090.jpg,104,144,8528.0,train
030582.jpg,117,162,8528.0,train
096521.jpg,127,176,8528.0,train
033702.jpg,348,482,8528.0,train
091923.jpg,341,472,8528.0,train
071539.jpg,278,385,8528.0,train
124981.jpg,575,796,8528.0,train
008227.jpg,330,457,8528.0,train
010972.jpg,611,846,8528.0,train
146389.jpg,294,407,8528.0,train
012797.jpg,107,148,8528.0,train
158847.jpg,114,158,1815.0,train
092674.jpg,224,310,1815.0,train
145647.jpg,198,274,1815.0,train
106985.jpg,94,130,1815.0,train
059664.jpg,419,580,1815.0,train
067478.jpg,83,115,1815.0,train
159913.jpg,83,115,1815.0,train
148990.jpg,159,220,1815.0,train
079806.jpg,239,331,1815.0,train
003375.jpg,109,151,1815.0,train
037370.jpg,260,360,1815.0,train
100788.jpg,1375,1904,1815.0,train
038058.jpg,252,349,1815.0,train
080266.jpg,112,155,1815.0,train
072254.jpg,117,162,1815.0,train
126515.jpg,484,670,1815.0,train
004558.jpg,187,259,1815.0,train
008368.jpg,182,252,1815.0,train
153962.jpg,107,148,1815.0,train
036131.jpg,156,216,1815.0,train
145182.jpg,148,205,1810.0,train
086537.jpg,166,230,1810.0,train
138758.jpg,179,248,1810.0,train
090970.jpg,250,346,1810.0,train
031246.jpg,91,126,1810.0,train
031852.jpg,211,292,1810.0,train
148445.jpg,296,410,1810.0,train
142316.jpg,374,518,1810.0,train
063965.jpg,285,443,1810.0,train
005558.jpg,242,335,1810.0,train
020972.jpg,177,245,1810.0,train
086595.jpg,148,205,1810.0,train
024664.jpg,78,108,1810.0,train
075259.jpg,172,238,1810.0,train
039705.jpg,190,263,1810.0,train
131818.jpg,213,295,1810.0,train
010633.jpg,312,432,1810.0,train
012632.jpg,229,317,1810.0,train
143228.jpg,208,288,1810.0,train
018635.jpg,177,245,1810.0,train
152478.jpg,138,191,4731.0,train
091464.jpg,270,374,4731.0,train
106899.jpg,273,378,4731.0,train
094527.jpg,361,500,4731.0,train
056977.jpg,177,245,4731.0,train
061675.jpg,192,266,4731.0,train
160531.jpg,164,227,4731.0,train
117462.jpg,211,292,4731.0,train
074769.jpg,143,198,4731.0,train
000110.jpg,185,256,4731.0,train
040641.jpg,185,256,4731.0,train
093244.jpg,161,223,4731.0,train
044073.jpg,169,234,4731.0,train
082060.jpg,198,274,4731.0,train
068516.jpg,229,317,4731.0,train
104872.jpg,429,594,4731.0,train
007894.jpg,75,104,4731.0,train
029049.jpg,185,256,4731.0,train
134991.jpg,671,929,4731.0,train
036233.jpg,252,349,4731.0,train
143859.jpg,174,241,4828.0,train
086932.jpg,273,378,4828.0,train
131849.jpg,138,191,4828.0,train
101549.jpg,247,342,4828.0,train
061514.jpg,96,133,4828.0,train
068707.jpg,250,346,4828.0,train
155880.jpg,205,284,4828.0,train
135449.jpg,315,436,4828.0,train
077279.jpg,276,382,4828.0,train
011450.jpg,182,252,4828.0,train
032195.jpg,242,335,4828.0,train
093324.jpg,96,133,4828.0,train
037547.jpg,107,148,4828.0,train
081552.jpg,130,180,4828.0,train
071374.jpg,242,335,4828.0,train
129595.jpg,174,241,4828.0,train
022194.jpg,130,180,4828.0,train
023778.jpg,200,277,4828.0,train
137170.jpg,151,209,4828.0,train
027120.jpg,182,252,4828.0,train
137567.jpg,179,248,4741.0,train
062779.jpg,169,234,4741.0,train
113467.jpg,151,209,4741.0,train
067431.jpg,296,410,4741.0,train
048870.jpg,166,230,4741.0,train
054802.jpg,239,331,4741.0,train
143854.jpg,192,266,4741.0,train
113659.jpg,174,241,4741.0,train
056887.jpg,296,410,4741.0,train
003470.jpg,299,414,4741.0,train
013277.jpg,174,241,4741.0,train
066110.jpg,307,425,4741.0,train
024743.jpg,328,454,4741.0,train
061727.jpg,328,454,4741.0,train
056605.jpg,161,223,4741.0,train
106855.jpg,166,230,4741.0,train
004964.jpg,307,425,4741.0,train
005290.jpg,177,245,4741.0,train
126024.jpg,185,256,4741.0,train
008872.jpg,179,248,4741.0,train
137764.jpg,330,457,8549.0,train
097690.jpg,177,245,8549.0,train
128239.jpg,276,382,8549.0,train
105689.jpg,325,450,8549.0,train
046271.jpg,96,133,8549.0,train
052187.jpg,153,212,8549.0,train
141293.jpg,208,288,8549.0,train
129859.jpg,335,464,8549.0,train
070442.jpg,343,475,8549.0,train
011692.jpg,174,241,8549.0,train
034473.jpg,70,97,8549.0,train
100874.jpg,229,317,8549.0,train
034611.jpg,203,281,8549.0,train
078591.jpg,172,238,8549.0,train
065774.jpg,104,144,8549.0,train
124424.jpg,133,184,8549.0,train
011890.jpg,372,515,8549.0,train
012358.jpg,161,223,8549.0,train
134164.jpg,195,270,8549.0,train
032002.jpg,130,180,8549.0,train
155508.jpg,369,511,1726.0,train
068510.jpg,1136,1573,1726.0,train
132246.jpg,234,324,1726.0,train
095212.jpg,728,1008,1726.0,train
033269.jpg,211,292,1726.0,train
036581.jpg,416,576,1726.0,train
159312.jpg,445,616,1726.0,train
136117.jpg,242,335,1726.0,train
042636.jpg,231,320,1726.0,train
001005.jpg,377,522,1726.0,train
015580.jpg,452,626,1726.0,train
069888.jpg,439,608,1726.0,train
016352.jpg,458,634,1726.0,train
062695.jpg,239,331,1726.0,train
038505.jpg,434,601,1726.0,train
128202.jpg,351,486,1726.0,train
003745.jpg,523,724,1726.0,train
007522.jpg,192,266,1726.0,train
142887.jpg,952,1318,1726.0,train
010428.jpg,294,407,1726.0,train
151161.jpg,211,292,1743.0,train
087853.jpg,109,151,1743.0,train
138229.jpg,151,209,1743.0,train
092669.jpg,198,274,1743.0,train
057804.jpg,125,173,1743.0,train
061484.jpg,177,245,1743.0,train
156222.jpg,148,205,1743.0,train
139088.jpg,403,558,1743.0,train
074725.jpg,198,274,1743.0,train
006356.jpg,185,256,1743.0,train
026838.jpg,96,133,1743.0,train
091305.jpg,205,284,1743.0,train
028570.jpg,289,400,1743.0,train
085915.jpg,146,202,1743.0,train
070920.jpg,122,169,1743.0,train
123328.jpg,190,263,1743.0,train
007122.jpg,125,173,1743.0,train
008317.jpg,208,288,1743.0,train
143047.jpg,541,749,1743.0,train
019472.jpg,192,266,1743.0,train
136366.jpg,372,515,8562.0,train
093542.jpg,369,511,8562.0,train
129752.jpg,224,310,8562.0,train
098826.jpg,406,562,8562.0,train
067679.jpg,146,202,8562.0,train
068347.jpg,413,572,8562.0,train
136886.jpg,273,378,8562.0,train
131906.jpg,372,515,8562.0,train
088184.jpg,109,151,8562.0,train
011527.jpg,406,562,8562.0,train
040021.jpg,348,482,8562.0,train
096395.jpg,122,169,8562.0,train
043488.jpg,361,500,8562.0,train
090196.jpg,133,184,8562.0,train
077124.jpg,122,169,8562.0,train
129112.jpg,130,180,8562.0,train
020965.jpg,317,439,8562.0,train
030726.jpg,372,515,8562.0,train
132527.jpg,395,547,8562.0,train
036497.jpg,403,558,8562.0,train
150940.jpg,348,482,1761.0,train
063665.jpg,81,112,1761.0,train
119579.jpg,455,630,1761.0,train
069400.jpg,133,184,1761.0,train
045506.jpg,122,169,1761.0,train
051433.jpg,640,886,1761.0,train
155270.jpg,624,864,1761.0,train
123299.jpg,205,284,1761.0,train
055748.jpg,489,677,1761.0,train
002292.jpg,608,842,1761.0,train
028657.jpg,770,1066,1761.0,train
063801.jpg,135,187,1761.0,train
032617.jpg,972,1346,1761.0,train
056425.jpg,252,349,1761.0,train
053625.jpg,244,338,1761.0,train
105669.jpg,148,205,1761.0,train
008297.jpg,172,238,1761.0,train
015306.jpg,192,266,1761.0,train
138770.jpg,504,698,1761.0,train
015775.jpg,166,230,1761.0,train
137041.jpg,499,691,1672.0,train
081586.jpg,83,115,1672.0,train
116062.jpg,213,295,1672.0,train
087233.jpg,494,684,1672.0,train
050365.jpg,460,637,1672.0,train
052634.jpg,265,367,1672.0,train
137332.jpg,380,526,1672.0,train
119861.jpg,244,338,1672.0,train
062136.jpg,229,317,1672.0,train
003693.jpg,252,349,1672.0,train
033973.jpg,252,349,1672.0,train
083171.jpg,445,616,1672.0,train
036072.jpg,634,878,1672.0,train
069326.jpg,198,274,1672.0,train
060173.jpg,224,310,1672.0,train
115525.jpg,195,270,1672.0,train
013002.jpg,250,346,1672.0,train
021651.jpg,320,443,1672.0,train
124956.jpg,289,400,1672.0,train
029368.jpg,364,504,1672.0,train
140484.jpg,468,648,4832.0,train
077603.jpg,252,349,4832.0,train
113444.jpg,138,191,4832.0,train
097945.jpg,403,558,4832.0,train
047286.jpg,642,889,4832.0,train
064125.jpg,247,342,4832.0,train
146570.jpg,270,374,4832.0,train
113882.jpg,104,144,4832.0,train
067568.jpg,112,155,4832.0,train
001133.jpg,382,529,4832.0,train
032785.jpg,164,227,4832.0,train
097024.jpg,569,788,4832.0,train
035490.jpg,140,194,4832.0,train
069620.jpg,460,637,4832.0,train
067348.jpg,260,360,4832.0,train
111903.jpg,356,493,4832.0,train
006336.jpg,120,166,4832.0,train
011776.jpg,169,234,4832.0,train
119788.jpg,208,288,4832.0,train
015811.jpg,400,554,4832.0,train
147421.jpg,619,857,6394.0,train
064134.jpg,185,256,6394.0,train
123078.jpg,450,623,6394.0,train
086070.jpg,458,634,6394.0,train
029294.jpg,153,212,6394.0,train
036916.jpg,369,511,6394.0,train
150507.jpg,1261,1746,6394.0,train
123206.jpg,356,493,6394.0,train
056620.jpg,198,274,6394.0,train
000285.jpg,185,256,6394.0,train
005554.jpg,148,205,6394.0,train
076201.jpg,450,623,6394.0,train
016497.jpg,952,1318,6394.0,train
056994.jpg,317,439,6394.0,train
054897.jpg,403,558,6394.0,train
114982.jpg,122,169,6394.0,train
001294.jpg,218,302,6394.0,train
002858.jpg,208,288,6394.0,train
130159.jpg,393,544,6394.0,train
004288.jpg,382,529,6394.0,train
157977.jpg,148,205,8513.0,train
079656.jpg,104,144,8513.0,train
126906.jpg,289,400,8513.0,train
085585.jpg,70,97,8513.0,train
062554.jpg,114,158,8513.0,train
065256.jpg,252,349,8513.0,train
159233.jpg,70,97,8513.0,train
140966.jpg,96,133,8513.0,train
073380.jpg,101,140,8513.0,train
003960.jpg,481,666,8513.0,train
024400.jpg,117,162,8513.0,train
083888.jpg,135,187,8513.0,train
030373.jpg,270,374,8513.0,train
075229.jpg,182,252,8513.0,train
072278.jpg,276,382,8513.0,train
126481.jpg,156,216,8513.0,train
005278.jpg,302,418,8513.0,train
005355.jpg,307,425,8513.0,train
144085.jpg,138,191,8513.0,train
021836.jpg,101,140,8513.0,train
152850.jpg,400,554,8500.0,train
084477.jpg,296,410,8500.0,train
141289.jpg,192,266,8500.0,train
108510.jpg,304,421,8500.0,train
034573.jpg,109,151,8500.0,train
039314.jpg,143,198,8500.0,train
157285.jpg,156,216,8500.0,train
143272.jpg,242,335,8500.0,train
060010.jpg,96,133,8500.0,train
004998.jpg,81,112,8500.0,train
015527.jpg,913,1264,8500.0,train
100826.jpg,122,169,8500.0,train
021580.jpg,411,569,8500.0,train
066240.jpg,211,292,8500.0,train
058688.jpg,151,209,8500.0,train
137637.jpg,192,266,8500.0,train
005810.jpg,1222,1692,8500.0,train
013455.jpg,140,194,8500.0,train
148711.jpg,390,540,8500.0,train
015358.jpg,125,173,8500.0,train
152007.jpg,143,198,1614.0,train
097334.jpg,164,227,1614.0,train
136915.jpg,99,137,1614.0,train
101027.jpg,770,1066,1614.0,train
050295.jpg,65,90,1614.0,train
053062.jpg,307,425,1614.0,train
152576.jpg,81,112,1614.0,train
142763.jpg,99,137,1614.0,train
073774.jpg,177,245,1614.0,train
001195.jpg,676,936,1614.0,train
027276.jpg,148,205,1614.0,train
100575.jpg,96,133,1614.0,train
038560.jpg,146,202,1614.0,train
076731.jpg,317,439,1614.0,train
066560.jpg,684,947,1614.0,train
132935.jpg,286,396,1614.0,train
014952.jpg,182,252,1614.0,train
020614.jpg,424,587,1614.0,train
146221.jpg,257,356,1614.0,train
021070.jpg,281,389,1614.0,train
132977.jpg,146,202,1871.0,train
051279.jpg,156,216,1871.0,train
102068.jpg,179,248,1871.0,train
063014.jpg,148,205,1871.0,train
029864.jpg,476,720,1871.0,train
030098.jpg,255,353,1871.0,train
141563.jpg,255,353,1871.0,train
121674.jpg,382,529,1871.0,train
042553.jpg,343,475,1871.0,train
002803.jpg,608,842,1871.0,train
017080.jpg,270,374,1871.0,train
055702.jpg,234,324,1871.0,train
022445.jpg,281,389,1871.0,train
047543.jpg,270,374,1871.0,train
042464.jpg,281,389,1871.0,train
098668.jpg,330,457,1871.0,train
005505.jpg,224,310,1871.0,train
007500.jpg,296,410,1871.0,train
129042.jpg,257,356,1871.0,train
011474.jpg,239,331,1871.0,train
148305.jpg,208,288,6322.0,train
090296.jpg,153,212,6322.0,train
128175.jpg,101,140,6322.0,train
101510.jpg,73,101,6322.0,train
048713.jpg,130,180,6322.0,train
049078.jpg,237,328,6322.0,train
149185.jpg,104,144,6322.0,train
133583.jpg,468,648,6322.0,train
065202.jpg,185,256,6322.0,train
009968.jpg,117,162,6322.0,train
025487.jpg,169,234,6322.0,train
090868.jpg,315,436,6322.0,train
027882.jpg,192,266,6322.0,train
074911.jpg,94,130,6322.0,train
061000.jpg,255,353,6322.0,train
119856.jpg,143,198,6322.0,train
017911.jpg,278,385,6322.0,train
018934.jpg,296,410,6322.0,train
143967.jpg,161,223,6322.0,train
020294.jpg,499,691,6322.0,train
147354.jpg,99,137,1628.0,train
112027.jpg,91,126,1628.0,train
135254.jpg,122,169,1628.0,train
118896.jpg,827,1145,1628.0,train
070382.jpg,101,140,1628.0,train
085301.jpg,135,187,1628.0,train
151750.jpg,611,846,1628.0,train
136559.jpg,164,227,1628.0,train
101936.jpg,153,212,1628.0,train
008240.jpg,104,144,1628.0,train
040455.jpg,234,324,1628.0,train
116225.jpg,164,227,1628.0,train
047778.jpg,907,1256,1628.0,train
103774.jpg,133,184,1628.0,train
096455.jpg,1030,1426,1628.0,train
134188.jpg,94,130,1628.0,train
016146.jpg,177,245,1628.0,train
027153.jpg,135,187,1628.0,train
146675.jpg,135,187,1628.0,train
036573.jpg,112,155,1628.0,train
139927.jpg,575,796,1629.0,train
091743.jpg,133,184,1629.0,train
129704.jpg,569,788,1629.0,train
109711.jpg,585,810,1629.0,train
068732.jpg,172,236,1629.0,train
069118.jpg,377,522,1629.0,train
148458.jpg,367,508,1629.0,train
130737.jpg,114,158,1629.0,train
077713.jpg,403,558,1629.0,train
006378.jpg,91,126,1629.0,train
044076.jpg,533,738,1629.0,train
092110.jpg,333,461,1629.0,train
050071.jpg,718,994,1629.0,train
078381.jpg,374,518,1629.0,train
076911.jpg,164,227,1629.0,train
126960.jpg,328,454,1629.0,train
014149.jpg,406,562,1629.0,train
030794.jpg,515,713,1629.0,train
136223.jpg,502,695,1629.0,train
038514.jpg,120,166,1629.0,train
149771.jpg,120,166,8514.0,train
073887.jpg,117,162,8514.0,train
138098.jpg,718,994,8514.0,train
081159.jpg,538,745,8514.0,train
034117.jpg,86,119,8514.0,train
036762.jpg,143,198,8514.0,train
160331.jpg,224,310,8514.0,train
138589.jpg,166,230,8514.0,train
048560.jpg,216,299,8514.0,train
000322.jpg,159,220,8514.0,train
017427.jpg,177,245,8514.0,train
078304.jpg,153,212,8514.0,train
023259.jpg,307,425,8514.0,train
050679.jpg,198,274,8514.0,train
042505.jpg,125,173,8514.0,train
132767.jpg,101,140,8514.0,train
002982.jpg,200,277,8514.0,train
007887.jpg,250,346,8514.0,train
138637.jpg,403,558,8514.0,train
009985.jpg,244,338,8514.0,train
152669.jpg,341,472,4842.0,train
094551.jpg,187,259,4842.0,train
134633.jpg,520,720,4842.0,train
107452.jpg,355,572,4842.0,train
062424.jpg,146,202,4842.0,train
064630.jpg,187,259,4842.0,train
156752.jpg,289,400,4842.0,train
140032.jpg,369,511,4842.0,train
079027.jpg,533,738,4842.0,train
003544.jpg,159,220,4842.0,train
020509.jpg,138,191,4842.0,train
098955.jpg,166,230,4842.0,train
021640.jpg,822,1138,4842.0,train
090516.jpg,257,356,4842.0,train
072135.jpg,325,450,4842.0,train
134064.jpg,172,238,4842.0,train
010087.jpg,330,457,4842.0,train
011891.jpg,164,227,4842.0,train
148776.jpg,211,292,4842.0,train
020411.jpg,120,166,4842.0,train
151178.jpg,114,158,1639.0,train
083834.jpg,81,112,1639.0,train
140906.jpg,159,220,1639.0,train
092080.jpg,75,104,1639.0,train
054472.jpg,138,191,1639.0,train
055556.jpg,143,198,1639.0,train
158729.jpg,203,281,1639.0,train
142130.jpg,234,324,1639.0,train
069504.jpg,169,234,1639.0,train
005167.jpg,104,144,1639.0,train
013423.jpg,237,328,1639.0,train
089303.jpg,294,407,1639.0,train
024694.jpg,676,936,1639.0,train
077438.jpg,234,324,1639.0,train
062942.jpg,484,670,1639.0,train
138799.jpg,172,238,1639.0,train
010500.jpg,208,288,1639.0,train
010750.jpg,179,248,1639.0,train
144243.jpg,229,317,1639.0,train
011921.jpg,172,238,1639.0,train
142265.jpg,190,263,1648.0,train
085014.jpg,234,324,1648.0,train
125202.jpg,452,626,1648.0,train
103047.jpg,172,238,1648.0,train
036117.jpg,190,263,1648.0,train
039378.jpg,952,1318,1648.0,train
143421.jpg,699,968,1648.0,train
128747.jpg,733,1015,1648.0,train
069186.jpg,920,1274,1648.0,train
001979.jpg,198,274,1648.0,train
006754.jpg,499,691,1648.0,train
101553.jpg,148,205,1648.0,train
014538.jpg,811,1123,1648.0,train
076639.jpg,229,317,1648.0,train
048160.jpg,920,1274,1648.0,train
119716.jpg,816,1130,1648.0,train
002444.jpg,179,248,1648.0,train
004573.jpg,156,216,1648.0,train
130196.jpg,559,774,1648.0,train
005881.jpg,211,292,1648.0,train
151241.jpg,1232,1706,8515.0,train
083924.jpg,164,227,8515.0,train
119946.jpg,156,216,8515.0,train
098841.jpg,200,277,8515.0,train
058550.jpg,203,281,8515.0,train
062071.jpg,439,608,8515.0,train
152028.jpg,250,346,8515.0,train
125468.jpg,239,331,8515.0,train
073687.jpg,239,331,8515.0,train
001274.jpg,185,256,8515.0,train
037526.jpg,260,360,8515.0,train
091138.jpg,242,335,8515.0,train
040797.jpg,247,342,8515.0,train
081843.jpg,185,256,8515.0,train
066807.jpg,473,655,8515.0,train
108067.jpg,562,778,8515.0,train
003933.jpg,575,796,8515.0,train
019264.jpg,455,630,8515.0,train
131509.jpg,335,464,8515.0,train
036364.jpg,309,428,8515.0,train
144506.jpg,177,245,1657.0,train
101119.jpg,94,130,1657.0,train
127673.jpg,190,263,1657.0,train
101288.jpg,978,1196,1657.0,train
078925.jpg,273,378,1657.0,train
085720.jpg,244,338,1657.0,train
151205.jpg,458,634,1657.0,train
135946.jpg,400,554,1657.0,train
090834.jpg,208,288,1657.0,train
013992.jpg,224,310,1657.0,train
060991.jpg,398,551,1657.0,train
101131.jpg,460,637,1657.0,train
062647.jpg,270,374,1657.0,train
093692.jpg,837,1159,1657.0,train
090232.jpg,1030,1426,1657.0,train
115170.jpg,1498,2074,1657.0,train
024925.jpg,452,626,1657.0,train
040248.jpg,380,526,1657.0,train
136040.jpg,546,756,1657.0,train
060239.jpg,504,698,1657.0,train
141975.jpg,374,487,8519.0,train
085945.jpg,213,295,8519.0,train
117345.jpg,146,202,8519.0,train
090510.jpg,107,148,8519.0,train
059576.jpg,117,162,8519.0,train
075971.jpg,239,331,8519.0,train
146441.jpg,315,436,8519.0,train
129391.jpg,117,162,8519.0,train
078889.jpg,107,148,8519.0,train
019483.jpg,751,1040,8519.0,train
039607.jpg,343,475,8519.0,train
087247.jpg,1154,1598,8519.0,train
042574.jpg,200,277,8519.0,train
079922.jpg,320,443,8519.0,train
078015.jpg,192,266,8519.0,train
113146.jpg,114,158,8519.0,train
021249.jpg,135,187,8519.0,train
023611.jpg,135,187,8519.0,train
131901.jpg,291,403,8519.0,train
027786.jpg,634,878,8519.0,train
160753.jpg,185,256,4849.0,train
104560.jpg,179,248,4849.0,train
148633.jpg,229,317,4849.0,train
109329.jpg,159,220,4849.0,train
057281.jpg,273,378,4849.0,train
057770.jpg,208,288,4849.0,train
161923.jpg,107,148,4849.0,train
149310.jpg,265,367,4849.0,train
078440.jpg,156,216,4849.0,train
012519.jpg,169,234,4849.0,train
034215.jpg,218,302,4849.0,train
105467.jpg,606,839,4849.0,train
038162.jpg,244,338,4849.0,train
094679.jpg,273,378,4849.0,train
066576.jpg,208,288,4849.0,train
143558.jpg,187,259,4849.0,train
017630.jpg,234,324,4849.0,train
028500.jpg,164,227,4849.0,train
153542.jpg,200,277,4849.0,train
034000.jpg,96,133,4849.0,train
147928.jpg,538,745,1956.0,train
063288.jpg,153,212,1956.0,train
139318.jpg,234,324,1956.0,train
084368.jpg,156,216,1956.0,train
017081.jpg,138,191,1956.0,train
031024.jpg,68,94,1956.0,train
153086.jpg,140,194,1956.0,train
140155.jpg,185,256,1956.0,train
052173.jpg,120,166,1956.0,train
002862.jpg,208,288,1956.0,train
013777.jpg,88,122,1956.0,train
064670.jpg,283,392,1956.0,train
013940.jpg,234,324,1956.0,train
061359.jpg,114,158,1956.0,train
047013.jpg,185,256,1956.0,train
136947.jpg,187,259,1956.0,train
009901.jpg,278,385,1956.0,train
011335.jpg,320,443,1956.0,train
141639.jpg,289,400,1956.0,train
012007.jpg,73,101,1956.0,train
133030.jpg,468,648,8739.0,train
064361.jpg,122,169,8739.0,train
124432.jpg,177,245,8739.0,train
089459.jpg,224,310,8739.0,train
040833.jpg,351,486,8739.0,train
043776.jpg,307,425,8739.0,train
147301.jpg,109,151,8739.0,train
124525.jpg,429,594,8739.0,train
058971.jpg,458,634,8739.0,train
005785.jpg,419,580,8739.0,train
031059.jpg,203,281,8739.0,train
087724.jpg,416,576,8739.0,train
035442.jpg,117,162,8739.0,train
059660.jpg,164,227,8739.0,train
045843.jpg,73,101,8739.0,train
111185.jpg,239,331,8739.0,train
007860.jpg,182,252,8739.0,train
015619.jpg,187,259,8739.0,train
124655.jpg,520,720,8739.0,train
028014.jpg,166,230,8739.0,train
144366.jpg,348,482,1264.0,train
066150.jpg,224,310,1264.0,train
117169.jpg,413,572,1264.0,train
072846.jpg,286,396,1264.0,train
025862.jpg,205,284,1264.0,train
036061.jpg,1035,1433,1264.0,train
147095.jpg,382,529,1264.0,train
119503.jpg,229,317,1264.0,train
059035.jpg,359,497,1264.0,train
002575.jpg,387,536,1264.0,train
018166.jpg,234,324,1264.0,train
072269.jpg,221,306,1264.0,train
021646.jpg,179,248,1264.0,train
061293.jpg,190,263,1264.0,train
045543.jpg,413,572,1264.0,train
116822.jpg,250,346,1264.0,train
006002.jpg,192,266,1264.0,train
010169.jpg,382,529,1264.0,train
126540.jpg,361,500,1264.0,train
016052.jpg,239,331,1264.0,train
161311.jpg,112,155,8834.0,train
110608.jpg,114,158,8834.0,train
130262.jpg,96,133,8834.0,train
112838.jpg,99,158,8834.0,train
070670.jpg,153,212,8834.0,train
086429.jpg,101,140,8834.0,train
161411.jpg,133,184,8834.0,train
134427.jpg,81,112,8834.0,train
109274.jpg,133,184,8834.0,train
010150.jpg,133,184,8834.0,train
029203.jpg,94,130,8834.0,train
112600.jpg,135,187,8834.0,train
031781.jpg,99,137,8834.0,train
109883.jpg,112,155,8834.0,train
091376.jpg,109,151,8834.0,train
125510.jpg,122,169,8834.0,train
020395.jpg,96,133,8834.0,train
021044.jpg,88,122,8834.0,train
151435.jpg,133,184,8834.0,train
027075.jpg,112,155,8834.0,train
150429.jpg,406,562,6443.0,train
086039.jpg,130,180,6443.0,train
121338.jpg,273,378,6443.0,train
090464.jpg,767,1062,6443.0,train
048127.jpg,133,184,6443.0,train
056514.jpg,148,205,6443.0,train
152921.jpg,104,144,6443.0,train
122909.jpg,133,184,6443.0,train
069505.jpg,143,198,6443.0,train
008654.jpg,367,508,6443.0,train
037833.jpg,109,151,6443.0,train
087363.jpg,135,187,6443.0,train
043104.jpg,504,698,6443.0,train
075437.jpg,133,184,6443.0,train
068410.jpg,374,518,6443.0,train
113479.jpg,120,166,6443.0,train
025300.jpg,156,216,6443.0,train
029588.jpg,1170,1620,6443.0,train
124013.jpg,697,965,6443.0,train
033614.jpg,593,821,6443.0,train
134182.jpg,291,403,2095.0,train
066085.jpg,541,749,2095.0,train
108148.jpg,517,716,2095.0,train
093862.jpg,143,198,2095.0,train
051146.jpg,432,598,2095.0,train
052855.jpg,177,245,2095.0,train
136118.jpg,99,137,2095.0,train
108489.jpg,863,1195,2095.0,train
059469.jpg,221,306,2095.0,train
005792.jpg,122,169,2095.0,train
024275.jpg,780,1080,2095.0,train
075125.jpg,437,605,2095.0,train
027482.jpg,281,389,2095.0,train
061402.jpg,250,346,2095.0,train
053366.jpg,138,191,2095.0,train
106530.jpg,135,187,2095.0,train
010030.jpg,265,367,2095.0,train
011854.jpg,1295,1793,2095.0,train
111979.jpg,291,403,2095.0,train
022606.jpg,343,475,2095.0,train
161832.jpg,127,176,5008.0,train
077403.jpg,179,248,5008.0,train
150937.jpg,247,342,5008.0,train
090971.jpg,278,385,5008.0,train
033429.jpg,250,346,5008.0,train
038109.jpg,361,500,5008.0,train
162473.jpg,164,227,5008.0,train
152003.jpg,335,464,5008.0,train
056700.jpg,203,281,5008.0,train
005192.jpg,270,374,5008.0,train
017095.jpg,138,191,5008.0,train
085352.jpg,120,166,5008.0,train
022548.jpg,127,176,5008.0,train
061842.jpg,276,382,5008.0,train
050767.jpg,257,356,5008.0,train
149128.jpg,385,533,5008.0,train
013395.jpg,317,439,5008.0,train
014418.jpg,351,486,5008.0,train
157059.jpg,250,346,5008.0,train
016540.jpg,140,194,5008.0,train
144224.jpg,1347,1865,6440.0,train
075413.jpg,411,569,6440.0,train
114337.jpg,190,263,6440.0,train
086698.jpg,226,313,6440.0,train
027714.jpg,1420,1966,6440.0,train
033662.jpg,624,864,6440.0,train
145795.jpg,1222,1692,6440.0,train
119149.jpg,231,320,6440.0,train
043264.jpg,486,673,6440.0,train
000267.jpg,694,961,6440.0,train
017693.jpg,608,842,6440.0,train
079328.jpg,307,425,6440.0,train
017901.jpg,1113,1541,6440.0,train
049879.jpg,286,396,6440.0,train
039392.jpg,1061,1469,6440.0,train
111813.jpg,226,313,6440.0,train
004378.jpg,991,1372,6440.0,train
007577.jpg,478,662,6440.0,train
126219.jpg,120,166,6440.0,train
016218.jpg,372,515,6440.0,train
161472.jpg,312,432,4991.0,train
066039.jpg,211,292,4991.0,train
141096.jpg,1232,1706,4991.0,train
113002.jpg,107,148,4991.0,train
034633.jpg,213,274,4991.0,train
040540.jpg,255,353,4991.0,train
162002.jpg,281,389,4991.0,train
146751.jpg,125,173,4991.0,train
052085.jpg,322,446,4991.0,train
000469.jpg,213,295,4991.0,train
029316.jpg,140,194,4991.0,train
095546.jpg,1264,1750,4991.0,train
030621.jpg,221,302,4991.0,train
062422.jpg,411,569,4991.0,train
050868.jpg,655,907,4991.0,train
131045.jpg,164,227,4991.0,train
002127.jpg,192,266,4991.0,train
007691.jpg,229,317,4991.0,train
153532.jpg,304,421,4991.0,train
011142.jpg,138,191,4991.0,train
153871.jpg,265,367,6439.0,train
068110.jpg,161,223,6439.0,train
115953.jpg,125,173,6439.0,train
075138.jpg,242,335,6439.0,train
035228.jpg,112,155,6439.0,train
039236.jpg,161,223,6439.0,train
154104.jpg,255,353,6439.0,train
117528.jpg,270,374,6439.0,train
048466.jpg,234,324,6439.0,train
001419.jpg,156,216,6439.0,train
017669.jpg,143,198,6439.0,train
068836.jpg,250,346,6439.0,train
018044.jpg,187,259,6439.0,train
051441.jpg,172,238,6439.0,train
042912.jpg,138,191,6439.0,train
103709.jpg,257,356,6439.0,train
006717.jpg,156,216,6439.0,train
008650.jpg,161,223,6439.0,train
132449.jpg,213,295,6439.0,train
011441.jpg,156,216,6439.0,train
134364.jpg,268,371,8832.0,train
048638.jpg,226,313,8832.0,train
097696.jpg,159,220,8832.0,train
067945.jpg,208,288,8832.0,train
021831.jpg,192,266,8832.0,train
022248.jpg,273,378,8832.0,train
135009.jpg,247,342,8832.0,train
104897.jpg,265,364,8832.0,train
036788.jpg,330,457,8832.0,train
003184.jpg,205,284,8832.0,train
012824.jpg,237,328,8832.0,train
061762.jpg,234,324,8832.0,train
019349.jpg,387,536,8832.0,train
038150.jpg,411,569,8832.0,train
025559.jpg,237,328,8832.0,train
088225.jpg,289,400,8832.0,train
004107.jpg,200,277,8832.0,train
005075.jpg,182,252,8832.0,train
120359.jpg,161,223,8832.0,train
007785.jpg,213,295,8832.0,train
134561.jpg,120,166,1322.0,train
057753.jpg,179,248,1322.0,train
100935.jpg,109,151,1322.0,train
068522.jpg,104,144,1322.0,train
036379.jpg,135,187,1322.0,train
037988.jpg,135,187,1322.0,train
142213.jpg,283,392,1322.0,train
105848.jpg,148,205,1322.0,train
049480.jpg,270,374,1322.0,train
000203.jpg,231,320,1322.0,train
023550.jpg,101,140,1322.0,train
059657.jpg,354,490,1322.0,train
028620.jpg,237,328,1322.0,train
050447.jpg,224,310,1322.0,train
043707.jpg,257,356,1322.0,train
098924.jpg,213,295,1322.0,train
008888.jpg,172,238,1322.0,train
009952.jpg,81,112,1322.0,train
128662.jpg,120,166,1322.0,train
017139.jpg,96,133,1322.0,train
144608.jpg,317,439,1351.0,train
088176.jpg,317,439,1351.0,train
127904.jpg,96,133,1351.0,train
102164.jpg,304,421,1351.0,train
037322.jpg,182,252,1351.0,train
043501.jpg,265,367,1351.0,train
149061.jpg,169,234,1351.0,train
137139.jpg,393,544,1351.0,train
050445.jpg,96,133,1351.0,train
001898.jpg,122,169,1351.0,train
025977.jpg,335,464,1351.0,train
099233.jpg,146,202,1351.0,train
027569.jpg,135,187,1351.0,train
055067.jpg,164,227,1351.0,train
046916.jpg,169,234,1351.0,train
126300.jpg,1035,1433,1351.0,train
003787.jpg,112,155,1351.0,train
016411.jpg,143,198,1351.0,train
138546.jpg,346,479,1351.0,train
024515.jpg,257,356,1351.0,train
136539.jpg,148,205,2079.0,train
068909.jpg,226,313,2079.0,train
118567.jpg,354,490,2079.0,train
077737.jpg,151,209,2079.0,train
046315.jpg,205,284,2079.0,train
047180.jpg,273,378,2079.0,train
147774.jpg,172,238,2079.0,train
129058.jpg,200,277,2079.0,train
059058.jpg,237,328,2079.0,train
000044.jpg,998,1382,2079.0,train
019590.jpg,94,130,2079.0,train
074762.jpg,187,259,2079.0,train
022504.jpg,166,230,2079.0,train
065211.jpg,107,148,2079.0,train
050341.jpg,101,140,2079.0,train
114506.jpg,140,194,2079.0,train
006460.jpg,177,245,2079.0,train
015960.jpg,525,727,2079.0,train
132898.jpg,359,497,2079.0,train
017764.jpg,172,238,2079.0,train
151433.jpg,213,295,1356.0,train
090735.jpg,660,914,1356.0,train
136656.jpg,671,929,1356.0,train
107270.jpg,130,180,1356.0,train
054323.jpg,289,400,1356.0,train
062994.jpg,153,212,1356.0,train
157735.jpg,133,184,1356.0,train
137759.jpg,161,223,1356.0,train
080359.jpg,109,151,1356.0,train
004190.jpg,166,230,1356.0,train
016893.jpg,135,187,1356.0,train
096814.jpg,702,972,1356.0,train
033288.jpg,143,198,1356.0,train
085421.jpg,569,788,1356.0,train
075365.jpg,192,266,1356.0,train
133341.jpg,447,619,1356.0,train
007258.jpg,203,281,1356.0,train
009265.jpg,478,662,1356.0,train
142998.jpg,187,259,1356.0,train
016435.jpg,166,230,1356.0,train
133655.jpg,255,353,1359.0,train
070663.jpg,73,101,1359.0,train
119261.jpg,699,968,1359.0,train
078570.jpg,237,328,1359.0,train
040663.jpg,148,205,1359.0,train
041964.jpg,120,166,1359.0,train
148451.jpg,621,860,1359.0,train
129342.jpg,523,724,1359.0,train
053127.jpg,317,439,1359.0,train
005923.jpg,338,468,1359.0,train
022335.jpg,88,122,1359.0,train
072077.jpg,265,367,1359.0,train
023538.jpg,177,245,1359.0,train
058967.jpg,328,454,1359.0,train
049103.jpg,125,173,1359.0,train
112760.jpg,460,637,1359.0,train
017511.jpg,255,353,1359.0,train
018980.jpg,166,230,1359.0,train
129692.jpg,585,810,1359.0,train
021456.jpg,218,302,1359.0,train
149761.jpg,107,148,1361.0,train
093550.jpg,159,220,1361.0,train
136007.jpg,101,140,1361.0,train
098338.jpg,65,90,1361.0,train
047242.jpg,252,349,1361.0,train
058099.jpg,104,144,1361.0,train
151371.jpg,96,133,1361.0,train
138777.jpg,296,410,1361.0,train
083586.jpg,153,212,1361.0,train
003771.jpg,543,752,1361.0,train
019695.jpg,140,194,1361.0,train
094938.jpg,130,180,1361.0,train
029456.jpg,151,209,1361.0,train
084649.jpg,151,209,1361.0,train
073593.jpg,198,274,1361.0,train
132285.jpg,182,252,1361.0,train
005994.jpg,239,331,1361.0,train
014846.jpg,294,407,1361.0,train
145154.jpg,257,356,1361.0,train
016886.jpg,135,187,1361.0,train
146569.jpg,624,864,1368.0,train
090444.jpg,146,202,1368.0,train
121924.jpg,91,126,1368.0,train
110353.jpg,185,256,1368.0,train
056060.jpg,187,259,1368.0,train
056233.jpg,832,959,1368.0,train
151585.jpg,164,227,1368.0,train
123680.jpg,312,432,1368.0,train
073425.jpg,551,763,1368.0,train
000940.jpg,299,414,1368.0,train
016451.jpg,138,191,1368.0,train
099178.jpg,174,241,1368.0,train
042839.jpg,481,666,1368.0,train
078893.jpg,255,338,1368.0,train
070775.jpg,374,518,1368.0,train
116167.jpg,75,104,1368.0,train
000976.jpg,112,155,1368.0,train
003721.jpg,130,180,1368.0,train
126504.jpg,198,274,1368.0,train
008132.jpg,135,187,1368.0,train
145716.jpg,1108,1534,5018.0,train
055315.jpg,936,1296,5018.0,train
112164.jpg,484,670,5018.0,train
069778.jpg,723,1001,5018.0,train
029533.jpg,263,364,5018.0,train
031451.jpg,645,893,5018.0,train
150868.jpg,564,781,5018.0,train
137799.jpg,616,853,5018.0,train
049961.jpg,179,248,5018.0,train
001409.jpg,369,511,5018.0,train
021875.jpg,328,454,5018.0,train
063778.jpg,1014,1404,5018.0,train
023243.jpg,356,493,5018.0,train
050429.jpg,393,544,5018.0,train
039699.jpg,289,400,5018.0,train
109213.jpg,255,353,5018.0,train
014780.jpg,187,259,5018.0,train
017854.jpg,465,644,5018.0,train
140519.jpg,741,1026,5018.0,train
021122.jpg,746,1033,5018.0,train
146354.jpg,1032,1429,8856.0,train
078198.jpg,1199,1660,8856.0,train
128959.jpg,81,112,8856.0,train
098763.jpg,81,112,8856.0,train
022282.jpg,179,248,8856.0,train
023848.jpg,127,176,8856.0,train
153665.jpg,88,122,8856.0,train
130919.jpg,125,173,8856.0,train
035329.jpg,556,770,8856.0,train
009826.jpg,712,986,8856.0,train
019370.jpg,203,281,8856.0,train
095594.jpg,70,97,8856.0,train
021641.jpg,185,256,8856.0,train
048354.jpg,130,180,8856.0,train
031466.jpg,252,349,8856.0,train
127886.jpg,450,623,8856.0,train
010059.jpg,198,274,8856.0,train
015936.jpg,481,666,8856.0,train
131374.jpg,413,572,8856.0,train
016007.jpg,146,202,8856.0,train
129790.jpg,161,223,1371.0,train
078461.jpg,608,842,1371.0,train
113509.jpg,278,385,1371.0,train
083923.jpg,231,320,1371.0,train
052318.jpg,283,392,1371.0,train
057898.jpg,185,256,1371.0,train
144867.jpg,559,774,1371.0,train
120615.jpg,130,180,1371.0,train
071727.jpg,590,817,1371.0,train
000317.jpg,135,187,1371.0,train
038544.jpg,224,310,1371.0,train
079421.jpg,104,144,1371.0,train
043146.jpg,213,295,1371.0,train
073462.jpg,229,317,1371.0,train
070388.jpg,434,601,1371.0,train
111860.jpg,304,421,1371.0,train
006289.jpg,533,738,1371.0,train
010259.jpg,208,288,1371.0,train
125127.jpg,177,245,1371.0,train
013859.jpg,198,274,1371.0,train
132407.jpg,559,774,1288.0,train
076465.jpg,205,284,1288.0,train
104320.jpg,283,392,1288.0,train
083581.jpg,109,151,1288.0,train
054863.jpg,164,227,1288.0,train
056039.jpg,400,554,1288.0,train
158549.jpg,164,227,1288.0,train
107246.jpg,120,166,1288.0,train
068290.jpg,239,331,1288.0,train
011989.jpg,338,468,1288.0,train
043965.jpg,369,511,1288.0,train
078995.jpg,140,194,1288.0,train
047503.jpg,244,338,1288.0,train
072645.jpg,247,342,1288.0,train
059650.jpg,190,263,1288.0,train
096431.jpg,281,389,1288.0,train
025103.jpg,361,500,1288.0,train
029027.jpg,393,544,1288.0,train
110792.jpg,299,414,1288.0,train
040003.jpg,200,277,1288.0,train
156310.jpg,265,367,8879.0,train
101558.jpg,276,382,8879.0,train
146134.jpg,348,482,8879.0,train
109175.jpg,606,839,8879.0,train
060537.jpg,257,356,8879.0,train
070829.jpg,276,382,8879.0,train
161296.jpg,403,558,8879.0,train
151649.jpg,265,367,8879.0,train
078683.jpg,200,277,8879.0,train
016384.jpg,291,403,8879.0,train
030643.jpg,484,670,8879.0,train
108924.jpg,239,331,8879.0,train
036426.jpg,281,389,8879.0,train
092564.jpg,525,727,8879.0,train
078359.jpg,218,302,8879.0,train
137562.jpg,198,274,8879.0,train
026842.jpg,276,382,8879.0,train
027950.jpg,528,731,8879.0,train
152875.jpg,273,378,8879.0,train
029722.jpg,276,382,8879.0,train
160948.jpg,91,126,1272.0,train
100279.jpg,104,144,1272.0,train
150775.jpg,114,158,1272.0,train
112680.jpg,221,306,1272.0,train
073128.jpg,96,133,1272.0,train
075312.jpg,104,144,1272.0,train
161757.jpg,114,158,1272.0,train
151748.jpg,88,122,1272.0,train
084374.jpg,179,248,1272.0,train
000829.jpg,247,342,1272.0,train
018382.jpg,159,220,1272.0,train
108465.jpg,166,230,1272.0,train
020288.jpg,172,238,1272.0,train
093428.jpg,281,389,1272.0,train
078818.jpg,135,187,1272.0,train
150411.jpg,179,248,1272.0,train
009997.jpg,99,137,1272.0,train
011043.jpg,99,137,1272.0,train
153344.jpg,224,310,1272.0,train
014102.jpg,109,126,1272.0,train
154282.jpg,822,1138,2134.0,train
093279.jpg,226,313,2134.0,train
129911.jpg,645,893,2134.0,train
113550.jpg,273,378,2134.0,train
047427.jpg,608,842,2134.0,train
049325.jpg,166,230,2134.0,train
157408.jpg,304,421,2134.0,train
135076.jpg,203,281,2134.0,train
088169.jpg,179,248,2134.0,train
000343.jpg,270,374,2134.0,train
037737.jpg,439,608,2134.0,train
104960.jpg,582,806,2134.0,train
042948.jpg,543,752,2134.0,train
091266.jpg,164,227,2134.0,train
057480.jpg,172,238,2134.0,train
128309.jpg,252,349,2134.0,train
003643.jpg,274,443,2134.0,train
017251.jpg,151,209,2134.0,train
138831.jpg,278,385,2134.0,train
021402.jpg,226,313,2134.0,train
141415.jpg,172,238,6458.0,train
073451.jpg,400,554,6458.0,train
119187.jpg,153,212,6458.0,train
094247.jpg,497,688,6458.0,train
031593.jpg,304,421,6458.0,train
036890.jpg,452,626,6458.0,train
141787.jpg,148,205,6458.0,train
123752.jpg,114,158,6458.0,train
063649.jpg,343,475,6458.0,train
000514.jpg,559,774,6458.0,train
008440.jpg,250,346,6458.0,train
088209.jpg,75,104,6458.0,train
025566.jpg,153,212,6458.0,train
065382.jpg,1401,1940,6458.0,train
062986.jpg,91,126,6458.0,train
117005.jpg,156,216,6458.0,train
003008.jpg,218,302,6458.0,train
004504.jpg,213,295,6458.0,train
127932.jpg,343,475,6458.0,train
007881.jpg,400,554,6458.0,train
151210.jpg,216,299,8878.0,train
105867.jpg,255,353,8878.0,train
134486.jpg,153,212,8878.0,train
113933.jpg,109,151,8878.0,train
043038.jpg,151,209,8878.0,train
043599.jpg,473,655,8878.0,train
153236.jpg,140,194,8878.0,train
135323.jpg,302,418,8878.0,train
083100.jpg,86,119,8878.0,train
002434.jpg,140,194,8878.0,train
015518.jpg,127,176,8878.0,train
112205.jpg,88,122,8878.0,train
018294.jpg,120,166,8878.0,train
093214.jpg,270,374,8878.0,train
072765.jpg,179,248,8878.0,train
127378.jpg,143,198,8878.0,train
003832.jpg,192,266,8878.0,train
005888.jpg,94,130,8878.0,train
137691.jpg,153,212,8878.0,train
007066.jpg,229,317,8878.0,train
141596.jpg,135,187,2124.0,train
095006.jpg,330,457,2124.0,train
126836.jpg,101,140,2124.0,train
096946.jpg,112,155,2124.0,train
043225.jpg,140,194,2124.0,train
050052.jpg,156,216,2124.0,train
143833.jpg,226,313,2124.0,train
131078.jpg,216,299,2124.0,train
073211.jpg,673,932,2124.0,train
016436.jpg,120,166,2124.0,train
029643.jpg,138,191,2124.0,train
095976.jpg,169,234,2124.0,train
039792.jpg,135,187,2124.0,train
086390.jpg,156,216,2124.0,train
068182.jpg,218,302,2124.0,train
117792.jpg,166,230,2124.0,train
020561.jpg,133,184,2124.0,train
022748.jpg,169,234,2124.0,train
133200.jpg,164,227,2124.0,train
027262.jpg,182,252,2124.0,train
152592.jpg,151,209,2117.0,train
101953.jpg,229,317,2117.0,train
134308.jpg,94,130,2117.0,train
108966.jpg,127,176,2117.0,train
068691.jpg,304,421,2117.0,train
070078.jpg,143,198,2117.0,train
159758.jpg,281,389,2117.0,train
136431.jpg,86,119,2117.0,train
078445.jpg,161,223,2117.0,train
006407.jpg,250,346,2117.0,train
046791.jpg,234,324,2117.0,train
102003.jpg,140,194,2117.0,train
054903.jpg,234,324,2117.0,train
093580.jpg,117,162,2117.0,train
075443.jpg,146,202,2117.0,train
132112.jpg,151,209,2117.0,train
018704.jpg,127,176,2117.0,train
033093.jpg,200,277,2117.0,train
150322.jpg,211,292,2117.0,train
033281.jpg,195,270,2117.0,train
132234.jpg,252,349,4571.0,train
098881.jpg,164,227,4571.0,train
116386.jpg,169,234,4571.0,train
104206.jpg,151,209,4571.0,train
061792.jpg,169,234,4571.0,train
062745.jpg,1014,1404,4571.0,train
142037.jpg,247,342,4571.0,train
116458.jpg,255,353,4571.0,train
088777.jpg,200,277,4571.0,train
005473.jpg,177,245,4571.0,train
037848.jpg,244,338,4571.0,train
102759.jpg,642,889,4571.0,train
038678.jpg,156,216,4571.0,train
094065.jpg,338,468,4571.0,train
084809.jpg,104,144,4571.0,train
114672.jpg,140,194,4571.0,train
010698.jpg,226,313,4571.0,train
015901.jpg,229,317,4571.0,train
118126.jpg,1123,1555,4571.0,train
025302.jpg,174,241,4571.0,train
134514.jpg,333,461,4561.0,train
078138.jpg,205,284,4561.0,train
126536.jpg,192,266,4561.0,train
105756.jpg,359,497,4561.0,train
041409.jpg,179,248,4561.0,train
046101.jpg,146,202,4561.0,train
159023.jpg,190,263,4561.0,train
129107.jpg,179,248,4561.0,train
059923.jpg,156,216,4561.0,train
000238.jpg,255,353,4561.0,train
016577.jpg,107,148,4561.0,train
097972.jpg,169,234,4561.0,train
019368.jpg,354,490,4561.0,train
072473.jpg,213,295,4561.0,train
057021.jpg,343,475,4561.0,train
124275.jpg,148,205,4561.0,train
008879.jpg,182,252,4561.0,train
010691.jpg,252,349,4561.0,train
129669.jpg,200,277,4561.0,train
016073.jpg,166,230,4561.0,train
150085.jpg,221,306,1297.0,train
098283.jpg,244,338,1297.0,train
138166.jpg,302,418,1297.0,train
112614.jpg,104,144,1297.0,train
044181.jpg,99,137,1297.0,train
047467.jpg,1035,1433,1297.0,train
151447.jpg,143,198,1297.0,train
138538.jpg,395,547,1297.0,train
060704.jpg,237,328,1297.0,train
002883.jpg,140,194,1297.0,train
018109.jpg,208,288,1297.0,train
102344.jpg,234,324,1297.0,train
019867.jpg,151,209,1297.0,train
078322.jpg,117,162,1297.0,train
057606.jpg,224,310,1297.0,train
129695.jpg,276,382,1297.0,train
008640.jpg,216,299,1297.0,train
009189.jpg,307,425,1297.0,train
139206.jpg,143,198,1297.0,train
012359.jpg,309,428,1297.0,train
160742.jpg,244,338,5025.0,train
068579.jpg,237,328,5025.0,train
125495.jpg,1030,1426,5025.0,train
071698.jpg,174,241,5025.0,train
029441.jpg,237,328,5025.0,train
038681.jpg,187,259,5025.0,train
161542.jpg,161,223,5025.0,train
145209.jpg,913,1264,5025.0,train
052572.jpg,1030,1426,5025.0,train
001817.jpg,122,169,5025.0,train
008559.jpg,213,295,5025.0,train
069957.jpg,213,295,5025.0,train
011864.jpg,125,173,5025.0,train
060838.jpg,151,209,5025.0,train
052361.jpg,879,1217,5025.0,train
101301.jpg,177,245,5025.0,train
004065.jpg,299,414,5025.0,train
005788.jpg,114,158,5025.0,train
146384.jpg,276,382,5025.0,train
006400.jpg,122,169,5025.0,train
146086.jpg,268,371,8867.0,train
089167.jpg,309,428,8867.0,train
128744.jpg,278,385,8867.0,train
094021.jpg,260,360,8867.0,train
065978.jpg,234,324,8867.0,train
073696.jpg,177,245,8867.0,train
150600.jpg,198,274,8867.0,train
143093.jpg,169,234,8867.0,train
080637.jpg,268,371,8867.0,train
026404.jpg,224,310,8867.0,train
049804.jpg,107,148,8867.0,train
089523.jpg,312,432,8867.0,train
054838.jpg,208,288,8867.0,train
083352.jpg,244,338,8867.0,train
076389.jpg,426,590,8867.0,train
122282.jpg,166,230,8867.0,train
027555.jpg,195,270,8867.0,train
028225.jpg,203,281,8867.0,train
144001.jpg,354,490,8867.0,train
047276.jpg,273,378,8867.0,train
136756.jpg,164,227,8860.0,train
060580.jpg,107,148,8860.0,train
102964.jpg,96,133,8860.0,train
061681.jpg,174,241,8860.0,train
033974.jpg,75,104,8860.0,train
039512.jpg,127,176,8860.0,train
154194.jpg,198,274,8860.0,train
110110.jpg,169,234,8860.0,train
044081.jpg,73,101,8860.0,train
004205.jpg,140,194,8860.0,train
022794.jpg,133,184,8860.0,train
061380.jpg,81,112,8860.0,train
025198.jpg,135,187,8860.0,train
050552.jpg,112,155,8860.0,train
041608.jpg,81,112,8860.0,train
101069.jpg,94,130,8860.0,train
009252.jpg,107,148,8860.0,train
017173.jpg,359,497,8860.0,train
133494.jpg,190,263,8860.0,train
018453.jpg,101,140,8860.0,train
141481.jpg,216,299,8858.0,train
071849.jpg,367,508,8858.0,train
130080.jpg,91,126,8858.0,train
083372.jpg,127,176,8858.0,train
034120.jpg,138,191,8858.0,train
043580.jpg,528,731,8858.0,train
147424.jpg,226,313,8858.0,train
131132.jpg,283,392,8858.0,train
049329.jpg,120,166,8858.0,train
001021.jpg,341,472,8858.0,train
014094.jpg,101,140,8858.0,train
083131.jpg,75,104,8858.0,train
017075.jpg,122,169,8858.0,train
052705.jpg,242,335,8858.0,train
048288.jpg,218,302,8858.0,train
121494.jpg,148,205,8858.0,train
004286.jpg,491,680,8858.0,train
009694.jpg,351,486,8858.0,train
132907.jpg,125,173,8858.0,train
010312.jpg,107,148,8858.0,train
155488.jpg,226,313,1370.0,train
098954.jpg,281,389,1370.0,train
142212.jpg,153,212,1370.0,train
106211.jpg,325,450,1370.0,train
055525.jpg,190,263,1370.0,train
059954.jpg,445,616,1370.0,train
159538.jpg,411,569,1370.0,train
144244.jpg,224,310,1370.0,train
076504.jpg,242,335,1370.0,train
006175.jpg,278,385,1370.0,train
032466.jpg,205,284,1370.0,train
101684.jpg,211,292,1370.0,train
038209.jpg,203,281,1370.0,train
084511.jpg,208,288,1370.0,train
072122.jpg,166,230,1370.0,train
131422.jpg,229,317,1370.0,train
009725.jpg,221,306,1370.0,train
015250.jpg,296,410,1370.0,train
150278.jpg,252,349,1370.0,train
022636.jpg,406,562,1370.0,train
147338.jpg,439,608,8372.0,train
048530.jpg,146,202,8372.0,train
092851.jpg,208,288,8372.0,train
063260.jpg,229,317,8372.0,train
030490.jpg,187,259,8372.0,train
030802.jpg,200,277,8372.0,train
152837.jpg,146,202,8372.0,train
107394.jpg,169,234,8372.0,train
036829.jpg,361,500,8372.0,train
003749.jpg,754,1044,8372.0,train
009671.jpg,218,302,8372.0,train
051522.jpg,146,202,8372.0,train
018595.jpg,302,418,8372.0,train
043733.jpg,104,144,8372.0,train
036048.jpg,148,205,8372.0,train
091475.jpg,208,288,8372.0,train
005890.jpg,211,292,8372.0,train
007276.jpg,211,292,8372.0,train
121937.jpg,218,302,8372.0,train
008677.jpg,159,220,8372.0,train
150864.jpg,426,590,1960.0,train
092745.jpg,374,518,1960.0,train
133605.jpg,538,745,1960.0,train
101504.jpg,304,421,1960.0,train
029609.jpg,580,803,1960.0,train
030230.jpg,325,450,1960.0,train
152749.jpg,273,378,1960.0,train
137930.jpg,195,270,1960.0,train
042236.jpg,884,1224,1960.0,train
000734.jpg,208,288,1960.0,train
016779.jpg,309,428,1960.0,train
092901.jpg,169,234,1960.0,train
017520.jpg,174,241,1960.0,train
051828.jpg,536,742,1960.0,train
040891.jpg,335,464,1960.0,train
132135.jpg,252,349,1960.0,train
000961.jpg,146,202,1960.0,train
004919.jpg,190,263,1960.0,train
147466.jpg,491,680,1960.0,train
008324.jpg,265,367,1960.0,train
151068.jpg,117,162,8770.0,train
101338.jpg,94,130,8770.0,train
145034.jpg,138,191,8770.0,train
122625.jpg,107,148,8770.0,train
070277.jpg,325,450,8770.0,train
072076.jpg,151,209,8770.0,train
151326.jpg,122,169,8770.0,train
145270.jpg,161,223,8770.0,train
089445.jpg,333,461,8770.0,train
005940.jpg,286,396,8770.0,train
019863.jpg,265,367,8770.0,train
109195.jpg,101,140,8770.0,train
048731.jpg,122,169,8770.0,train
090145.jpg,450,623,8770.0,train
083213.jpg,125,173,8770.0,train
142321.jpg,81,112,8770.0,train
008719.jpg,185,256,8770.0,train
009522.jpg,312,432,8770.0,train
147330.jpg,224,310,8770.0,train
017595.jpg,114,158,8770.0,train
161151.jpg,484,670,2006.0,train
088818.jpg,244,338,2006.0,train
156583.jpg,164,227,2006.0,train
105922.jpg,260,360,2006.0,train
054265.jpg,161,223,2006.0,train
069807.jpg,208,288,2006.0,train
162169.jpg,104,144,2006.0,train
157322.jpg,179,248,2006.0,train
080930.jpg,195,270,2006.0,train
001737.jpg,109,151,2006.0,train
025151.jpg,250,346,2006.0,train
092301.jpg,179,248,2006.0,train
040318.jpg,148,205,2006.0,train
082917.jpg,169,234,2006.0,train
077052.jpg,294,407,2006.0,train
149390.jpg,382,529,2006.0,train
008740.jpg,159,220,2006.0,train
015545.jpg,151,209,2006.0,train
159237.jpg,88,122,2006.0,train
017096.jpg,1061,1469,2006.0,train
149428.jpg,354,522,1443.0,train
072371.jpg,101,140,1443.0,train
122491.jpg,169,234,1443.0,train
075788.jpg,203,281,1443.0,train
045875.jpg,237,328,1443.0,train
047113.jpg,122,169,1443.0,train
155818.jpg,203,281,1443.0,train
130293.jpg,416,576,1443.0,train
050558.jpg,377,522,1443.0,train
003986.jpg,190,263,1443.0,train
032043.jpg,140,169,1443.0,train
072578.jpg,244,454,1443.0,train
033603.jpg,127,176,1443.0,train
054770.jpg,317,439,1443.0,train
048499.jpg,117,162,1443.0,train
121122.jpg,112,155,1443.0,train
006812.jpg,172,238,1443.0,train
023006.jpg,244,338,1443.0,train
133006.jpg,309,428,1443.0,train
031525.jpg,281,389,1443.0,train
155462.jpg,400,554,4955.0,train
074519.jpg,192,266,4955.0,train
116147.jpg,216,299,4955.0,train
083506.jpg,172,238,4955.0,train
047752.jpg,208,288,4955.0,train
051464.jpg,130,180,4955.0,train
157099.jpg,96,133,4955.0,train
125389.jpg,159,220,4955.0,train
067229.jpg,146,202,4955.0,train
001424.jpg,135,187,4955.0,train
032239.jpg,468,648,4955.0,train
081295.jpg,252,349,4955.0,train
034182.jpg,182,252,4955.0,train
068537.jpg,104,144,4955.0,train
061788.jpg,343,475,4955.0,train
104614.jpg,94,130,4955.0,train
004769.jpg,107,148,4955.0,train
009778.jpg,130,180,4955.0,train
136811.jpg,265,367,4955.0,train
011579.jpg,192,266,4955.0,train
147131.jpg,299,414,1998.0,train
053995.jpg,276,382,1998.0,train
113339.jpg,185,256,1998.0,train
066791.jpg,231,320,1998.0,train
026177.jpg,164,227,1998.0,train
031054.jpg,296,410,1998.0,train
156837.jpg,104,144,1998.0,train
119203.jpg,936,1296,1998.0,train
045282.jpg,125,173,1998.0,train
010261.jpg,330,457,1998.0,train
022888.jpg,146,202,1998.0,train
061309.jpg,192,266,1998.0,train
022999.jpg,179,248,1998.0,train
051581.jpg,200,277,1998.0,train
034712.jpg,164,227,1998.0,train
109378.jpg,213,295,1998.0,train
012693.jpg,338,468,1998.0,train
014586.jpg,159,220,1998.0,train
122618.jpg,237,328,1998.0,train
016288.jpg,117,162,1998.0,train
147011.jpg,263,320,1991.0,train
060093.jpg,117,162,1991.0,train
125153.jpg,127,176,1991.0,train
066482.jpg,164,227,1991.0,train
034982.jpg,161,223,1991.0,train
038474.jpg,159,220,1991.0,train
149394.jpg,122,169,1991.0,train
132793.jpg,172,238,1991.0,train
044244.jpg,161,223,1991.0,train
005798.jpg,281,389,1991.0,train
018896.jpg,221,306,1991.0,train
066257.jpg,83,115,1991.0,train
019858.jpg,289,400,1991.0,train
045133.jpg,367,508,1991.0,train
041275.jpg,104,144,1991.0,train
120879.jpg,299,414,1991.0,train
006967.jpg,88,122,1991.0,train
010190.jpg,268,371,1991.0,train
137720.jpg,151,209,1991.0,train
016699.jpg,135,187,1991.0,train
145837.jpg,117,162,1990.0,train
082769.jpg,161,223,1990.0,train
116658.jpg,179,248,1990.0,train
093429.jpg,250,346,1990.0,train
048815.jpg,101,140,1990.0,train
053339.jpg,117,162,1990.0,train
151196.jpg,226,313,1990.0,train
121473.jpg,88,122,1990.0,train
064489.jpg,146,202,1990.0,train
004671.jpg,304,421,1990.0,train
031965.jpg,619,857,1990.0,train
086326.jpg,133,184,1990.0,train
039290.jpg,172,238,1990.0,train
070500.jpg,517,716,1990.0,train
058475.jpg,216,299,1990.0,train
114960.jpg,218,302,1990.0,train
007298.jpg,216,299,1990.0,train
020776.jpg,151,209,1990.0,train
137267.jpg,179,248,1990.0,train
025247.jpg,289,400,1990.0,train
150574.jpg,216,299,4944.0,train
085592.jpg,73,101,4944.0,train
108775.jpg,406,562,4944.0,train
091886.jpg,120,166,4944.0,train
031941.jpg,213,295,4944.0,train
042870.jpg,101,140,4944.0,train
151730.jpg,236,371,4944.0,train
112711.jpg,419,580,4944.0,train
057506.jpg,364,450,4944.0,train
005716.jpg,83,115,4944.0,train
015415.jpg,127,176,4944.0,train
089990.jpg,211,292,4944.0,train
016274.jpg,166,230,4944.0,train
058356.jpg,255,353,4944.0,train
056014.jpg,104,144,4944.0,train
098993.jpg,161,223,4944.0,train
005836.jpg,78,108,4944.0,train
007673.jpg,200,277,4944.0,train
132217.jpg,317,439,4944.0,train
013900.jpg,96,133,4944.0,train
135244.jpg,182,252,8796.0,train
083314.jpg,182,252,8796.0,train
129827.jpg,122,145,8796.0,train
089023.jpg,172,238,8796.0,train
058864.jpg,400,554,8796.0,train
061070.jpg,94,130,8796.0,train
155824.jpg,198,274,8796.0,train
131982.jpg,174,241,8796.0,train
076455.jpg,562,778,8796.0,train
002289.jpg,135,141,8796.0,train
022005.jpg,190,263,8796.0,train
087288.jpg,341,472,8796.0,train
032656.jpg,127,176,8796.0,train
076868.jpg,218,302,8796.0,train
073614.jpg,263,364,8796.0,train
129052.jpg,185,256,8796.0,train
004811.jpg,91,126,8796.0,train
012176.jpg,252,349,8796.0,train
133836.jpg,156,216,8796.0,train
020955.jpg,146,202,8796.0,train
158398.jpg,143,198,4934.0,train
103996.jpg,117,162,4934.0,train
139599.jpg,224,310,4934.0,train
108549.jpg,179,248,4934.0,train
055254.jpg,536,742,4934.0,train
059224.jpg,117,162,4934.0,train
160594.jpg,237,328,4934.0,train
140029.jpg,237,316,4934.0,train
090530.jpg,125,173,4934.0,train
005028.jpg,151,209,4934.0,train
021570.jpg,177,245,4934.0,train
108316.jpg,580,803,4934.0,train
035048.jpg,195,270,4934.0,train
100899.jpg,120,166,4934.0,train
065657.jpg,187,259,4934.0,train
130255.jpg,135,187,4934.0,train
009713.jpg,205,284,4934.0,train
020694.jpg,75,104,4934.0,train
146869.jpg,83,115,4934.0,train
020848.jpg,283,392,4934.0,train
146412.jpg,224,310,4924.0,train
092685.jpg,244,338,4924.0,train
125647.jpg,187,259,4924.0,train
097610.jpg,216,299,4924.0,train
034816.jpg,120,166,4924.0,train
042062.jpg,289,400,4924.0,train
159425.jpg,278,385,4924.0,train
139275.jpg,255,353,4924.0,train
065983.jpg,68,94,4924.0,train
001791.jpg,86,119,4924.0,train
007094.jpg,91,126,4924.0,train
092930.jpg,213,295,4924.0,train
028605.jpg,117,162,4924.0,train
088658.jpg,94,126,4924.0,train
044762.jpg,190,263,4924.0,train
114058.jpg,554,767,4924.0,train
002788.jpg,203,281,4924.0,train
004101.jpg,218,302,4924.0,train
144026.jpg,125,173,4924.0,train
005168.jpg,226,313,4924.0,train
145999.jpg,276,382,1985.0,train
089226.jpg,117,162,1985.0,train
114286.jpg,107,148,1985.0,train
090333.jpg,374,518,1985.0,train
040658.jpg,229,317,1985.0,train
048882.jpg,315,436,1985.0,train
150927.jpg,174,241,1985.0,train
125838.jpg,130,180,1985.0,train
086110.jpg,120,166,1985.0,train
006263.jpg,205,284,1985.0,train
016894.jpg,270,374,1985.0,train
090206.jpg,117,162,1985.0,train
028342.jpg,244,338,1985.0,train
087393.jpg,458,634,1985.0,train
073591.jpg,96,133,1985.0,train
110571.jpg,174,241,1985.0,train
007193.jpg,187,259,1985.0,train
008094.jpg,140,194,1985.0,train
131580.jpg,117,162,1985.0,train
014112.jpg,229,317,1985.0,train
139317.jpg,385,533,8749.0,train
083398.jpg,309,428,8749.0,train
119936.jpg,211,292,8749.0,train
099896.jpg,88,122,8749.0,train
063922.jpg,182,252,8749.0,train
070602.jpg,179,248,8749.0,train
140228.jpg,148,205,8749.0,train
133091.jpg,120,166,8749.0,train
076367.jpg,442,612,8749.0,train
008322.jpg,221,306,8749.0,train
037555.jpg,348,482,8749.0,train
094809.jpg,117,162,8749.0,train
043037.jpg,101,140,8749.0,train
078755.jpg,159,220,8749.0,train
074058.jpg,208,288,8749.0,train
113798.jpg,229,317,8749.0,train
019332.jpg,244,338,8749.0,train
037014.jpg,138,191,8749.0,train
136704.jpg,268,371,8749.0,train
037256.jpg,408,565,8749.0,train
144953.jpg,153,212,4647.0,train
061999.jpg,247,342,4647.0,train
112469.jpg,148,205,4647.0,train
072251.jpg,117,162,4647.0,train
028770.jpg,185,256,4647.0,train
031314.jpg,239,331,4647.0,train
148731.jpg,250,346,4647.0,train
112779.jpg,198,274,4647.0,train
047157.jpg,177,245,4647.0,train
001906.jpg,385,533,4647.0,train
013692.jpg,138,191,4647.0,train
067890.jpg,182,252,4647.0,train
016197.jpg,133,184,4647.0,train
051212.jpg,286,396,4647.0,train
040326.jpg,226,313,4647.0,train
112410.jpg,244,338,4647.0,train
002691.jpg,205,284,4647.0,train
005450.jpg,177,245,4647.0,train
117922.jpg,224,310,4647.0,train
008729.jpg,153,212,4647.0,train
153609.jpg,577,799,8746.0,train
076774.jpg,406,562,8746.0,train
134549.jpg,307,425,8746.0,train
081677.jpg,1615,2236,8746.0,train
037410.jpg,192,266,8746.0,train
043751.jpg,226,313,8746.0,train
158333.jpg,858,1188,8746.0,train
141767.jpg,213,295,8746.0,train
069722.jpg,343,475,8746.0,train
004295.jpg,299,414,8746.0,train
014737.jpg,120,166,8746.0,train
080554.jpg,744,1030,8746.0,train
020112.jpg,205,284,8746.0,train
072700.jpg,229,317,8746.0,train
052097.jpg,320,443,8746.0,train
102328.jpg,533,738,8746.0,train
004392.jpg,725,1004,8746.0,train
007202.jpg,348,482,8746.0,train
143503.jpg,229,317,8746.0,train
008858.jpg,408,565,8746.0,train
148744.jpg,205,284,1439.0,train
089910.jpg,250,337,1439.0,train
129762.jpg,161,241,1439.0,train
112470.jpg,140,194,1439.0,train
059407.jpg,442,590,1439.0,train
061201.jpg,385,533,1439.0,train
152675.jpg,200,277,1439.0,train
135129.jpg,247,342,1439.0,train
080739.jpg,174,241,1439.0,train
004689.jpg,325,450,1439.0,train
017791.jpg,198,274,1439.0,train
095337.jpg,213,295,1439.0,train
018752.jpg,196,265,1439.0,train
080931.jpg,242,335,1439.0,train
068395.jpg,107,148,1439.0,train
128686.jpg,104,144,1439.0,train
009460.jpg,273,378,1439.0,train
009928.jpg,125,173,1439.0,train
145570.jpg,213,295,1439.0,train
014434.jpg,195,270,1439.0,train
140499.jpg,177,245,4960.0,train
065629.jpg,122,169,4960.0,train
099787.jpg,133,184,4960.0,train
085121.jpg,187,259,4960.0,train
037191.jpg,302,418,4960.0,train
037571.jpg,252,349,4960.0,train
142689.jpg,120,166,4960.0,train
101270.jpg,125,173,4960.0,train
058749.jpg,140,194,4960.0,train
000094.jpg,96,133,4960.0,train
026181.jpg,486,673,4960.0,train
069382.jpg,320,443,4960.0,train
026992.jpg,354,490,4960.0,train
059715.jpg,242,335,4960.0,train
058633.jpg,221,306,4960.0,train
098670.jpg,169,234,4960.0,train
000252.jpg,239,331,4960.0,train
000291.jpg,1482,2052,4960.0,train
111332.jpg,174,241,4960.0,train
011996.jpg,744,1030,4960.0,train
145610.jpg,299,414,2063.0,train
080143.jpg,450,623,2063.0,train
124786.jpg,198,274,2063.0,train
083434.jpg,179,248,2063.0,train
036018.jpg,572,792,2063.0,train
040313.jpg,143,198,2063.0,train
148507.jpg,320,443,2063.0,train
127545.jpg,343,475,2063.0,train
061547.jpg,957,1325,2063.0,train
000442.jpg,575,796,2063.0,train
016656.jpg,270,374,2063.0,train
081646.jpg,135,187,2063.0,train
020183.jpg,283,392,2063.0,train
067844.jpg,250,346,2063.0,train
049984.jpg,460,637,2063.0,train
123086.jpg,177,245,2063.0,train
009989.jpg,412,601,2063.0,train
014555.jpg,481,666,2063.0,train
136312.jpg,270,374,2063.0,train
014852.jpg,164,227,2063.0,train
153500.jpg,1355,1876,2046.0,train
090114.jpg,81,112,2046.0,train
143664.jpg,135,187,2046.0,train
100461.jpg,244,338,2046.0,train
046462.jpg,218,302,2046.0,train
055960.jpg,416,576,2046.0,train
155491.jpg,577,799,2046.0,train
144277.jpg,221,306,2046.0,train
076206.jpg,393,544,2046.0,train
006050.jpg,315,436,2046.0,train
028669.jpg,764,1020,2046.0,train
091645.jpg,276,382,2046.0,train
035524.jpg,268,371,2046.0,train
077275.jpg,868,1202,2046.0,train
064771.jpg,702,972,2046.0,train
142570.jpg,257,356,2046.0,train
016077.jpg,198,274,2046.0,train
019169.jpg,260,360,2046.0,train
147839.jpg,411,569,2046.0,train
025880.jpg,112,155,2046.0,train
143756.jpg,182,252,1377.0,train
074012.jpg,478,662,1377.0,train
118566.jpg,195,270,1377.0,train
079355.jpg,322,446,1377.0,train
036682.jpg,840,923,1377.0,train
050449.jpg,153,212,1377.0,train
143997.jpg,192,266,1377.0,train
131925.jpg,133,184,1377.0,train
058148.jpg,161,223,1377.0,train
009737.jpg,580,803,1377.0,train
028628.jpg,185,256,1377.0,train
074675.jpg,395,547,1377.0,train
028644.jpg,164,227,1377.0,train
059807.jpg,250,346,1377.0,train
056607.jpg,250,346,1377.0,train
115533.jpg,190,263,1377.0,train
010903.jpg,247,342,1377.0,train
016177.jpg,255,353,1377.0,train
134288.jpg,385,533,1377.0,train
023674.jpg,153,212,1377.0,train
155112.jpg,252,349,2055.0,train
093458.jpg,70,97,2055.0,train
125382.jpg,192,266,2055.0,train
097530.jpg,247,342,2055.0,train
055230.jpg,208,288,2055.0,train
060865.jpg,273,378,2055.0,train
159559.jpg,216,299,2055.0,train
128876.jpg,107,148,2055.0,train
067103.jpg,390,540,2055.0,train
003934.jpg,322,446,2055.0,train
041877.jpg,429,594,2055.0,train
096201.jpg,263,364,2055.0,train
045030.jpg,195,270,2055.0,train
072197.jpg,156,216,2055.0,train
064421.jpg,148,205,2055.0,train
123744.jpg,195,270,2055.0,train
014352.jpg,75,104,2055.0,train
024535.jpg,255,353,2055.0,train
130122.jpg,187,259,2055.0,train
026988.jpg,81,112,2055.0,train
155383.jpg,133,184,8818.0,train
079070.jpg,151,209,8818.0,train
141016.jpg,122,169,8818.0,train
103199.jpg,1076,1490,8818.0,train
037840.jpg,138,191,8818.0,train
045597.jpg,161,223,8818.0,train
156733.jpg,135,187,8818.0,train
141921.jpg,81,112,8818.0,train
054670.jpg,138,191,8818.0,train
002913.jpg,140,194,8818.0,train
010238.jpg,166,230,8818.0,train
093924.jpg,174,241,8818.0,train
015449.jpg,88,122,8818.0,train
067752.jpg,203,281,8818.0,train
049072.jpg,182,252,8818.0,train
135964.jpg,127,176,8818.0,train
004571.jpg,65,90,8818.0,train
005758.jpg,182,252,8818.0,train
145746.jpg,99,137,8818.0,train
009665.jpg,442,612,8818.0,train
157012.jpg,172,238,6420.0,train
120067.jpg,203,281,6420.0,train
143148.jpg,96,133,6420.0,train
125489.jpg,164,227,6420.0,train
090890.jpg,135,187,6420.0,train
091370.jpg,164,227,6420.0,train
157464.jpg,81,112,6420.0,train
147909.jpg,671,929,6420.0,train
113980.jpg,330,457,6420.0,train
008662.jpg,242,335,6420.0,train
054410.jpg,83,115,6420.0,train
122807.jpg,195,270,6420.0,train
071703.jpg,185,256,6420.0,train
116528.jpg,257,356,6420.0,train
105416.jpg,151,209,6420.0,train
141761.jpg,195,270,6420.0,train
014964.jpg,208,288,6420.0,train
044709.jpg,99,137,6420.0,train
152403.jpg,335,464,6420.0,train
047504.jpg,127,176,6420.0,train
151411.jpg,91,126,8817.0,train
078710.jpg,192,266,8817.0,train
098863.jpg,312,432,8817.0,train
083628.jpg,148,205,8817.0,train
054396.jpg,122,169,8817.0,train
059357.jpg,226,313,8817.0,train
156217.jpg,78,108,8817.0,train
101147.jpg,198,274,8817.0,train
072261.jpg,187,259,8817.0,train
004217.jpg,146,202,8817.0,train
035137.jpg,104,144,8817.0,train
081745.jpg,190,263,8817.0,train
039637.jpg,104,144,8817.0,train
074109.jpg,203,281,8817.0,train
071211.jpg,172,238,8817.0,train
095593.jpg,179,248,8817.0,train
011995.jpg,81,112,8817.0,train
028623.jpg,286,396,8817.0,train
140366.jpg,143,198,8817.0,train
033663.jpg,107,148,8817.0,train
155799.jpg,114,158,6417.0,train
072879.jpg,120,166,6417.0,train
122095.jpg,195,270,6417.0,train
077566.jpg,143,198,6417.0,train
046053.jpg,104,144,6417.0,train
054700.jpg,104,144,6417.0,train
158012.jpg,91,126,6417.0,train
136479.jpg,117,162,6417.0,train
059437.jpg,68,94,6417.0,train
003737.jpg,91,126,6417.0,train
014207.jpg,140,194,6417.0,train
076095.jpg,164,227,6417.0,train
015329.jpg,109,151,6417.0,train
062082.jpg,114,158,6417.0,train
059203.jpg,112,155,6417.0,train
113156.jpg,96,133,6417.0,train
009282.jpg,166,230,6417.0,train
011694.jpg,120,166,6417.0,train
145565.jpg,179,248,6417.0,train
012186.jpg,140,194,6417.0,train
138983.jpg,143,198,8812.0,train
073168.jpg,135,187,8812.0,train
123240.jpg,208,288,8812.0,train
094997.jpg,159,220,8812.0,train
047894.jpg,148,205,8812.0,train
048551.jpg,104,144,8812.0,train
157371.jpg,140,194,8812.0,train
125901.jpg,172,238,8812.0,train
058239.jpg,1461,2023,8812.0,train
007229.jpg,146,202,8812.0,train
034316.jpg,169,234,8812.0,train
079768.jpg,226,313,8812.0,train
034756.jpg,211,292,8812.0,train
061901.jpg,234,324,8812.0,train
053266.jpg,185,256,8812.0,train
116443.jpg,156,216,8812.0,train
010263.jpg,140,194,8812.0,train
010403.jpg,114,158,8812.0,train
132140.jpg,218,302,8812.0,train
022065.jpg,247,342,8812.0,train
144096.jpg,299,414,2014.0,train
075322.jpg,252,349,2014.0,train
123970.jpg,146,202,2014.0,train
080054.jpg,169,234,2014.0,train
051318.jpg,237,328,2014.0,train
053028.jpg,192,266,2014.0,train
147524.jpg,192,266,2014.0,train
126284.jpg,156,216,2014.0,train
060512.jpg,153,212,2014.0,train
027620.jpg,213,295,2014.0,train
039239.jpg,263,364,2014.0,train
079824.jpg,211,292,2014.0,train
042280.jpg,247,342,2014.0,train
067021.jpg,174,241,2014.0,train
059805.jpg,237,328,2014.0,train
121428.jpg,403,558,2014.0,train
032197.jpg,205,284,2014.0,train
032593.jpg,224,310,2014.0,train
131555.jpg,148,205,2014.0,train
033414.jpg,221,306,2014.0,train
149013.jpg,1149,1591,1393.0,train
090317.jpg,179,248,1393.0,train
118028.jpg,270,374,1393.0,train
099225.jpg,291,403,1393.0,train
044658.jpg,335,372,1393.0,train
048945.jpg,122,169,1393.0,train
150651.jpg,153,212,1393.0,train
123212.jpg,252,349,1393.0,train
081927.jpg,221,306,1393.0,train
016058.jpg,216,299,1393.0,train
026819.jpg,185,256,1393.0,train
096780.jpg,172,238,1393.0,train
031734.jpg,195,270,1393.0,train
086019.jpg,226,313,1393.0,train
076325.jpg,577,799,1393.0,train
104644.jpg,211,292,1393.0,train
018840.jpg,146,202,1393.0,train
023709.jpg,221,306,1393.0,train
132994.jpg,315,436,1393.0,train
023801.jpg,120,166,1393.0,train
152142.jpg,153,212,1394.0,train
085604.jpg,156,216,1394.0,train
133877.jpg,75,104,1394.0,train
106520.jpg,91,126,1394.0,train
054147.jpg,88,122,1394.0,train
060223.jpg,120,166,1394.0,train
156212.jpg,190,263,1394.0,train
135278.jpg,137,205,1394.0,train
076448.jpg,133,184,1394.0,train
031800.jpg,156,216,1394.0,train
042203.jpg,107,148,1394.0,train
105745.jpg,101,140,1394.0,train
047580.jpg,213,295,1394.0,train
076655.jpg,161,223,1394.0,train
075096.jpg,86,119,1394.0,train
131032.jpg,538,745,1394.0,train
037898.jpg,221,306,1394.0,train
038333.jpg,135,187,1394.0,train
142430.jpg,96,133,1394.0,train
041651.jpg,99,137,1394.0,train
150805.jpg,517,716,8807.0,train
066626.jpg,205,284,8807.0,train
123568.jpg,250,346,8807.0,train
069368.jpg,174,241,8807.0,train
043263.jpg,447,619,8807.0,train
043333.jpg,260,360,8807.0,train
157558.jpg,94,130,8807.0,train
137358.jpg,426,590,8807.0,train
055439.jpg,237,328,8807.0,train
011230.jpg,247,342,8807.0,train
020724.jpg,182,252,8807.0,train
068343.jpg,330,457,8807.0,train
021960.jpg,309,428,8807.0,train
064233.jpg,216,299,8807.0,train
052976.jpg,203,281,8807.0,train
115235.jpg,304,421,8807.0,train
011835.jpg,426,590,8807.0,train
014181.jpg,203,281,8807.0,train
138647.jpg,164,227,8807.0,train
015857.jpg,307,425,8807.0,train
148497.jpg,494,684,4972.0,train
097081.jpg,403,558,4972.0,train
134033.jpg,229,317,4972.0,train
097913.jpg,112,155,4972.0,train
063088.jpg,541,749,4972.0,train
063506.jpg,117,162,4972.0,train
150668.jpg,211,292,4972.0,train
135153.jpg,146,202,4972.0,train
076437.jpg,156,216,4972.0,train
004405.jpg,497,688,4972.0,train
027833.jpg,517,716,4972.0,train
097449.jpg,218,302,4972.0,train
039154.jpg,104,144,4972.0,train
084480.jpg,172,238,4972.0,train
076434.jpg,286,396,4972.0,train
131587.jpg,172,238,4972.0,train
011571.jpg,426,590,4972.0,train
017851.jpg,348,482,4972.0,train
136994.jpg,117,162,4972.0,train
021726.jpg,153,212,4972.0,train
154718.jpg,94,130,8799.0,train
092478.jpg,70,97,8799.0,train
127646.jpg,78,108,8799.0,train
095822.jpg,127,176,8799.0,train
044122.jpg,91,126,8799.0,train
053717.jpg,140,194,8799.0,train
155408.jpg,135,187,8799.0,train
129957.jpg,127,176,8799.0,train
089110.jpg,86,119,8799.0,train
014487.jpg,177,245,8799.0,train
028976.jpg,101,140,8799.0,train
093051.jpg,156,216,8799.0,train
029877.jpg,127,176,8799.0,train
089432.jpg,153,212,8799.0,train
083367.jpg,117,162,8799.0,train
123178.jpg,283,392,8799.0,train
015204.jpg,140,194,8799.0,train
025166.jpg,203,281,8799.0,train
132043.jpg,676,936,8799.0,train
026616.jpg,231,320,8799.0,train
155136.jpg,88,122,6236.0,train
105305.jpg,582,806,6236.0,train
130482.jpg,200,277,6236.0,train
106606.jpg,143,198,6236.0,train
078726.jpg,190,263,6236.0,train
081825.jpg,182,252,6236.0,train
159723.jpg,205,284,6236.0,train
140462.jpg,380,526,6236.0,train
092631.jpg,172,238,6236.0,train
016067.jpg,382,529,6236.0,train
053584.jpg,177,245,6236.0,train
106139.jpg,133,184,6236.0,train
054109.jpg,159,220,6236.0,train
097034.jpg,117,162,6236.0,train
088887.jpg,151,209,6236.0,train
129312.jpg,239,331,6236.0,train
030409.jpg,75,104,6236.0,train
043584.jpg,200,277,6236.0,train
150075.jpg,465,644,6236.0,train
050700.jpg,439,608,6236.0,train
141734.jpg,502,695,5318.0,train
064170.jpg,645,893,5318.0,train
117309.jpg,416,576,5318.0,train
066748.jpg,530,734,5318.0,train
042657.jpg,328,454,5318.0,train
044843.jpg,429,594,5318.0,train
153591.jpg,450,623,5318.0,train
126599.jpg,198,274,5318.0,train
056969.jpg,190,263,5318.0,train
003225.jpg,177,245,5318.0,train
032397.jpg,231,320,5318.0,train
066404.jpg,512,709,5318.0,train
036640.jpg,468,648,5318.0,train
061128.jpg,257,356,5318.0,train
052270.jpg,577,799,5318.0,train
116027.jpg,442,612,5318.0,train
007751.jpg,403,558,5318.0,train
024261.jpg,195,270,5318.0,train
130266.jpg,304,421,5318.0,train
024991.jpg,281,389,5318.0,train
148488.jpg,559,774,861.0,train
052566.jpg,598,828,861.0,train
090385.jpg,372,515,861.0,train
059958.jpg,946,1310,861.0,train
014817.jpg,265,367,861.0,train
020085.jpg,702,972,861.0,train
161758.jpg,434,601,861.0,train
097145.jpg,395,547,861.0,train
038617.jpg,889,1231,861.0,train
003074.jpg,260,360,861.0,train
010895.jpg,512,709,861.0,train
056982.jpg,247,342,861.0,train
011088.jpg,361,500,861.0,train
041477.jpg,484,670,861.0,train
038309.jpg,541,749,861.0,train
082459.jpg,767,1062,861.0,train
003268.jpg,861,1192,861.0,train
005580.jpg,559,774,861.0,train
110008.jpg,616,848,861.0,train
009641.jpg,512,709,861.0,train
146205.jpg,216,299,353.0,train
091531.jpg,390,540,353.0,train
126846.jpg,569,788,353.0,train
099149.jpg,140,194,353.0,train
060712.jpg,393,544,353.0,train
062195.jpg,205,284,353.0,train
148274.jpg,239,331,353.0,train
131936.jpg,967,1339,353.0,train
084367.jpg,858,1188,353.0,train
011155.jpg,177,245,353.0,train
040567.jpg,143,198,353.0,train
094331.jpg,1635,2264,353.0,train
053180.jpg,250,346,353.0,train
087700.jpg,1235,1710,353.0,train
080141.jpg,502,695,353.0,train
126832.jpg,455,630,353.0,train
021698.jpg,330,457,353.0,train
025087.jpg,252,349,353.0,train
132109.jpg,257,356,353.0,train
030583.jpg,1342,1858,353.0,train
148743.jpg,133,184,9848.0,train
082022.jpg,164,227,9848.0,train
127988.jpg,195,270,9848.0,train
097312.jpg,138,191,9848.0,train
069229.jpg,343,475,9848.0,train
073020.jpg,143,198,9848.0,train
156657.jpg,520,720,9848.0,train
137619.jpg,286,396,9848.0,train
080240.jpg,130,180,9848.0,train
008142.jpg,172,238,9848.0,train
015675.jpg,265,367,9848.0,train
096432.jpg,291,403,9848.0,train
042597.jpg,174,241,9848.0,train
081321.jpg,216,299,9848.0,train
079352.jpg,166,230,9848.0,train
124092.jpg,200,277,9848.0,train
010574.jpg,268,371,9848.0,train
012088.jpg,356,493,9848.0,train
140132.jpg,382,529,9848.0,train
015301.jpg,764,1058,9848.0,train
153713.jpg,151,209,9944.0,train
077197.jpg,231,320,9944.0,train
125545.jpg,450,623,9944.0,train
082834.jpg,278,385,9944.0,train
065054.jpg,273,378,9944.0,train
065127.jpg,94,130,9944.0,train
154216.jpg,107,148,9944.0,train
129381.jpg,307,425,9944.0,train
072219.jpg,276,382,9944.0,train
002821.jpg,216,299,9944.0,train
032350.jpg,312,432,9944.0,train
082225.jpg,278,385,9944.0,train
033210.jpg,151,178,9944.0,train
073091.jpg,101,140,9944.0,train
068442.jpg,218,302,9944.0,train
122437.jpg,244,338,9944.0,train
004067.jpg,705,976,9944.0,train
021295.jpg,216,299,9944.0,train
133698.jpg,122,169,9944.0,train
023096.jpg,205,284,9944.0,train
155429.jpg,140,194,3010.0,train
107700.jpg,237,328,3010.0,train
123321.jpg,536,742,3010.0,train
109705.jpg,195,270,3010.0,train
069664.jpg,281,389,3010.0,train
072713.jpg,203,281,3010.0,train
156064.jpg,260,360,3010.0,train
132136.jpg,538,708,3010.0,train
092490.jpg,198,274,3010.0,train
003690.jpg,179,248,3010.0,train
042486.jpg,294,407,3010.0,train
108313.jpg,148,205,3010.0,train
046760.jpg,237,328,3010.0,train
096163.jpg,179,248,3010.0,train
087941.jpg,114,158,3010.0,train
123169.jpg,260,299,3010.0,train
009855.jpg,270,374,3010.0,train
011320.jpg,101,140,3010.0,train
141308.jpg,179,248,3010.0,train
026591.jpg,296,410,3010.0,train
134849.jpg,408,565,6936.0,train
071644.jpg,179,248,6936.0,train
118476.jpg,127,176,6936.0,train
087359.jpg,377,522,6936.0,train
038754.jpg,268,371,6936.0,train
042414.jpg,307,425,6936.0,train
135043.jpg,252,349,6936.0,train
120033.jpg,169,234,6936.0,train
053090.jpg,512,709,6936.0,train
000254.jpg,270,374,6936.0,train
017394.jpg,374,518,6936.0,train
075288.jpg,120,166,6936.0,train
019378.jpg,322,446,6936.0,train
067838.jpg,229,317,6936.0,train
051779.jpg,234,324,6936.0,train
115432.jpg,164,227,6936.0,train
005204.jpg,380,526,6936.0,train
005767.jpg,114,158,6936.0,train
120362.jpg,156,216,6936.0,train
017070.jpg,213,295,6936.0,train
151023.jpg,138,191,5472.0,train
091274.jpg,208,288,5472.0,train
141704.jpg,75,104,5472.0,train
092118.jpg,109,151,5472.0,train
036601.jpg,218,302,5472.0,train
036819.jpg,263,364,5472.0,train
154557.jpg,179,248,5472.0,train
142510.jpg,195,270,5472.0,train
068862.jpg,307,425,5472.0,train
000089.jpg,320,443,5472.0,train
025903.jpg,213,295,5472.0,train
091656.jpg,328,454,5472.0,train
027056.jpg,125,173,5472.0,train
074051.jpg,138,191,5472.0,train
068086.jpg,78,108,5472.0,train
136825.jpg,83,115,5472.0,train
009774.jpg,117,162,5472.0,train
017286.jpg,224,310,5472.0,train
147293.jpg,252,349,5472.0,train
025294.jpg,86,119,5472.0,train
146857.jpg,133,184,9965.0,train
083907.jpg,333,461,9965.0,train
132350.jpg,114,158,9965.0,train
094492.jpg,211,292,9965.0,train
037758.jpg,187,259,9965.0,train
045238.jpg,226,313,9965.0,train
147334.jpg,302,418,9965.0,train
136180.jpg,190,263,9965.0,train
063909.jpg,172,238,9965.0,train
007132.jpg,182,252,9965.0,train
022279.jpg,195,270,9965.0,train
084929.jpg,211,292,9965.0,train
026682.jpg,312,432,9965.0,train
080035.jpg,408,565,9965.0,train
062264.jpg,247,342,9965.0,train
114466.jpg,216,299,9965.0,train
013575.jpg,185,256,9965.0,train
015603.jpg,187,259,9965.0,train
144165.jpg,99,137,9965.0,train
021183.jpg,239,331,9965.0,train
154700.jpg,203,281,409.0,train
090381.jpg,224,310,409.0,train
129403.jpg,166,230,409.0,train
098279.jpg,260,360,409.0,train
052694.jpg,577,799,409.0,train
064881.jpg,229,317,409.0,train
159358.jpg,190,263,409.0,train
139533.jpg,172,238,409.0,train
078266.jpg,143,198,409.0,train
031380.jpg,351,486,409.0,train
039703.jpg,281,389,409.0,train
096063.jpg,117,162,409.0,train
040070.jpg,1074,1487,409.0,train
079093.jpg,764,1058,409.0,train
068724.jpg,307,425,409.0,train
128364.jpg,273,378,409.0,train
032563.jpg,179,248,409.0,train
033765.jpg,203,281,409.0,train
139855.jpg,122,169,409.0,train
036433.jpg,400,554,409.0,train
145492.jpg,208,288,6947.0,train
088541.jpg,237,328,6947.0,train
130612.jpg,169,234,6947.0,train
098824.jpg,198,274,6947.0,train
050281.jpg,913,1264,6947.0,train
052314.jpg,133,184,6947.0,train
145771.jpg,174,241,6947.0,train
132291.jpg,195,270,6947.0,train
076319.jpg,1076,1490,6947.0,train
008209.jpg,234,324,6947.0,train
040098.jpg,174,241,6947.0,train
096729.jpg,177,245,6947.0,train
045228.jpg,109,151,6947.0,train
078803.jpg,159,220,6947.0,train
070465.jpg,257,356,6947.0,train
126486.jpg,153,212,6947.0,train
033785.jpg,161,223,6947.0,train
034515.jpg,190,263,6947.0,train
136551.jpg,325,450,6947.0,train
035423.jpg,185,256,6947.0,train
153489.jpg,796,1102,5829.0,train
103140.jpg,221,306,5829.0,train
136555.jpg,868,1202,5829.0,train
108055.jpg,411,569,5829.0,train
041263.jpg,499,691,5829.0,train
065643.jpg,117,162,5829.0,train
157950.jpg,338,468,5829.0,train
138491.jpg,299,414,5829.0,train
081705.jpg,143,198,5829.0,train
005391.jpg,242,335,5829.0,train
022871.jpg,304,421,5829.0,train
107055.jpg,135,187,5829.0,train
036743.jpg,203,281,5829.0,train
089486.jpg,416,576,5829.0,train
080772.jpg,299,414,5829.0,train
134800.jpg,356,493,5829.0,train
006907.jpg,281,389,5829.0,train
019512.jpg,424,587,5829.0,train
146098.jpg,299,414,5829.0,train
021403.jpg,133,184,5829.0,train
141882.jpg,237,328,3432.0,train
115180.jpg,315,436,3432.0,train
133114.jpg,177,245,3432.0,train
117807.jpg,205,284,3432.0,train
068458.jpg,307,425,3432.0,train
083708.jpg,372,515,3432.0,train
150438.jpg,218,302,3432.0,train
133954.jpg,182,252,3432.0,train
099371.jpg,330,457,3432.0,train
006188.jpg,317,439,3432.0,train
036973.jpg,593,821,3432.0,train
115282.jpg,382,529,3432.0,train
038778.jpg,286,396,3432.0,train
104448.jpg,205,284,3432.0,train
096146.jpg,96,133,3432.0,train
130904.jpg,213,295,3432.0,train
012202.jpg,380,526,3432.0,train
013792.jpg,190,263,3432.0,train
138806.jpg,182,252,3432.0,train
016583.jpg,218,302,3432.0,train
155548.jpg,359,497,5843.0,train
082451.jpg,309,428,5843.0,train
145093.jpg,57,79,5843.0,train
113893.jpg,200,277,5843.0,train
042411.jpg,88,122,5843.0,train
051312.jpg,270,374,5843.0,train
160358.jpg,224,310,5843.0,train
147714.jpg,174,241,5843.0,train
068917.jpg,411,569,5843.0,train
007012.jpg,221,306,5843.0,train
019316.jpg,75,104,5843.0,train
097860.jpg,185,256,5843.0,train
022241.jpg,377,414,5843.0,train
072742.jpg,211,292,5843.0,train
066901.jpg,213,295,5843.0,train
132343.jpg,244,338,5843.0,train
015271.jpg,104,144,5843.0,train
018276.jpg,400,554,5843.0,train
149947.jpg,88,122,5843.0,train
018414.jpg,68,94,5843.0,train
149278.jpg,234,324,395.0,train
095587.jpg,161,223,395.0,train
135951.jpg,315,436,395.0,train
097574.jpg,213,295,395.0,train
071017.jpg,1040,1440,395.0,train
072561.jpg,216,299,395.0,train
154355.jpg,276,382,395.0,train
138086.jpg,211,292,395.0,train
080713.jpg,211,292,395.0,train
016832.jpg,198,274,395.0,train
040478.jpg,208,288,395.0,train
095844.jpg,174,241,395.0,train
042752.jpg,218,302,395.0,train
081376.jpg,133,184,395.0,train
080372.jpg,203,281,395.0,train
129878.jpg,185,256,395.0,train
022720.jpg,286,396,395.0,train
032895.jpg,203,281,395.0,train
141871.jpg,208,288,395.0,train
035652.jpg,140,194,395.0,train
150481.jpg,192,266,3027.0,train
104162.jpg,65,90,3027.0,train
127059.jpg,177,245,3027.0,train
112265.jpg,91,126,3027.0,train
056516.jpg,346,479,3027.0,train
058150.jpg,556,770,3027.0,train
151518.jpg,403,558,3027.0,train
139414.jpg,190,263,3027.0,train
075466.jpg,203,281,3027.0,train
000464.jpg,112,155,3027.0,train
028075.jpg,205,284,3027.0,train
104577.jpg,114,158,3027.0,train
037711.jpg,278,385,3027.0,train
078210.jpg,55,76,3027.0,train
071143.jpg,179,248,3027.0,train
123190.jpg,179,248,3027.0,train
014767.jpg,75,104,3027.0,train
015662.jpg,161,222,3027.0,train
143922.jpg,187,259,3027.0,train
019143.jpg,273,378,3027.0,train
145054.jpg,460,637,6952.0,train
072112.jpg,234,324,6952.0,train
114154.jpg,265,367,6952.0,train
079520.jpg,138,191,6952.0,train
035755.jpg,192,266,6952.0,train
036335.jpg,317,439,6952.0,train
154160.jpg,226,313,6952.0,train
114408.jpg,130,180,6952.0,train
053610.jpg,439,608,6952.0,train
003142.jpg,218,302,6952.0,train
022793.jpg,270,374,6952.0,train
075566.jpg,367,508,6952.0,train
027842.jpg,122,169,6952.0,train
054513.jpg,159,220,6952.0,train
051207.jpg,125,173,6952.0,train
113905.jpg,382,529,6952.0,train
003613.jpg,491,680,6952.0,train
019351.jpg,229,317,6952.0,train
133657.jpg,1183,1638,6952.0,train
022059.jpg,122,169,6952.0,train
147740.jpg,172,238,3035.0,train
077211.jpg,252,349,3035.0,train
123384.jpg,502,695,3035.0,train
095122.jpg,169,234,3035.0,train
049349.jpg,291,403,3035.0,train
052599.jpg,291,403,3035.0,train
157380.jpg,192,266,3035.0,train
134636.jpg,231,320,3035.0,train
055140.jpg,205,284,3035.0,train
004786.jpg,616,853,3035.0,train
033837.jpg,1113,1541,3035.0,train
094785.jpg,135,187,3035.0,train
035379.jpg,211,292,3035.0,train
068844.jpg,185,256,3035.0,train
054907.jpg,107,148,3035.0,train
117536.jpg,203,281,3035.0,train
006993.jpg,936,1296,3035.0,train
015397.jpg,140,194,3035.0,train
135425.jpg,312,432,3035.0,train
021886.jpg,255,353,3035.0,train
139194.jpg,159,220,6955.0,train
081371.jpg,120,166,6955.0,train
130689.jpg,174,241,6955.0,train
082935.jpg,335,464,6955.0,train
048752.jpg,83,115,6955.0,train
052275.jpg,341,472,6955.0,train
147577.jpg,174,241,6955.0,train
133986.jpg,203,281,6955.0,train
069933.jpg,382,529,6955.0,train
002932.jpg,250,346,6955.0,train
029596.jpg,192,266,6955.0,train
082611.jpg,229,317,6955.0,train
035348.jpg,452,626,6955.0,train
075070.jpg,333,461,6955.0,train
059075.jpg,439,608,6955.0,train
126577.jpg,169,234,6955.0,train
006107.jpg,679,940,6955.0,train
007823.jpg,151,209,6955.0,train
134397.jpg,166,230,6955.0,train
027772.jpg,164,227,6955.0,train
144185.jpg,250,346,3962.0,train
074362.jpg,273,378,3962.0,train
125336.jpg,179,248,3962.0,train
089155.jpg,185,256,3962.0,train
049529.jpg,315,436,3962.0,train
053050.jpg,161,223,3962.0,train
152140.jpg,408,565,3962.0,train
137587.jpg,359,497,3962.0,train
060723.jpg,286,396,3962.0,train
002306.jpg,312,432,3962.0,train
034681.jpg,307,425,3962.0,train
079043.jpg,237,328,3962.0,train
038158.jpg,307,425,3962.0,train
064036.jpg,289,400,3962.0,train
059730.jpg,195,270,3962.0,train
123829.jpg,380,526,3962.0,train
009936.jpg,242,335,3962.0,train
018898.jpg,278,385,3962.0,train
138257.jpg,226,313,3962.0,train
025099.jpg,247,342,3962.0,train
151119.jpg,255,353,5489.0,train
069529.jpg,200,277,5489.0,train
128277.jpg,172,238,5489.0,train
084956.jpg,294,407,5489.0,train
040477.jpg,380,526,5489.0,train
042656.jpg,172,238,5489.0,train
154166.jpg,213,295,5489.0,train
146246.jpg,187,259,5489.0,train
047413.jpg,283,392,5489.0,train
000258.jpg,263,364,5489.0,train
019872.jpg,143,198,5489.0,train
080661.jpg,515,713,5489.0,train
023229.jpg,130,180,5489.0,train
048234.jpg,299,414,5489.0,train
047112.jpg,276,382,5489.0,train
118182.jpg,156,216,5489.0,train
002662.jpg,239,331,5489.0,train
002792.jpg,268,371,5489.0,train
146632.jpg,91,126,5489.0,train
017201.jpg,159,220,5489.0,train
148466.jpg,348,482,10093.0,train
088193.jpg,174,241,10093.0,train
118131.jpg,224,310,10093.0,train
101111.jpg,211,292,10093.0,train
046597.jpg,234,324,10093.0,train
050972.jpg,320,443,10093.0,train
149815.jpg,255,353,10093.0,train
121625.jpg,244,338,10093.0,train
076338.jpg,86,119,10093.0,train
001402.jpg,221,306,10093.0,train
026029.jpg,216,299,10093.0,train
096239.jpg,447,619,10093.0,train
027790.jpg,156,216,10093.0,train
078351.jpg,221,306,10093.0,train
056584.jpg,273,378,10093.0,train
115331.jpg,484,670,10093.0,train
002721.jpg,413,572,10093.0,train
007878.jpg,351,486,10093.0,train
122056.jpg,122,169,10093.0,train
024644.jpg,143,198,10093.0,train
126097.jpg,122,169,5494.0,train
096890.jpg,174,241,5494.0,train
115860.jpg,86,119,5494.0,train
103252.jpg,218,302,5494.0,train
057848.jpg,140,194,5494.0,train
058991.jpg,172,238,5494.0,train
144760.jpg,281,389,5494.0,train
117851.jpg,146,202,5494.0,train
071947.jpg,88,122,5494.0,train
012658.jpg,356,493,5494.0,train
023583.jpg,146,202,5494.0,train
100291.jpg,354,490,5494.0,train
034692.jpg,135,187,5494.0,train
080779.jpg,140,194,5494.0,train
069863.jpg,450,623,5494.0,train
113575.jpg,195,270,5494.0,train
018217.jpg,99,137,5494.0,train
022272.jpg,216,299,5494.0,train
122411.jpg,387,536,5494.0,train
022755.jpg,179,248,5494.0,train
145807.jpg,169,234,3055.0,train
097730.jpg,343,475,3055.0,train
138213.jpg,130,180,3055.0,train
101926.jpg,507,702,3055.0,train
055463.jpg,224,310,3055.0,train
055930.jpg,70,97,3055.0,train
146322.jpg,130,180,3055.0,train
139580.jpg,208,288,3055.0,train
080129.jpg,213,295,3055.0,train
000162.jpg,78,108,3055.0,train
026207.jpg,153,212,3055.0,train
101636.jpg,140,194,3055.0,train
034147.jpg,291,403,3055.0,train
090138.jpg,140,194,3055.0,train
061993.jpg,174,241,3055.0,train
137899.jpg,192,266,3055.0,train
000614.jpg,246,407,3055.0,train
005574.jpg,156,216,3055.0,train
144597.jpg,291,403,3055.0,train
022238.jpg,138,191,3055.0,train
127247.jpg,179,248,7201.0,train
071599.jpg,109,151,7201.0,train
113028.jpg,70,97,7201.0,train
096530.jpg,78,108,7201.0,train
049942.jpg,229,317,7201.0,train
052054.jpg,60,83,7201.0,train
130617.jpg,166,230,7201.0,train
120072.jpg,286,396,7201.0,train
056138.jpg,94,130,7201.0,train
001085.jpg,130,180,7201.0,train
021650.jpg,299,414,7201.0,train
073409.jpg,374,518,7201.0,train
030251.jpg,205,284,7201.0,train
056583.jpg,159,220,7201.0,train
055969.jpg,138,191,7201.0,train
113021.jpg,70,97,7201.0,train
007710.jpg,200,277,7201.0,train
017588.jpg,221,306,7201.0,train
123094.jpg,177,245,7201.0,train
018834.jpg,169,234,7201.0,train
146143.jpg,283,392,3398.0,train
097794.jpg,257,356,3398.0,train
127661.jpg,312,432,3398.0,train
101051.jpg,164,227,3398.0,train
052862.jpg,377,522,3398.0,train
064709.jpg,434,601,3398.0,train
147317.jpg,211,292,3398.0,train
128692.jpg,237,328,3398.0,train
076290.jpg,156,216,3398.0,train
008463.jpg,55,76,3398.0,train
033007.jpg,234,324,3398.0,train
097965.jpg,112,155,3398.0,train
033332.jpg,465,644,3398.0,train
094501.jpg,130,180,3398.0,train
076285.jpg,96,133,3398.0,train
124686.jpg,218,302,3398.0,train
010962.jpg,159,220,3398.0,train
017951.jpg,143,198,3398.0,train
129317.jpg,247,342,3398.0,train
027792.jpg,88,122,3398.0,train
148412.jpg,96,133,7209.0,train
078028.jpg,83,115,7209.0,train
118701.jpg,133,184,7209.0,train
084430.jpg,78,108,7209.0,train
033771.jpg,187,259,7209.0,train
038346.jpg,138,191,7209.0,train
155026.jpg,166,230,7209.0,train
129822.jpg,278,385,7209.0,train
063450.jpg,164,227,7209.0,train
002993.jpg,211,292,7209.0,train
021671.jpg,117,162,7209.0,train
078897.jpg,86,119,7209.0,train
026778.jpg,239,331,7209.0,train
069547.jpg,294,407,7209.0,train
047221.jpg,218,302,7209.0,train
118670.jpg,96,133,7209.0,train
005840.jpg,101,140,7209.0,train
007983.jpg,117,162,7209.0,train
131880.jpg,109,151,7209.0,train
013036.jpg,86,119,7209.0,train
157270.jpg,320,443,371.0,train
106291.jpg,619,857,371.0,train
141346.jpg,309,428,371.0,train
118115.jpg,239,331,371.0,train
056585.jpg,468,648,371.0,train
057266.jpg,208,288,371.0,train
157606.jpg,138,191,371.0,train
146900.jpg,244,338,371.0,train
068511.jpg,172,238,371.0,train
007261.jpg,185,256,371.0,train
033041.jpg,244,338,371.0,train
117246.jpg,242,335,371.0,train
037483.jpg,179,248,371.0,train
072953.jpg,749,1037,371.0,train
066494.jpg,400,554,371.0,train
137403.jpg,153,212,371.0,train
021786.jpg,372,515,371.0,train
023411.jpg,224,310,371.0,train
150703.jpg,408,565,371.0,train
025292.jpg,439,608,371.0,train
153257.jpg,299,414,10085.0,train
078025.jpg,200,277,10085.0,train
136316.jpg,257,356,10085.0,train
082702.jpg,224,310,10085.0,train
030907.jpg,239,331,10085.0,train
031150.jpg,138,191,10085.0,train
157928.jpg,458,634,10085.0,train
144260.jpg,356,493,10085.0,train
059085.jpg,374,518,10085.0,train
002806.jpg,110,105,10085.0,train
024642.jpg,356,493,10085.0,train
078720.jpg,112,155,10085.0,train
025654.jpg,556,770,10085.0,train
060988.jpg,283,392,10085.0,train
041351.jpg,520,720,10085.0,train
128317.jpg,372,515,10085.0,train
006416.jpg,174,241,10085.0,train
014258.jpg,169,234,10085.0,train
144620.jpg,190,263,10085.0,train
024194.jpg,96,133,10085.0,train
148065.jpg,182,252,3438.0,train
078594.jpg,255,353,3438.0,train
131527.jpg,164,227,3438.0,train
085314.jpg,252,349,3438.0,train
041614.jpg,237,328,3438.0,train
053015.jpg,140,194,3438.0,train
154276.jpg,177,245,3438.0,train
138183.jpg,140,194,3438.0,train
067251.jpg,278,385,3438.0,train
003450.jpg,218,302,3438.0,train
018432.jpg,231,320,3438.0,train
079563.jpg,164,227,3438.0,train
024467.jpg,156,216,3438.0,train
077754.jpg,83,115,3438.0,train
065910.jpg,345,497,3438.0,train
114887.jpg,164,227,3438.0,train
008266.jpg,208,288,3438.0,train
011611.jpg,343,475,3438.0,train
141215.jpg,156,216,3438.0,train
017347.jpg,151,209,3438.0,train
156298.jpg,164,227,5464.0,train
088612.jpg,312,432,5464.0,train
135219.jpg,177,245,5464.0,train
108439.jpg,330,457,5464.0,train
042954.jpg,125,173,5464.0,train
060383.jpg,164,227,5464.0,train
156601.jpg,593,821,5464.0,train
148029.jpg,88,122,5464.0,train
075367.jpg,221,306,5464.0,train
010042.jpg,75,104,5464.0,train
034055.jpg,117,162,5464.0,train
101724.jpg,203,281,5464.0,train
034352.jpg,263,364,5464.0,train
084248.jpg,143,198,5464.0,train
067326.jpg,117,162,5464.0,train
127543.jpg,265,367,5464.0,train
022416.jpg,104,144,5464.0,train
029969.jpg,174,241,5464.0,train
151338.jpg,221,306,5464.0,train
030901.jpg,205,284,5464.0,train
153576.jpg,153,212,3984.0,train
096535.jpg,177,245,3984.0,train
126858.jpg,156,216,3984.0,train
107332.jpg,320,443,3984.0,train
043728.jpg,234,324,3984.0,train
056011.jpg,153,212,3984.0,train
161023.jpg,270,374,3984.0,train
136581.jpg,190,263,3984.0,train
070356.jpg,156,216,3984.0,train
007398.jpg,239,331,3984.0,train
030289.jpg,273,378,3984.0,train
096911.jpg,88,122,3984.0,train
037455.jpg,359,497,3984.0,train
081007.jpg,133,184,3984.0,train
067059.jpg,86,119,3984.0,train
123228.jpg,52,72,3984.0,train
013539.jpg,140,194,3984.0,train
024145.jpg,281,389,3984.0,train
147085.jpg,650,900,3984.0,train
027119.jpg,120,166,3984.0,train
135030.jpg,382,529,4027.0,train
074411.jpg,465,644,4027.0,train
114502.jpg,512,709,4027.0,train
084879.jpg,1014,1404,4027.0,train
035650.jpg,252,349,4027.0,train
035857.jpg,369,511,4027.0,train
145457.jpg,356,493,4027.0,train
115464.jpg,231,320,4027.0,train
047583.jpg,333,461,4027.0,train
001500.jpg,203,281,4027.0,train
019311.jpg,312,432,4027.0,train
078269.jpg,257,356,4027.0,train
021212.jpg,432,598,4027.0,train
050906.jpg,252,349,4027.0,train
046458.jpg,478,626,4027.0,train
108208.jpg,575,796,4027.0,train
014344.jpg,216,299,4027.0,train
015429.jpg,351,486,4027.0,train
131924.jpg,177,245,4027.0,train
018957.jpg,252,349,4027.0,train
155175.jpg,190,263,7178.0,train
067726.jpg,463,641,7178.0,train
148901.jpg,289,400,7178.0,train
074462.jpg,250,346,7178.0,train
028418.jpg,284,396,7178.0,train
032328.jpg,177,245,7178.0,train
158968.jpg,276,382,7178.0,train
150809.jpg,146,202,7178.0,train
052958.jpg,263,364,7178.0,train
001071.jpg,112,155,7178.0,train
012427.jpg,320,443,7178.0,train
072340.jpg,192,266,7178.0,train
017476.jpg,257,356,7178.0,train
055035.jpg,257,356,7178.0,train
048512.jpg,221,306,7178.0,train
142228.jpg,320,443,7178.0,train
003152.jpg,156,216,7178.0,train
003950.jpg,320,443,7178.0,train
151806.jpg,75,104,7178.0,train
008693.jpg,624,864,7178.0,train
156404.jpg,374,518,2969.0,train
087037.jpg,286,396,2969.0,train
129247.jpg,125,173,2969.0,train
097644.jpg,2478,3431,2969.0,train
052089.jpg,148,205,2969.0,train
057825.jpg,377,522,2969.0,train
158318.jpg,177,245,2969.0,train
129592.jpg,127,176,2969.0,train
064493.jpg,341,472,2969.0,train
000856.jpg,174,241,2969.0,train
019283.jpg,806,1116,2969.0,train
093115.jpg,315,436,2969.0,train
029372.jpg,161,223,2969.0,train
064808.jpg,442,612,2969.0,train
062060.jpg,190,263,2969.0,train
123492.jpg,562,778,2969.0,train
005300.jpg,211,292,2969.0,train
009285.jpg,177,245,2969.0,train
141158.jpg,94,130,2969.0,train
013460.jpg,432,598,2969.0,train
157779.jpg,590,817,7119.0,train
101144.jpg,148,205,7119.0,train
138853.jpg,312,432,7119.0,train
111109.jpg,255,353,7119.0,train
069629.jpg,270,374,7119.0,train
072669.jpg,520,631,7119.0,train
157968.jpg,283,392,7119.0,train
145801.jpg,218,302,7119.0,train
096467.jpg,372,515,7119.0,train
001516.jpg,161,223,7119.0,train
042012.jpg,179,248,7119.0,train
110670.jpg,393,544,7119.0,train
048132.jpg,107,148,7119.0,train
099278.jpg,229,317,7119.0,train
090794.jpg,213,295,7119.0,train
137266.jpg,281,389,7119.0,train
006360.jpg,172,238,7119.0,train
008768.jpg,551,763,7119.0,train
150204.jpg,478,662,7119.0,train
035406.jpg,239,331,7119.0,train
156714.jpg,572,792,5703.0,train
080133.jpg,499,691,5703.0,train
135527.jpg,382,529,5703.0,train
085075.jpg,530,734,5703.0,train
038212.jpg,520,720,5703.0,train
041898.jpg,159,220,5703.0,train
158512.jpg,179,248,5703.0,train
140265.jpg,447,619,5703.0,train
054144.jpg,135,187,5703.0,train
001714.jpg,489,677,5703.0,train
022786.jpg,161,223,5703.0,train
085061.jpg,192,266,5703.0,train
029061.jpg,359,497,5703.0,train
071064.jpg,224,310,5703.0,train
049870.jpg,562,778,5703.0,train
132712.jpg,104,144,5703.0,train
004273.jpg,164,227,5703.0,train
010535.jpg,510,706,5703.0,train
149891.jpg,109,151,5703.0,train
012659.jpg,582,806,5703.0,train
149830.jpg,351,486,4035.0,train
085630.jpg,257,356,4035.0,train
132035.jpg,239,331,4035.0,train
089249.jpg,468,648,4035.0,train
036162.jpg,159,220,4035.0,train
046544.jpg,146,202,4035.0,train
152713.jpg,179,248,4035.0,train
133266.jpg,325,450,4035.0,train
070708.jpg,359,497,4035.0,train
012367.jpg,166,230,4035.0,train
021205.jpg,273,392,4035.0,train
085807.jpg,1217,1685,4035.0,train
023718.jpg,252,349,4035.0,train
074753.jpg,221,306,4035.0,train
060081.jpg,208,288,4035.0,train
129048.jpg,229,317,4035.0,train
013056.jpg,400,554,4035.0,train
015837.jpg,452,626,4035.0,train
143064.jpg,229,317,4035.0,train
018528.jpg,159,220,4035.0,train
115916.jpg,237,328,9850.0,train
071674.jpg,218,302,9850.0,train
097697.jpg,109,151,9850.0,train
076704.jpg,125,173,9850.0,train
048835.jpg,187,259,9850.0,train
049454.jpg,224,310,9850.0,train
131316.jpg,172,238,9850.0,train
102974.jpg,164,227,9850.0,train
059034.jpg,317,439,9850.0,train
005331.jpg,372,515,9850.0,train
015568.jpg,289,400,9850.0,train
076377.jpg,281,389,9850.0,train
032026.jpg,260,360,9850.0,train
060507.jpg,915,1267,9850.0,train
055271.jpg,169,234,9850.0,train
096347.jpg,278,385,9850.0,train
007072.jpg,281,389,9850.0,train
009999.jpg,195,270,9850.0,train
106719.jpg,237,328,9850.0,train
010838.jpg,257,356,9850.0,train
133251.jpg,55,76,3477.0,train
086946.jpg,122,169,3477.0,train
120880.jpg,296,410,3477.0,train
087577.jpg,156,216,3477.0,train
042822.jpg,203,281,3477.0,train
042840.jpg,81,112,3477.0,train
146509.jpg,146,202,3477.0,train
123747.jpg,151,209,3477.0,train
065975.jpg,325,450,3477.0,train
004587.jpg,112,155,3477.0,train
024498.jpg,234,324,3477.0,train
087114.jpg,205,284,3477.0,train
033523.jpg,159,220,3477.0,train
069381.jpg,156,216,3477.0,train
065029.jpg,198,274,3477.0,train
119125.jpg,192,266,3477.0,train
010041.jpg,159,220,3477.0,train
012905.jpg,239,331,3477.0,train
128643.jpg,195,270,3477.0,train
013873.jpg,146,202,3477.0,train
151269.jpg,387,536,4031.0,train
092290.jpg,393,544,4031.0,train
132022.jpg,268,371,4031.0,train
094637.jpg,294,407,4031.0,train
052894.jpg,153,212,4031.0,train
058433.jpg,107,148,4031.0,train
153311.jpg,598,686,4031.0,train
134204.jpg,185,256,4031.0,train
073852.jpg,143,198,4031.0,train
003561.jpg,434,601,4031.0,train
024697.jpg,250,346,4031.0,train
093737.jpg,185,256,4031.0,train
027973.jpg,361,500,4031.0,train
084614.jpg,187,259,4031.0,train
071519.jpg,148,205,4031.0,train
131137.jpg,190,263,4031.0,train
004542.jpg,143,198,4031.0,train
005314.jpg,260,360,4031.0,train
141904.jpg,283,392,4031.0,train
009268.jpg,426,590,4031.0,train
161933.jpg,78,108,3475.0,train
081925.jpg,190,263,3475.0,train
138400.jpg,361,500,3475.0,train
106460.jpg,86,119,3475.0,train
053790.jpg,637,882,3475.0,train
057843.jpg,96,133,3475.0,train
162091.jpg,239,331,3475.0,train
144434.jpg,109,151,3475.0,train
070238.jpg,75,104,3475.0,train
000680.jpg,127,176,3475.0,train
021478.jpg,349,544,3475.0,train
106040.jpg,133,184,3475.0,train
024861.jpg,312,432,3475.0,train
075282.jpg,1464,2027,3475.0,train
068842.jpg,62,86,3475.0,train
132731.jpg,135,187,3475.0,train
002713.jpg,164,227,3475.0,train
011042.jpg,104,144,3475.0,train
145136.jpg,185,256,3475.0,train
011743.jpg,138,191,3475.0,train
154787.jpg,221,306,9915.0,train
088315.jpg,239,331,9915.0,train
133834.jpg,140,194,9915.0,train
103628.jpg,195,270,9915.0,train
058472.jpg,889,1231,9915.0,train
062127.jpg,250,346,9915.0,train
156330.jpg,260,360,9915.0,train
142800.jpg,148,205,9915.0,train
075489.jpg,250,346,9915.0,train
002520.jpg,120,166,9915.0,train
022953.jpg,205,284,9915.0,train
089069.jpg,187,259,9915.0,train
025946.jpg,426,590,9915.0,train
082647.jpg,135,187,9915.0,train
072579.jpg,320,443,9915.0,train
133579.jpg,156,216,9915.0,train
005076.jpg,226,313,9915.0,train
009395.jpg,99,137,9915.0,train
152992.jpg,159,220,9915.0,train
014129.jpg,182,252,9915.0,train
151017.jpg,135,187,3469.0,train
096754.jpg,135,187,3469.0,train
125583.jpg,86,119,3469.0,train
103925.jpg,270,374,3469.0,train
054922.jpg,260,360,3469.0,train
066844.jpg,242,335,3469.0,train
154189.jpg,195,270,3469.0,train
127599.jpg,75,104,3469.0,train
075126.jpg,601,832,3469.0,train
007657.jpg,140,194,3469.0,train
026634.jpg,138,191,3469.0,train
097691.jpg,107,148,3469.0,train
028660.jpg,499,691,3469.0,train
076372.jpg,133,184,3469.0,train
072617.jpg,237,328,3469.0,train
118626.jpg,247,342,3469.0,train
007779.jpg,273,378,3469.0,train
015558.jpg,174,241,3469.0,train
136268.jpg,166,230,3469.0,train
022404.jpg,411,569,3469.0,train
143447.jpg,166,230,5449.0,train
086555.jpg,226,313,5449.0,train
132910.jpg,208,288,5449.0,train
109850.jpg,229,317,5449.0,train
071961.jpg,278,385,5449.0,train
077029.jpg,174,241,5449.0,train
144846.jpg,286,396,5449.0,train
136286.jpg,166,230,5449.0,train
082197.jpg,213,295,5449.0,train
011061.jpg,244,338,5449.0,train
035225.jpg,244,338,5449.0,train
103166.jpg,302,418,5449.0,train
052743.jpg,289,400,5449.0,train
084345.jpg,374,518,5449.0,train
081694.jpg,234,324,5449.0,train
132563.jpg,382,529,5449.0,train
019140.jpg,489,677,5449.0,train
027580.jpg,307,425,5449.0,train
136761.jpg,200,277,5449.0,train
032142.jpg,242,335,5449.0,train
154031.jpg,179,248,7423.0,train
086296.jpg,109,151,7423.0,train
121664.jpg,304,421,7423.0,train
101663.jpg,237,328,7423.0,train
050139.jpg,200,277,7423.0,train
053906.jpg,190,263,7423.0,train
156042.jpg,185,256,7423.0,train
129657.jpg,304,421,7423.0,train
071850.jpg,153,212,7423.0,train
004203.jpg,99,137,7423.0,train
030394.jpg,174,241,7423.0,train
097796.jpg,203,281,7423.0,train
039429.jpg,182,252,7423.0,train
078914.jpg,81,112,7423.0,train
071213.jpg,146,202,7423.0,train
119614.jpg,1149,1591,7423.0,train
004629.jpg,83,115,7423.0,train
006452.jpg,146,202,7423.0,train
136081.jpg,169,234,7423.0,train
015280.jpg,933,1292,7423.0,train
132671.jpg,322,446,447.0,train
080591.jpg,320,443,447.0,train
114870.jpg,257,356,447.0,train
085936.jpg,569,788,447.0,train
049686.jpg,333,461,447.0,train
062688.jpg,541,749,447.0,train
141923.jpg,265,367,447.0,train
118382.jpg,731,1012,447.0,train
072614.jpg,491,680,447.0,train
011663.jpg,320,443,447.0,train
038484.jpg,393,544,447.0,train
081214.jpg,424,587,447.0,train
039448.jpg,359,497,447.0,train
073881.jpg,268,371,447.0,train
067590.jpg,517,716,447.0,train
101580.jpg,814,1127,447.0,train
012104.jpg,255,353,447.0,train
014420.jpg,530,734,447.0,train
125164.jpg,484,670,447.0,train
036219.jpg,307,425,447.0,train
143623.jpg,159,220,9921.0,train
088935.jpg,179,248,9921.0,train
119823.jpg,322,446,9921.0,train
101841.jpg,182,252,9921.0,train
061606.jpg,174,241,9921.0,train
061965.jpg,250,346,9921.0,train
146330.jpg,138,191,9921.0,train
132181.jpg,257,356,9921.0,train
077260.jpg,333,461,9921.0,train
002877.jpg,283,392,9921.0,train
030171.jpg,159,220,9921.0,train
090215.jpg,143,198,9921.0,train
036487.jpg,140,194,9921.0,train
086497.jpg,806,1116,9921.0,train
073617.jpg,143,198,9921.0,train
118395.jpg,221,306,9921.0,train
006645.jpg,164,227,9921.0,train
029575.jpg,208,288,9921.0,train
135675.jpg,198,274,9921.0,train
029675.jpg,133,184,9921.0,train
150582.jpg,166,230,5451.0,train
102466.jpg,281,389,5451.0,train
137533.jpg,185,256,5451.0,train
109860.jpg,101,140,5451.0,train
085430.jpg,237,328,5451.0,train
086598.jpg,127,176,5451.0,train
153785.jpg,190,263,5451.0,train
143037.jpg,205,284,5451.0,train
099857.jpg,239,331,5451.0,train
002199.jpg,114,158,5451.0,train
051003.jpg,143,198,5451.0,train
105252.jpg,140,194,5451.0,train
057765.jpg,510,706,5451.0,train
100276.jpg,452,626,5451.0,train
096930.jpg,304,421,5451.0,train
130251.jpg,224,310,5451.0,train
006444.jpg,96,133,5451.0,train
020917.jpg,122,169,5451.0,train
146272.jpg,208,288,5451.0,train
034663.jpg,273,378,5451.0,train
142894.jpg,182,252,5452.0,train
076656.jpg,309,428,5452.0,train
103624.jpg,211,292,5452.0,train
085174.jpg,510,706,5452.0,train
053580.jpg,151,209,5452.0,train
065841.jpg,174,241,5452.0,train
153597.jpg,263,364,5452.0,train
104570.jpg,242,332,5452.0,train
072611.jpg,564,781,5452.0,train
004404.jpg,195,270,5452.0,train
032405.jpg,408,565,5452.0,train
084793.jpg,179,248,5452.0,train
033400.jpg,255,353,5452.0,train
074394.jpg,827,1145,5452.0,train
068640.jpg,728,1008,5452.0,train
103560.jpg,247,342,5452.0,train
016727.jpg,166,230,5452.0,train
026803.jpg,218,302,5452.0,train
112065.jpg,148,205,5452.0,train
028838.jpg,608,842,5452.0,train
153544.jpg,192,266,6914.0,train
104629.jpg,174,241,6914.0,train
141821.jpg,114,158,6914.0,train
107400.jpg,192,266,6914.0,train
044454.jpg,114,158,6914.0,train
060614.jpg,229,317,6914.0,train
153640.jpg,146,202,6914.0,train
143760.jpg,83,115,6914.0,train
084613.jpg,169,234,6914.0,train
009272.jpg,278,385,6914.0,train
018656.jpg,127,176,6914.0,train
104769.jpg,120,166,6914.0,train
024939.jpg,273,378,6914.0,train
091853.jpg,101,140,6914.0,train
079449.jpg,179,248,6914.0,train
132425.jpg,192,266,6914.0,train
014591.jpg,213,295,6914.0,train
017493.jpg,107,148,6914.0,train
143870.jpg,133,184,6914.0,train
017863.jpg,156,216,6914.0,train
150296.jpg,242,335,3727.0,train
104595.jpg,416,608,3727.0,train
133547.jpg,203,281,3727.0,train
109480.jpg,153,212,3727.0,train
055727.jpg,317,583,3727.0,train
056373.jpg,151,209,3727.0,train
156933.jpg,140,194,3727.0,train
134275.jpg,208,270,3727.0,train
080241.jpg,127,176,3727.0,train
002724.jpg,161,223,3727.0,train
042965.jpg,148,205,3727.0,train
104964.jpg,343,368,3727.0,train
044870.jpg,86,119,3727.0,train
085566.jpg,125,173,3727.0,train
063021.jpg,146,202,3727.0,train
131430.jpg,146,202,3727.0,train
006047.jpg,211,292,3727.0,train
033304.jpg,81,112,3727.0,train
145919.jpg,289,400,3727.0,train
038428.jpg,247,342,3727.0,train
151479.jpg,252,349,3465.0,train
094519.jpg,221,306,3465.0,train
129388.jpg,148,205,3465.0,train
112044.jpg,226,313,3465.0,train
045471.jpg,205,284,3465.0,train
051141.jpg,315,436,3465.0,train
159716.jpg,234,324,3465.0,train
133365.jpg,109,151,3465.0,train
062011.jpg,164,227,3465.0,train
001130.jpg,216,299,3465.0,train
024191.jpg,138,191,3465.0,train
094771.jpg,208,288,3465.0,train
035685.jpg,179,248,3465.0,train
064947.jpg,359,497,3465.0,train
060751.jpg,127,176,3465.0,train
123758.jpg,289,400,3465.0,train
008934.jpg,382,529,3465.0,train
013850.jpg,278,385,3465.0,train
142138.jpg,1201,1663,3465.0,train
022661.jpg,244,338,3465.0,train
140006.jpg,333,461,3989.0,train
067391.jpg,575,796,3989.0,train
126127.jpg,247,342,3989.0,train
099147.jpg,338,468,3989.0,train
046869.jpg,377,522,3989.0,train
047114.jpg,143,198,3989.0,train
142339.jpg,159,220,3989.0,train
129101.jpg,247,342,3989.0,train
055856.jpg,179,248,3989.0,train
011955.jpg,130,180,3989.0,train
026408.jpg,265,367,3989.0,train
081627.jpg,140,194,3989.0,train
035670.jpg,159,220,3989.0,train
064533.jpg,892,1235,3989.0,train
052308.jpg,780,1080,3989.0,train
125631.jpg,244,338,3989.0,train
019117.jpg,159,220,3989.0,train
019505.jpg,200,277,3989.0,train
135851.jpg,117,162,3989.0,train
020819.jpg,190,263,3989.0,train
140824.jpg,1076,1490,94.0,train
072714.jpg,159,220,94.0,train
123924.jpg,471,652,94.0,train
082696.jpg,380,526,94.0,train
030086.jpg,169,234,94.0,train
038251.jpg,611,846,94.0,train
153538.jpg,257,356,94.0,train
129646.jpg,179,248,94.0,train
046355.jpg,213,295,94.0,train
005110.jpg,260,360,94.0,train
021271.jpg,450,623,94.0,train
072787.jpg,647,896,94.0,train
022032.jpg,497,688,94.0,train
055523.jpg,426,590,94.0,train
041583.jpg,335,464,94.0,train
119826.jpg,231,320,94.0,train
007302.jpg,471,652,94.0,train
008604.jpg,551,763,94.0,train
134873.jpg,291,403,94.0,train
013884.jpg,247,342,94.0,train
144648.jpg,135,187,9924.0,train
069855.jpg,276,382,9924.0,train
111461.jpg,114,158,9924.0,train
092107.jpg,374,468,9924.0,train
039716.jpg,166,230,9924.0,train
045352.jpg,96,133,9924.0,train
147382.jpg,112,155,9924.0,train
124499.jpg,156,216,9924.0,train
047996.jpg,205,284,9924.0,train
005525.jpg,161,223,9924.0,train
027913.jpg,172,238,9924.0,train
084417.jpg,177,245,9924.0,train
028384.jpg,224,310,9924.0,train
062278.jpg,276,382,9924.0,train
046969.jpg,286,396,9924.0,train
103928.jpg,161,223,9924.0,train
006710.jpg,689,867,9924.0,train
010777.jpg,182,252,9924.0,train
129377.jpg,99,137,9924.0,train
013105.jpg,221,306,9924.0,train
147941.jpg,164,227,6928.0,train
098383.jpg,177,245,6928.0,train
125898.jpg,346,479,6928.0,train
104596.jpg,380,526,6928.0,train
046173.jpg,182,252,6928.0,train
046362.jpg,307,425,6928.0,train
158671.jpg,120,166,6928.0,train
129617.jpg,88,122,6928.0,train
060879.jpg,489,677,6928.0,train
004034.jpg,338,468,6928.0,train
021050.jpg,294,407,6928.0,train
102948.jpg,164,227,6928.0,train
030839.jpg,460,637,6928.0,train
078053.jpg,127,176,6928.0,train
050219.jpg,140,194,6928.0,train
123653.jpg,299,414,6928.0,train
006192.jpg,250,346,6928.0,train
016062.jpg,130,180,6928.0,train
129899.jpg,400,554,6928.0,train
019059.jpg,671,929,6928.0,train
154525.jpg,273,378,3751.0,train
053604.jpg,122,169,3751.0,train
132718.jpg,257,356,3751.0,train
077865.jpg,684,947,3751.0,train
030757.jpg,406,562,3751.0,train
033167.jpg,367,492,3751.0,train
156335.jpg,380,526,3751.0,train
133126.jpg,250,346,3751.0,train
040138.jpg,372,515,3751.0,train
009775.jpg,320,443,3751.0,train
018612.jpg,161,223,3751.0,train
069303.jpg,263,364,3751.0,train
019965.jpg,161,223,3751.0,train
050775.jpg,380,526,3751.0,train
037998.jpg,283,392,3751.0,train
116309.jpg,507,702,3751.0,train
011378.jpg,315,436,3751.0,train
015641.jpg,406,562,3751.0,train
143622.jpg,317,439,3751.0,train
016874.jpg,356,493,3751.0,train
157048.jpg,153,212,5504.0,train
077835.jpg,400,554,5504.0,train
134031.jpg,213,295,5504.0,train
087999.jpg,458,634,5504.0,train
051928.jpg,179,248,5504.0,train
053789.jpg,213,295,5504.0,train
157662.jpg,177,245,5504.0,train
138048.jpg,117,162,5504.0,train
063446.jpg,538,745,5504.0,train
006845.jpg,216,299,5504.0,train
038610.jpg,224,310,5504.0,train
087339.jpg,148,205,5504.0,train
039097.jpg,140,194,5504.0,train
067555.jpg,151,209,5504.0,train
062147.jpg,278,385,5504.0,train
110418.jpg,270,374,5504.0,train
011165.jpg,143,198,5504.0,train
031174.jpg,133,184,5504.0,train
139058.jpg,203,281,5504.0,train
036692.jpg,127,176,5504.0,train
154134.jpg,268,371,7392.0,train
097143.jpg,361,500,7392.0,train
132040.jpg,333,461,7392.0,train
103608.jpg,590,817,7392.0,train
049490.jpg,185,256,7392.0,train
051976.jpg,858,1188,7392.0,train
156094.jpg,146,202,7392.0,train
136321.jpg,294,407,7392.0,train
072860.jpg,68,94,7392.0,train
025577.jpg,185,256,7392.0,train
030862.jpg,1043,1444,7392.0,train
101328.jpg,395,547,7392.0,train
036515.jpg,377,522,7392.0,train
089981.jpg,468,648,7392.0,train
067029.jpg,952,1318,7392.0,train
130971.jpg,403,558,7392.0,train
027351.jpg,205,284,7392.0,train
028066.jpg,130,180,7392.0,train
144441.jpg,286,396,7392.0,train
028212.jpg,276,382,7392.0,train
155184.jpg,252,349,10036.0,train
090443.jpg,164,227,10036.0,train
133879.jpg,309,428,10036.0,train
097380.jpg,172,238,10036.0,train
064999.jpg,224,310,10036.0,train
066628.jpg,200,277,10036.0,train
155326.jpg,169,234,10036.0,train
138628.jpg,151,209,10036.0,train
081932.jpg,65,90,10036.0,train
009670.jpg,143,198,10036.0,train
038618.jpg,101,140,10036.0,train
092530.jpg,164,227,10036.0,train
046418.jpg,213,295,10036.0,train
085382.jpg,125,173,10036.0,train
075781.jpg,148,205,10036.0,train
127295.jpg,122,169,10036.0,train
009810.jpg,109,151,10036.0,train
012986.jpg,198,274,10036.0,train
140736.jpg,263,364,10036.0,train
019981.jpg,239,323,10036.0,train
150027.jpg,203,281,3304.0,train
074849.jpg,411,569,3304.0,train
113927.jpg,333,461,3304.0,train
090883.jpg,200,277,3304.0,train
036334.jpg,166,230,3304.0,train
036567.jpg,242,335,3304.0,train
151854.jpg,359,497,3304.0,train
123012.jpg,294,407,3304.0,train
069812.jpg,101,140,3304.0,train
006396.jpg,172,238,3304.0,train
023475.jpg,190,263,3304.0,train
074892.jpg,299,414,3304.0,train
028093.jpg,265,367,3304.0,train
070276.jpg,263,364,3304.0,train
050147.jpg,270,374,3304.0,train
112936.jpg,205,284,3304.0,train
007534.jpg,237,328,3304.0,train
009598.jpg,117,162,3304.0,train
142368.jpg,286,396,3304.0,train
020281.jpg,130,180,3304.0,train
146627.jpg,148,205,5532.0,train
088015.jpg,138,191,5532.0,train
107395.jpg,218,302,5532.0,train
089598.jpg,156,216,5532.0,train
050297.jpg,161,223,5532.0,train
068385.jpg,257,356,5532.0,train
147067.jpg,263,364,5532.0,train
136782.jpg,497,688,5532.0,train
083427.jpg,302,418,5532.0,train
003424.jpg,73,101,5532.0,train
037109.jpg,125,173,5532.0,train
089568.jpg,117,162,5532.0,train
042165.jpg,117,162,5532.0,train
083977.jpg,486,673,5532.0,train
082166.jpg,268,371,5532.0,train
106293.jpg,580,803,5532.0,train
012351.jpg,614,850,5532.0,train
022234.jpg,263,364,5532.0,train
143680.jpg,445,616,5532.0,train
025821.jpg,174,241,5532.0,train
154828.jpg,585,810,289.0,train
085573.jpg,247,342,289.0,train
130954.jpg,426,590,289.0,train
087716.jpg,892,1235,289.0,train
046177.jpg,263,364,289.0,train
046378.jpg,268,371,289.0,train
156515.jpg,320,443,289.0,train
136126.jpg,192,266,289.0,train
073897.jpg,1193,1652,289.0,train
005009.jpg,172,238,289.0,train
034994.jpg,221,306,289.0,train
086907.jpg,211,292,289.0,train
038904.jpg,226,313,289.0,train
074766.jpg,434,601,289.0,train
064236.jpg,91,126,289.0,train
130478.jpg,291,403,289.0,train
014005.jpg,325,450,289.0,train
024678.jpg,231,320,289.0,train
139321.jpg,361,500,289.0,train
026710.jpg,195,270,289.0,train
154716.jpg,185,256,3184.0,train
042608.jpg,361,500,3184.0,train
117976.jpg,107,148,3184.0,train
062265.jpg,81,112,3184.0,train
026754.jpg,117,162,3184.0,train
031865.jpg,226,313,3184.0,train
154854.jpg,211,292,3184.0,train
121248.jpg,148,205,3184.0,train
039732.jpg,99,137,3184.0,train
001953.jpg,127,176,3184.0,train
008082.jpg,62,86,3184.0,train
055443.jpg,364,504,3184.0,train
008605.jpg,96,133,3184.0,train
040929.jpg,94,130,3184.0,train
035700.jpg,351,486,3184.0,train
106866.jpg,151,209,3184.0,train
003675.jpg,289,400,3184.0,train
004468.jpg,361,500,3184.0,train
132116.jpg,213,295,3184.0,train
005486.jpg,133,184,3184.0,train
135114.jpg,244,338,3186.0,train
063540.jpg,133,184,3186.0,train
123487.jpg,1170,1620,3186.0,train
086162.jpg,182,252,3186.0,train
025283.jpg,91,126,3186.0,train
032275.jpg,122,169,3186.0,train
139242.jpg,192,266,3186.0,train
127996.jpg,120,166,3186.0,train
039104.jpg,135,187,3186.0,train
006262.jpg,187,259,3186.0,train
014556.jpg,551,763,3186.0,train
066918.jpg,166,230,3186.0,train
014800.jpg,213,295,3186.0,train
043085.jpg,632,875,3186.0,train
035389.jpg,185,256,3186.0,train
117498.jpg,127,176,3186.0,train
007425.jpg,450,623,3186.0,train
008401.jpg,133,184,3186.0,train
129833.jpg,317,439,3186.0,train
011633.jpg,252,349,3186.0,train
160559.jpg,161,223,10023.0,train
049278.jpg,216,299,10023.0,train
125696.jpg,192,266,10023.0,train
057566.jpg,107,148,10023.0,train
024882.jpg,99,137,10023.0,train
025416.jpg,159,220,10023.0,train
160564.jpg,211,292,10023.0,train
131024.jpg,416,576,10023.0,train
033968.jpg,252,349,10023.0,train
004505.jpg,182,252,10023.0,train
011412.jpg,198,274,10023.0,train
051716.jpg,299,393,10023.0,train
014098.jpg,270,374,10023.0,train
034124.jpg,354,490,10023.0,train
032257.jpg,117,162,10023.0,train
109845.jpg,182,252,10023.0,train
006657.jpg,99,137,10023.0,train
007162.jpg,213,295,10023.0,train
144601.jpg,341,472,10023.0,train
007409.jpg,328,454,10023.0,train
140419.jpg,421,583,7003.0,train
068697.jpg,182,252,7003.0,train
097048.jpg,153,212,7003.0,train
077684.jpg,70,97,7003.0,train
038550.jpg,96,133,7003.0,train
042864.jpg,99,137,7003.0,train
144840.jpg,187,259,7003.0,train
116493.jpg,1069,1480,7003.0,train
056680.jpg,174,241,7003.0,train
001234.jpg,273,378,7003.0,train
015732.jpg,416,576,7003.0,train
074525.jpg,161,223,7003.0,train
026776.jpg,153,212,7003.0,train
059157.jpg,148,205,7003.0,train
055648.jpg,291,403,7003.0,train
095205.jpg,125,173,7003.0,train
002411.jpg,148,205,7003.0,train
004913.jpg,151,209,7003.0,train
128545.jpg,226,313,7003.0,train
010768.jpg,1222,1692,7003.0,train
156687.jpg,192,266,7286.0,train
089426.jpg,237,328,7286.0,train
144177.jpg,172,238,7286.0,train
095125.jpg,1014,1404,7286.0,train
039442.jpg,562,778,7286.0,train
039639.jpg,338,468,7286.0,train
159868.jpg,107,148,7286.0,train
147128.jpg,424,587,7286.0,train
065780.jpg,367,508,7286.0,train
010241.jpg,598,828,7286.0,train
013530.jpg,707,979,7286.0,train
092627.jpg,580,698,7286.0,train
020463.jpg,424,587,7286.0,train
072557.jpg,250,346,7286.0,train
047697.jpg,312,432,7286.0,train
141764.jpg,231,320,7286.0,train
010876.jpg,338,468,7286.0,train
012906.jpg,211,292,7286.0,train
147288.jpg,416,576,7286.0,train
013051.jpg,250,346,7286.0,train
136256.jpg,294,407,7294.0,train
067388.jpg,114,158,7294.0,train
106924.jpg,174,241,7294.0,train
079776.jpg,429,594,7294.0,train
036699.jpg,242,335,7294.0,train
037216.jpg,169,234,7294.0,train
152454.jpg,387,536,7294.0,train
117176.jpg,268,371,7294.0,train
054076.jpg,244,338,7294.0,train
000795.jpg,213,291,7294.0,train
013076.jpg,426,590,7294.0,train
069040.jpg,289,400,7294.0,train
014595.jpg,138,191,7294.0,train
059952.jpg,619,857,7294.0,train
039628.jpg,491,680,7294.0,train
088512.jpg,156,216,7294.0,train
004093.jpg,465,644,7294.0,train
006745.jpg,195,270,7294.0,train
119334.jpg,159,220,7294.0,train
008868.jpg,237,328,7294.0,train
126151.jpg,281,389,10032.0,train
049754.jpg,299,414,10032.0,train
108264.jpg,107,148,10032.0,train
063154.jpg,244,338,10032.0,train
024053.jpg,156,216,10032.0,train
024896.jpg,192,266,10032.0,train
145403.jpg,294,407,10032.0,train
108697.jpg,104,144,10032.0,train
038329.jpg,174,241,10032.0,train
001681.jpg,351,486,10032.0,train
015054.jpg,174,241,10032.0,train
058014.jpg,179,248,10032.0,train
017333.jpg,104,144,10032.0,train
040259.jpg,117,162,10032.0,train
027695.jpg,140,194,10032.0,train
088660.jpg,203,281,10032.0,train
004012.jpg,143,198,10032.0,train
011831.jpg,442,612,10032.0,train
113643.jpg,86,119,10032.0,train
014990.jpg,169,234,10032.0,train
146309.jpg,156,216,5543.0,train
081319.jpg,94,130,5543.0,train
119422.jpg,252,349,5543.0,train
083259.jpg,104,144,5543.0,train
052404.jpg,164,227,5543.0,train
056172.jpg,263,326,5543.0,train
149587.jpg,159,220,5543.0,train
122810.jpg,322,446,5543.0,train
067120.jpg,294,379,5543.0,train
002083.jpg,335,464,5543.0,train
026344.jpg,182,252,5543.0,train
081821.jpg,213,295,5543.0,train
038877.jpg,278,385,5543.0,train
073643.jpg,265,367,5543.0,train
065988.jpg,104,144,5543.0,train
114874.jpg,127,176,5543.0,train
009869.jpg,195,270,5543.0,train
012738.jpg,159,220,5543.0,train
129539.jpg,361,500,5543.0,train
020446.jpg,226,313,5543.0,train
155591.jpg,234,324,5578.0,train
097305.jpg,224,310,5578.0,train
133728.jpg,234,324,5578.0,train
105902.jpg,224,310,5578.0,train
076595.jpg,125,173,5578.0,train
079885.jpg,622,990,5578.0,train
157169.jpg,78,108,5578.0,train
144687.jpg,104,144,5578.0,train
087519.jpg,182,252,5578.0,train
000088.jpg,278,385,5578.0,train
039359.jpg,94,130,5578.0,train
100919.jpg,244,338,5578.0,train
040737.jpg,86,119,5578.0,train
094324.jpg,135,187,5578.0,train
083054.jpg,270,358,5578.0,train
126458.jpg,81,112,5578.0,train
018682.jpg,107,148,5578.0,train
022175.jpg,675,997,5578.0,train
145756.jpg,122,169,5578.0,train
038787.jpg,242,335,5578.0,train
126802.jpg,299,414,295.0,train
074951.jpg,221,306,295.0,train
107685.jpg,179,248,295.0,train
086742.jpg,146,202,295.0,train
063609.jpg,265,367,295.0,train
068437.jpg,135,187,295.0,train
128389.jpg,143,198,295.0,train
109469.jpg,104,144,295.0,train
071517.jpg,278,318,295.0,train
016956.jpg,263,364,295.0,train
035543.jpg,151,209,295.0,train
080683.jpg,192,266,295.0,train
036152.jpg,78,108,295.0,train
071919.jpg,130,180,295.0,train
070386.jpg,218,302,295.0,train
107652.jpg,122,169,295.0,train
026490.jpg,273,378,295.0,train
027201.jpg,99,137,295.0,train
111468.jpg,289,400,295.0,train
034395.jpg,153,212,295.0,train
145985.jpg,143,198,7004.0,train
072603.jpg,447,619,7004.0,train
137457.jpg,125,173,7004.0,train
078745.jpg,143,198,7004.0,train
032221.jpg,159,220,7004.0,train
033396.jpg,203,281,7004.0,train
149757.jpg,837,1159,7004.0,train
140641.jpg,640,841,7004.0,train
049839.jpg,208,288,7004.0,train
006405.jpg,850,1177,7004.0,train
020786.jpg,185,256,7004.0,train
074599.jpg,367,508,7004.0,train
024358.jpg,385,533,7004.0,train
064270.jpg,200,277,7004.0,train
048932.jpg,156,216,7004.0,train
122858.jpg,161,223,7004.0,train
013767.jpg,125,173,7004.0,train
018730.jpg,146,202,7004.0,train
141322.jpg,252,349,7004.0,train
019783.jpg,88,122,7004.0,train
148282.jpg,153,212,3858.0,train
096804.jpg,185,256,3858.0,train
131192.jpg,213,295,3858.0,train
104886.jpg,218,302,3858.0,train
055057.jpg,200,277,3858.0,train
056370.jpg,1222,1692,3858.0,train
148437.jpg,663,918,3858.0,train
131766.jpg,307,425,3858.0,train
077405.jpg,286,396,3858.0,train
006639.jpg,265,367,3858.0,train
027803.jpg,328,454,3858.0,train
101993.jpg,213,295,3858.0,train
029472.jpg,242,335,3858.0,train
087052.jpg,187,259,3858.0,train
073042.jpg,177,245,3858.0,train
129462.jpg,260,360,3858.0,train
007810.jpg,273,378,3858.0,train
010450.jpg,130,180,3858.0,train
136546.jpg,494,684,3858.0,train
011359.jpg,146,202,3858.0,train
132812.jpg,153,212,3205.0,train
086400.jpg,640,886,3205.0,train
119353.jpg,135,187,3205.0,train
095065.jpg,73,101,3205.0,train
071111.jpg,125,173,3205.0,train
071984.jpg,166,230,3205.0,train
142852.jpg,234,324,3205.0,train
120088.jpg,159,220,3205.0,train
082535.jpg,200,277,3205.0,train
006586.jpg,270,374,3205.0,train
019187.jpg,364,504,3205.0,train
092152.jpg,276,382,3205.0,train
037811.jpg,213,295,3205.0,train
083067.jpg,162,292,3205.0,train
080076.jpg,101,140,3205.0,train
118650.jpg,151,209,3205.0,train
011957.jpg,195,270,3205.0,train
015921.jpg,159,220,3205.0,train
120273.jpg,213,295,3205.0,train
016176.jpg,122,169,3205.0,train
144351.jpg,208,288,10044.0,train
079634.jpg,346,479,10044.0,train
112014.jpg,221,306,10044.0,train
086560.jpg,187,259,10044.0,train
052232.jpg,156,216,10044.0,train
053510.jpg,229,317,10044.0,train
150557.jpg,312,432,10044.0,train
117964.jpg,273,378,10044.0,train
063515.jpg,463,641,10044.0,train
001904.jpg,164,227,10044.0,train
019398.jpg,218,302,10044.0,train
081247.jpg,148,205,10044.0,train
026013.jpg,104,144,10044.0,train
067219.jpg,140,194,10044.0,train
061502.jpg,317,439,10044.0,train
111241.jpg,187,259,10044.0,train
002442.jpg,179,248,10044.0,train
003338.jpg,169,234,10044.0,train
129429.jpg,218,302,10044.0,train
007096.jpg,226,313,10044.0,train
155582.jpg,192,266,3854.0,train
083242.jpg,187,259,3854.0,train
137928.jpg,117,162,3854.0,train
101944.jpg,335,464,3854.0,train
030469.jpg,473,655,3854.0,train
037439.jpg,429,594,3854.0,train
160108.jpg,260,360,3854.0,train
144907.jpg,234,324,3854.0,train
048339.jpg,101,140,3854.0,train
005150.jpg,348,482,3854.0,train
008388.jpg,325,450,3854.0,train
084220.jpg,447,619,3854.0,train
028702.jpg,559,760,3854.0,train
067181.jpg,200,277,3854.0,train
045389.jpg,315,436,3854.0,train
135728.jpg,164,227,3854.0,train
005160.jpg,294,407,3854.0,train
006206.jpg,153,212,3854.0,train
152525.jpg,538,730,3854.0,train
007964.jpg,130,180,3854.0,train
154215.jpg,221,306,7331.0,train
101696.jpg,499,691,7331.0,train
132524.jpg,255,353,7331.0,train
111154.jpg,125,173,7331.0,train
061401.jpg,140,194,7331.0,train
070214.jpg,320,443,7331.0,train
155628.jpg,551,763,7331.0,train
145764.jpg,585,810,7331.0,train
092987.jpg,471,652,7331.0,train
003926.jpg,351,486,7331.0,train
024249.jpg,120,166,7331.0,train
108179.jpg,174,241,7331.0,train
041683.jpg,447,619,7331.0,train
097835.jpg,2163,2995,7331.0,train
083895.jpg,224,310,7331.0,train
124616.jpg,437,605,7331.0,train
007150.jpg,330,457,7331.0,train
010461.jpg,1082,1498,7331.0,train
147154.jpg,837,1159,7331.0,train
020639.jpg,439,608,7331.0,train
141484.jpg,252,349,3853.0,train
109157.jpg,109,151,3853.0,train
133333.jpg,338,468,3853.0,train
117955.jpg,224,310,3853.0,train
041712.jpg,192,266,3853.0,train
077341.jpg,101,140,3853.0,train
144902.jpg,226,313,3853.0,train
134794.jpg,507,702,3853.0,train
091211.jpg,367,508,3853.0,train
002101.jpg,304,421,3853.0,train
014311.jpg,203,281,3853.0,train
113510.jpg,120,90,3853.0,train
019277.jpg,312,432,3853.0,train
105601.jpg,226,313,3853.0,train
085924.jpg,203,281,3853.0,train
131773.jpg,390,540,3853.0,train
003240.jpg,348,482,3853.0,train
007806.jpg,320,443,3853.0,train
134816.jpg,257,356,3853.0,train
011504.jpg,312,432,3853.0,train
152379.jpg,1778,2462,3817.0,train
078124.jpg,478,648,3817.0,train
132897.jpg,242,335,3817.0,train
096062.jpg,434,601,3817.0,train
028996.jpg,229,317,3817.0,train
031281.jpg,276,382,3817.0,train
157481.jpg,289,400,3817.0,train
136218.jpg,702,972,3817.0,train
042925.jpg,1027,1422,3817.0,train
005152.jpg,858,1027,3817.0,train
016387.jpg,585,810,3817.0,train
089488.jpg,645,813,3817.0,train
021429.jpg,1232,1706,3817.0,train
044646.jpg,169,234,3817.0,train
039819.jpg,562,778,3817.0,train
121884.jpg,276,382,3817.0,train
007354.jpg,588,814,3817.0,train
010246.jpg,421,583,3817.0,train
142869.jpg,465,644,3817.0,train
011632.jpg,237,328,3817.0,train
146021.jpg,122,169,3238.0,train
098176.jpg,112,155,3238.0,train
128355.jpg,177,245,3238.0,train
106522.jpg,338,468,3238.0,train
034356.jpg,169,234,3238.0,train
055455.jpg,81,112,3238.0,train
154111.jpg,419,580,3238.0,train
137923.jpg,125,173,3238.0,train
066061.jpg,278,385,3238.0,train
003432.jpg,198,274,3238.0,train
023592.jpg,198,274,3238.0,train
103685.jpg,94,130,3238.0,train
025709.jpg,143,198,3238.0,train
070968.jpg,237,328,3238.0,train
062237.jpg,421,508,3238.0,train
126413.jpg,120,166,3238.0,train
013588.jpg,117,162,3238.0,train
014543.jpg,179,248,3238.0,train
141313.jpg,218,302,3238.0,train
022136.jpg,263,364,3238.0,train
152845.jpg,302,418,7320.0,train
062322.jpg,133,184,7320.0,train
140069.jpg,367,508,7320.0,train
070413.jpg,177,245,7320.0,train
022449.jpg,125,173,7320.0,train
032503.jpg,151,209,7320.0,train
155425.jpg,582,806,7320.0,train
144384.jpg,174,241,7320.0,train
050303.jpg,133,184,7320.0,train
001382.jpg,528,731,7320.0,train
018285.jpg,585,810,7320.0,train
066987.jpg,697,965,7320.0,train
019535.jpg,260,360,7320.0,train
053537.jpg,1407,1948,7320.0,train
042179.jpg,473,655,7320.0,train
123145.jpg,211,292,7320.0,train
003939.jpg,315,436,7320.0,train
007547.jpg,213,295,7320.0,train
144990.jpg,294,407,7320.0,train
009981.jpg,101,140,7320.0,train
138712.jpg,101,140,7013.0,train
077714.jpg,229,317,7013.0,train
115647.jpg,224,310,7013.0,train
089253.jpg,213,295,7013.0,train
030720.jpg,211,292,7013.0,train
038337.jpg,135,187,7013.0,train
153044.jpg,686,950,7013.0,train
115973.jpg,195,270,7013.0,train
063172.jpg,153,212,7013.0,train
003228.jpg,172,238,7013.0,train
021526.jpg,68,94,7013.0,train
078239.jpg,195,270,7013.0,train
021666.jpg,138,191,7013.0,train
063667.jpg,143,198,7013.0,train
049590.jpg,138,191,7013.0,train
113260.jpg,112,155,7013.0,train
010833.jpg,497,688,7013.0,train
015475.jpg,837,1159,7013.0,train
133791.jpg,224,310,7013.0,train
020042.jpg,135,187,7013.0,train
140915.jpg,507,702,3875.0,train
073404.jpg,159,220,3875.0,train
112669.jpg,533,738,3875.0,train
081858.jpg,369,511,3875.0,train
036974.jpg,140,194,3875.0,train
038258.jpg,211,292,3875.0,train
141134.jpg,369,511,3875.0,train
114024.jpg,341,472,3875.0,train
051684.jpg,166,230,3875.0,train
000323.jpg,393,544,3875.0,train
008281.jpg,824,1141,3875.0,train
077099.jpg,195,270,3875.0,train
016637.jpg,179,248,3875.0,train
059144.jpg,153,212,3875.0,train
049460.jpg,320,443,3875.0,train
112531.jpg,247,342,3875.0,train
005048.jpg,239,331,3875.0,train
005690.jpg,177,245,3875.0,train
120678.jpg,221,306,3875.0,train
007998.jpg,112,155,3875.0,train
133759.jpg,156,216,3317.0,train
091163.jpg,536,742,3317.0,train
121530.jpg,62,86,3317.0,train
096939.jpg,114,158,3317.0,train
063251.jpg,276,382,3317.0,train
067341.jpg,104,144,3317.0,train
141724.jpg,244,338,3317.0,train
122523.jpg,408,565,3317.0,train
081604.jpg,73,101,3317.0,train
001188.jpg,320,393,3317.0,train
029957.jpg,83,115,3317.0,train
092690.jpg,164,227,3317.0,train
049923.jpg,146,202,3317.0,train
088627.jpg,114,158,3317.0,train
078729.jpg,377,522,3317.0,train
107729.jpg,133,184,3317.0,train
021614.jpg,83,115,3317.0,train
022352.jpg,135,187,3317.0,train
130966.jpg,213,295,3317.0,train
027359.jpg,166,230,3317.0,train
152737.jpg,164,227,10008.0,train
070783.jpg,229,317,10008.0,train
122513.jpg,226,313,10008.0,train
093573.jpg,835,1156,10008.0,train
041631.jpg,94,130,10008.0,train
042001.jpg,112,155,10008.0,train
157341.jpg,871,1206,10008.0,train
123558.jpg,207,295,10008.0,train
057428.jpg,187,259,10008.0,train
007129.jpg,242,335,10008.0,train
024679.jpg,177,245,10008.0,train
075584.jpg,270,374,10008.0,train
030744.jpg,127,176,10008.0,train
061416.jpg,99,137,10008.0,train
051875.jpg,101,140,10008.0,train
119478.jpg,81,112,10008.0,train
008070.jpg,107,148,10008.0,train
011258.jpg,117,162,10008.0,train
124171.jpg,411,569,10008.0,train
022192.jpg,164,227,10008.0,train
157751.jpg,281,389,343.0,train
062500.jpg,372,515,343.0,train
123790.jpg,96,133,343.0,train
076258.jpg,200,277,343.0,train
038343.jpg,195,270,343.0,train
040825.jpg,320,443,343.0,train
159671.jpg,244,338,343.0,train
126908.jpg,203,280,343.0,train
053783.jpg,250,346,343.0,train
007590.jpg,247,342,343.0,train
022103.jpg,198,274,343.0,train
068988.jpg,120,166,343.0,train
026567.jpg,153,212,343.0,train
060237.jpg,361,500,343.0,train
050564.jpg,229,317,343.0,train
115578.jpg,252,349,343.0,train
010572.jpg,341,367,343.0,train
015689.jpg,172,238,343.0,train
149076.jpg,120,166,343.0,train
020681.jpg,234,324,343.0,train
150597.jpg,192,266,3357.0,train
053732.jpg,109,151,3357.0,train
098406.jpg,270,374,3357.0,train
068706.jpg,627,868,3357.0,train
023048.jpg,221,306,3357.0,train
033249.jpg,369,511,3357.0,train
153463.jpg,263,364,3357.0,train
106498.jpg,91,126,3357.0,train
045319.jpg,174,241,3357.0,train
000814.jpg,1188,1645,3357.0,train
005932.jpg,718,994,3357.0,train
058907.jpg,450,607,3357.0,train
017940.jpg,374,518,3357.0,train
047192.jpg,242,335,3357.0,train
043574.jpg,229,317,3357.0,train
097189.jpg,151,209,3357.0,train
001029.jpg,302,418,3357.0,train
004138.jpg,187,259,3357.0,train
137738.jpg,364,504,3357.0,train
005052.jpg,231,320,3357.0,train
140325.jpg,140,194,7238.0,train
075379.jpg,112,155,7238.0,train
123464.jpg,562,778,7238.0,train
078466.jpg,114,158,7238.0,train
046267.jpg,577,799,7238.0,train
049523.jpg,218,302,7238.0,train
160067.jpg,114,158,7238.0,train
138613.jpg,151,209,7238.0,train
067088.jpg,244,338,7238.0,train
010481.jpg,231,320,7238.0,train
020704.jpg,751,1040,7238.0,train
076694.jpg,130,180,7238.0,train
026056.jpg,101,140,7238.0,train
073595.jpg,234,324,7238.0,train
066662.jpg,434,601,7238.0,train
120908.jpg,99,137,7238.0,train
012133.jpg,255,353,7238.0,train
012544.jpg,117,162,7238.0,train
138754.jpg,242,335,7238.0,train
015187.jpg,153,212,7238.0,train
130811.jpg,252,349,5635.0,train
073106.jpg,133,184,5635.0,train
117893.jpg,252,349,5635.0,train
077823.jpg,159,220,5635.0,train
037373.jpg,101,140,5635.0,train
039658.jpg,242,335,5635.0,train
144436.jpg,127,176,5635.0,train
120722.jpg,320,443,5635.0,train
057652.jpg,463,641,5635.0,train
002336.jpg,109,151,5635.0,train
021891.jpg,148,205,5635.0,train
073600.jpg,413,572,5635.0,train
023301.jpg,114,158,5635.0,train
063144.jpg,153,212,5635.0,train
045930.jpg,322,446,5635.0,train
115914.jpg,268,371,5635.0,train
004274.jpg,182,252,5635.0,train
010353.jpg,122,169,5635.0,train
123866.jpg,234,324,5635.0,train
020939.jpg,112,155,5635.0,train
152418.jpg,172,238,5896.0,train
085393.jpg,174,241,5896.0,train
139799.jpg,192,266,5896.0,train
096622.jpg,239,331,5896.0,train
052970.jpg,104,144,5896.0,train
056192.jpg,140,194,5896.0,train
161508.jpg,114,158,5896.0,train
147512.jpg,127,176,5896.0,train
075858.jpg,174,241,5896.0,train
012278.jpg,263,364,5896.0,train
047538.jpg,218,302,5896.0,train
086424.jpg,705,976,5896.0,train
050140.jpg,952,1318,5896.0,train
077138.jpg,198,274,5896.0,train
072626.jpg,107,148,5896.0,train
120886.jpg,187,259,5896.0,train
020406.jpg,143,198,5896.0,train
026221.jpg,218,302,5896.0,train
147742.jpg,177,245,5896.0,train
046164.jpg,263,364,5896.0,train
151881.jpg,166,230,3080.0,train
081352.jpg,593,821,3080.0,train
137917.jpg,263,364,3080.0,train
105714.jpg,122,169,3080.0,train
041602.jpg,289,400,3080.0,train
045736.jpg,231,320,3080.0,train
161018.jpg,237,328,3080.0,train
138402.jpg,281,389,3080.0,train
064712.jpg,237,328,3080.0,train
003591.jpg,205,284,3080.0,train
033625.jpg,281,389,3080.0,train
086447.jpg,257,356,3080.0,train
035013.jpg,148,205,3080.0,train
071998.jpg,200,277,3080.0,train
064074.jpg,166,230,3080.0,train
130103.jpg,278,322,3080.0,train
005134.jpg,328,454,3080.0,train
024098.jpg,135,187,3080.0,train
148322.jpg,218,302,3080.0,train
031120.jpg,281,389,3080.0,train
153273.jpg,260,360,4164.0,train
091147.jpg,91,126,4164.0,train
134099.jpg,117,154,4164.0,train
101891.jpg,302,418,4164.0,train
055192.jpg,312,432,4164.0,train
063025.jpg,125,173,4164.0,train
156482.jpg,114,158,4164.0,train
137798.jpg,296,410,4164.0,train
077976.jpg,109,151,4164.0,train
011052.jpg,120,166,4164.0,train
017512.jpg,112,155,4164.0,train
099376.jpg,120,166,4164.0,train
029852.jpg,283,392,4164.0,train
080023.jpg,161,223,4164.0,train
073926.jpg,148,205,4164.0,train
126898.jpg,260,360,4164.0,train
014063.jpg,304,350,4164.0,train
015782.jpg,268,371,4164.0,train
144449.jpg,242,335,4164.0,train
016837.jpg,99,137,4164.0,train
148612.jpg,247,342,5897.0,train
097470.jpg,356,493,5897.0,train
127571.jpg,99,137,5897.0,train
104429.jpg,333,461,5897.0,train
068669.jpg,390,540,5897.0,train
078533.jpg,125,173,5897.0,train
159433.jpg,372,515,5897.0,train
135184.jpg,642,889,5897.0,train
088548.jpg,159,227,5897.0,train
005868.jpg,286,396,5897.0,train
045373.jpg,88,122,5897.0,train
102790.jpg,164,227,5897.0,train
045750.jpg,395,547,5897.0,train
094070.jpg,270,374,5897.0,train
083808.jpg,400,554,5897.0,train
127242.jpg,252,349,5897.0,train
013311.jpg,359,497,5897.0,train
030008.jpg,107,148,5897.0,train
144299.jpg,242,335,5897.0,train
044706.jpg,112,155,5897.0,train
126946.jpg,283,392,3081.0,train
077861.jpg,146,202,3081.0,train
101778.jpg,447,619,3081.0,train
081860.jpg,590,817,3081.0,train
043900.jpg,265,367,3081.0,train
047214.jpg,471,652,3081.0,train
130237.jpg,307,425,3081.0,train
106437.jpg,218,302,3081.0,train
049274.jpg,198,274,3081.0,train
001744.jpg,291,403,3081.0,train
019208.jpg,393,544,3081.0,train
079593.jpg,702,972,3081.0,train
024154.jpg,395,547,3081.0,train
056170.jpg,70,97,3081.0,train
048479.jpg,229,317,3081.0,train
099870.jpg,234,324,3081.0,train
003123.jpg,502,695,3081.0,train
006171.jpg,209,324,3081.0,train
118970.jpg,270,374,3081.0,train
013580.jpg,341,472,3081.0,train
135170.jpg,1030,1426,5611.0,train
075325.jpg,1274,1764,5611.0,train
096059.jpg,1123,1555,5611.0,train
075644.jpg,905,1253,5611.0,train
028774.jpg,562,778,5611.0,train
029390.jpg,211,292,5611.0,train
154707.jpg,1331,1843,5611.0,train
098342.jpg,796,1102,5611.0,train
071619.jpg,442,612,5611.0,train
000354.jpg,156,216,5611.0,train
005990.jpg,1875,2596,5611.0,train
075531.jpg,728,1008,5611.0,train
008700.jpg,1682,2329,5611.0,train
072943.jpg,842,1166,5611.0,train
066054.jpg,1295,1793,5611.0,train
094768.jpg,161,223,5611.0,train
002991.jpg,1139,1577,5611.0,train
004968.jpg,130,180,5611.0,train
121966.jpg,185,256,5611.0,train
005000.jpg,1544,2138,5611.0,train
152752.jpg,239,331,147.0,train
108876.jpg,161,223,147.0,train
136997.jpg,218,302,147.0,train
114944.jpg,205,284,147.0,train
049732.jpg,127,176,147.0,train
051544.jpg,122,169,147.0,train
154938.jpg,198,274,147.0,train
138775.jpg,260,360,147.0,train
079830.jpg,203,281,147.0,train
000412.jpg,237,328,147.0,train
029489.jpg,296,410,147.0,train
111381.jpg,442,607,147.0,train
033482.jpg,304,421,147.0,train
104954.jpg,127,176,147.0,train
069008.jpg,148,205,147.0,train
126664.jpg,320,443,147.0,train
001821.jpg,268,371,147.0,train
015938.jpg,510,706,147.0,train
140271.jpg,148,205,147.0,train
025755.jpg,218,302,147.0,train
141852.jpg,198,274,6989.0,train
080045.jpg,187,259,6989.0,train
119350.jpg,120,166,6989.0,train
088616.jpg,211,292,6989.0,train
038945.jpg,1092,1512,6989.0,train
053517.jpg,205,284,6989.0,train
145079.jpg,309,443,6989.0,train
122329.jpg,218,302,6989.0,train
059643.jpg,255,353,6989.0,train
001407.jpg,179,248,6989.0,train
031300.jpg,109,151,6989.0,train
082579.jpg,185,256,6989.0,train
032347.jpg,140,194,6989.0,train
061248.jpg,265,367,6989.0,train
056423.jpg,138,191,6989.0,train
118013.jpg,161,223,6989.0,train
012514.jpg,268,371,6989.0,train
014363.jpg,182,252,6989.0,train
134801.jpg,178,248,6989.0,train
028759.jpg,242,335,6989.0,train
144887.jpg,471,652,7066.0,train
088714.jpg,263,364,7066.0,train
123304.jpg,174,241,7066.0,train
092850.jpg,120,166,7066.0,train
060106.jpg,317,439,7066.0,train
060421.jpg,372,515,7066.0,train
152240.jpg,250,346,7066.0,train
131643.jpg,504,698,7066.0,train
074125.jpg,528,731,7066.0,train
004483.jpg,419,580,7066.0,train
032834.jpg,138,191,7066.0,train
090580.jpg,250,346,7066.0,train
046637.jpg,221,306,7066.0,train
075238.jpg,200,277,7066.0,train
061437.jpg,523,724,7066.0,train
117826.jpg,858,1188,7066.0,train
009614.jpg,242,335,7066.0,train
011452.jpg,390,540,7066.0,train
132313.jpg,572,792,7066.0,train
022906.jpg,541,749,7066.0,train
151173.jpg,510,706,303.0,train
084359.jpg,905,1253,303.0,train
109074.jpg,218,302,303.0,train
086614.jpg,499,691,303.0,train
047646.jpg,442,612,303.0,train
068318.jpg,590,817,303.0,train
159906.jpg,533,738,303.0,train
112269.jpg,463,641,303.0,train
080970.jpg,385,533,303.0,train
001148.jpg,1118,1342,303.0,train
028146.jpg,273,378,303.0,train
085693.jpg,354,490,303.0,train
032733.jpg,1118,1383,303.0,train
083205.jpg,645,893,303.0,train
075461.jpg,343,475,303.0,train
108569.jpg,203,281,303.0,train
009426.jpg,983,1361,303.0,train
011312.jpg,549,760,303.0,train
139213.jpg,582,806,303.0,train
023764.jpg,520,720,303.0,train
135616.jpg,169,234,3332.0,train
087059.jpg,395,547,3332.0,train
114001.jpg,276,382,3332.0,train
092200.jpg,192,266,3332.0,train
067339.jpg,135,187,3332.0,train
074300.jpg,229,317,3332.0,train
142296.jpg,385,533,3332.0,train
119434.jpg,367,508,3332.0,train
081397.jpg,270,374,3332.0,train
000009.jpg,343,475,3332.0,train
031176.jpg,185,256,3332.0,train
087763.jpg,1079,1494,3332.0,train
033152.jpg,463,641,3332.0,train
082025.jpg,96,133,3332.0,train
076594.jpg,133,184,3332.0,train
108096.jpg,114,158,3332.0,train
019015.jpg,364,504,3332.0,train
028776.jpg,153,212,3332.0,train
122686.jpg,369,511,3332.0,train
029414.jpg,104,144,3332.0,train
136128.jpg,398,551,7256.0,train
092140.jpg,81,112,7256.0,train
119408.jpg,156,216,7256.0,train
097096.jpg,312,432,7256.0,train
035299.jpg,395,547,7256.0,train
038317.jpg,75,104,7256.0,train
142759.jpg,304,421,7256.0,train
131714.jpg,226,313,7256.0,train
072895.jpg,156,216,7256.0,train
000114.jpg,182,252,7256.0,train
012577.jpg,211,292,7256.0,train
095972.jpg,104,144,7256.0,train
022967.jpg,260,360,7256.0,train
089654.jpg,153,212,7256.0,train
061983.jpg,335,413,7256.0,train
118439.jpg,99,137,7256.0,train
000825.jpg,265,367,7256.0,train
009399.jpg,351,486,7256.0,train
132326.jpg,185,256,7256.0,train
011760.jpg,263,364,7256.0,train
155571.jpg,356,493,3912.0,train
096713.jpg,517,716,3912.0,train
137909.jpg,190,263,3912.0,train
111248.jpg,250,346,3912.0,train
056657.jpg,234,324,3912.0,train
065612.jpg,187,259,3912.0,train
158018.jpg,317,439,3912.0,train
144457.jpg,260,360,3912.0,train
078699.jpg,338,468,3912.0,train
008935.jpg,265,367,3912.0,train
026300.jpg,447,619,3912.0,train
101210.jpg,127,176,3912.0,train
027887.jpg,255,353,3912.0,train
084518.jpg,598,828,3912.0,train
074349.jpg,177,245,3912.0,train
135108.jpg,237,328,3912.0,train
013816.jpg,255,353,3912.0,train
019793.jpg,348,482,3912.0,train
146261.jpg,356,493,3912.0,train
022078.jpg,356,493,3912.0,train
157209.jpg,255,353,5519.0,train
094009.jpg,127,176,5519.0,train
133601.jpg,286,396,5519.0,train
103006.jpg,309,428,5519.0,train
060945.jpg,153,212,5519.0,train
062515.jpg,88,122,5519.0,train
157593.jpg,190,263,5519.0,train
133944.jpg,268,371,5519.0,train
076060.jpg,161,223,5519.0,train
008746.jpg,78,108,5519.0,train
034706.jpg,208,288,5519.0,train
096056.jpg,356,493,5519.0,train
035372.jpg,195,270,5519.0,train
088119.jpg,294,407,5519.0,train
075504.jpg,156,216,5519.0,train
131554.jpg,205,284,5519.0,train
025653.jpg,208,288,5519.0,train
029627.jpg,101,140,5519.0,train
138632.jpg,177,245,5519.0,train
033628.jpg,164,227,5519.0,train
133440.jpg,177,245,10080.0,train
070115.jpg,151,209,10080.0,train
103863.jpg,1310,1814,10080.0,train
077633.jpg,294,407,10080.0,train
046211.jpg,234,324,10080.0,train
046411.jpg,153,212,10080.0,train
146226.jpg,107,148,10080.0,train
110780.jpg,177,245,10080.0,train
053254.jpg,99,137,10080.0,train
000936.jpg,174,241,10080.0,train
028242.jpg,153,212,10080.0,train
071792.jpg,263,364,10080.0,train
036569.jpg,140,194,10080.0,train
058190.jpg,159,220,10080.0,train
052829.jpg,286,396,10080.0,train
103058.jpg,229,317,10080.0,train
003640.jpg,294,407,10080.0,train
007163.jpg,211,292,10080.0,train
116019.jpg,143,198,10080.0,train
023168.jpg,343,475,10080.0,train
158465.jpg,322,446,318.0,train
089728.jpg,296,410,318.0,train
131539.jpg,348,482,318.0,train
093946.jpg,218,302,318.0,train
031211.jpg,325,450,318.0,train
034379.jpg,328,454,318.0,train
160240.jpg,348,482,318.0,train
143196.jpg,471,652,318.0,train
070267.jpg,296,410,318.0,train
003080.jpg,372,515,318.0,train
019502.jpg,216,299,318.0,train
092125.jpg,408,565,318.0,train
022749.jpg,156,216,318.0,train
073391.jpg,393,544,318.0,train
063869.jpg,351,486,318.0,train
124339.jpg,322,446,318.0,train
003222.jpg,372,515,318.0,train
005010.jpg,286,396,318.0,train
148416.jpg,198,274,318.0,train
009913.jpg,382,529,318.0,train
151549.jpg,172,238,7261.0,train
092172.jpg,172,238,7261.0,train
123436.jpg,213,295,7261.0,train
105642.jpg,99,137,7261.0,train
030238.jpg,364,504,7261.0,train
046553.jpg,146,202,7261.0,train
155630.jpg,83,115,7261.0,train
127153.jpg,146,202,7261.0,train
081367.jpg,203,281,7261.0,train
001941.jpg,182,252,7261.0,train
014839.jpg,151,209,7261.0,train
100982.jpg,107,148,7261.0,train
015010.jpg,192,266,7261.0,train
087809.jpg,146,202,7261.0,train
073486.jpg,159,220,7261.0,train
117840.jpg,205,284,7261.0,train
002429.jpg,270,374,7261.0,train
013176.jpg,299,414,7261.0,train
143983.jpg,174,241,7261.0,train
014542.jpg,213,295,7261.0,train
159235.jpg,156,216,313.0,train
099249.jpg,520,720,313.0,train
138238.jpg,263,364,313.0,train
107181.jpg,533,738,313.0,train
046576.jpg,164,227,313.0,train
048674.jpg,130,180,313.0,train
160177.jpg,177,245,313.0,train
149415.jpg,257,356,313.0,train
065917.jpg,333,461,313.0,train
010370.jpg,364,504,313.0,train
019871.jpg,913,1043,313.0,train
100792.jpg,468,648,313.0,train
035656.jpg,179,248,313.0,train
066285.jpg,185,256,313.0,train
065735.jpg,631,932,313.0,train
138150.jpg,715,990,313.0,train
010772.jpg,855,1184,313.0,train
012921.jpg,582,806,313.0,train
149426.jpg,736,1019,313.0,train
013750.jpg,390,540,313.0,train
150153.jpg,179,248,3148.0,train
058495.jpg,218,302,3148.0,train
129907.jpg,81,112,3148.0,train
072883.jpg,174,241,3148.0,train
025738.jpg,161,223,3148.0,train
027446.jpg,296,410,3148.0,train
157302.jpg,263,364,3148.0,train
130892.jpg,148,205,3148.0,train
035708.jpg,286,396,3148.0,train
000665.jpg,351,486,3148.0,train
017612.jpg,234,324,3148.0,train
062469.jpg,133,184,3148.0,train
022617.jpg,101,140,3148.0,train
039160.jpg,133,184,3148.0,train
035659.jpg,83,115,3148.0,train
124478.jpg,525,727,3148.0,train
011216.jpg,107,148,3148.0,train
011714.jpg,302,418,3148.0,train
132185.jpg,218,302,3148.0,train
013526.jpg,182,252,3148.0,train
157961.jpg,101,140,305.0,train
092063.jpg,107,148,305.0,train
135854.jpg,143,198,305.0,train
107701.jpg,380,526,305.0,train
064092.jpg,192,266,305.0,train
067968.jpg,86,119,305.0,train
160958.jpg,101,140,305.0,train
138504.jpg,107,148,305.0,train
084950.jpg,523,724,305.0,train
019808.jpg,679,940,305.0,train
035027.jpg,413,572,305.0,train
102988.jpg,723,1001,305.0,train
050308.jpg,125,173,305.0,train
087767.jpg,764,1058,305.0,train
083082.jpg,68,94,305.0,train
129208.jpg,611,846,305.0,train
029164.jpg,203,281,305.0,train
029196.jpg,78,108,305.0,train
148540.jpg,107,148,305.0,train
034850.jpg,720,997,305.0,train
150846.jpg,260,360,3788.0,train
098032.jpg,346,479,3788.0,train
135693.jpg,385,533,3788.0,train
104602.jpg,468,648,3788.0,train
045731.jpg,281,389,3788.0,train
065527.jpg,260,360,3788.0,train
154602.jpg,229,317,3788.0,train
139014.jpg,343,475,3788.0,train
077127.jpg,159,220,3788.0,train
000802.jpg,195,270,3788.0,train
014856.jpg,354,490,3788.0,train
104372.jpg,250,346,3788.0,train
029776.jpg,239,331,3788.0,train
077379.jpg,294,407,3788.0,train
075098.jpg,299,414,3788.0,train
122728.jpg,312,432,3788.0,train
010193.jpg,161,223,3788.0,train
010622.jpg,491,680,3788.0,train
142691.jpg,208,288,3788.0,train
014065.jpg,468,648,3788.0,train
151927.jpg,216,299,6012.0,train
110492.jpg,120,166,6012.0,train
143953.jpg,450,623,6012.0,train
121381.jpg,255,353,6012.0,train
080278.jpg,346,479,6012.0,train
080849.jpg,343,475,6012.0,train
152267.jpg,237,328,6012.0,train
146475.jpg,252,349,6012.0,train
092624.jpg,86,119,6012.0,train
026185.jpg,140,194,6012.0,train
065912.jpg,302,372,6012.0,train
112570.jpg,179,248,6012.0,train
078340.jpg,296,410,6012.0,train
096860.jpg,300,475,6012.0,train
083944.jpg,190,263,6012.0,train
140489.jpg,182,252,6012.0,train
041932.jpg,148,205,6012.0,train
046523.jpg,182,252,6012.0,train
147490.jpg,213,295,6012.0,train
052576.jpg,348,482,6012.0,train
142699.jpg,359,497,5688.0,train
081001.jpg,551,763,5688.0,train
124697.jpg,88,122,5688.0,train
096578.jpg,153,212,5688.0,train
050480.jpg,312,432,5688.0,train
056779.jpg,130,180,5688.0,train
148092.jpg,330,457,5688.0,train
127166.jpg,122,169,5688.0,train
065813.jpg,153,212,5688.0,train
006527.jpg,192,266,5688.0,train
045570.jpg,549,760,5688.0,train
081298.jpg,294,407,5688.0,train
046081.jpg,234,324,5688.0,train
078203.jpg,595,824,5688.0,train
063917.jpg,138,191,5688.0,train
117342.jpg,218,302,5688.0,train
006616.jpg,335,464,5688.0,train
034343.jpg,161,223,5688.0,train
128495.jpg,83,115,5688.0,train
036164.jpg,198,274,5688.0,train
151753.jpg,346,479,2879.0,train
092513.jpg,603,835,2879.0,train
119140.jpg,239,331,2879.0,train
100326.jpg,369,511,2879.0,train
050018.jpg,291,403,2879.0,train
056315.jpg,421,583,2879.0,train
160494.jpg,143,198,2879.0,train
120584.jpg,1061,1469,2879.0,train
076673.jpg,372,515,2879.0,train
000058.jpg,140,194,2879.0,train
030397.jpg,655,907,2879.0,train
094215.jpg,338,468,2879.0,train
031508.jpg,395,547,2879.0,train
078394.jpg,244,338,2879.0,train
072826.jpg,356,493,2879.0,train
114475.jpg,335,464,2879.0,train
005326.jpg,1323,1832,2879.0,train
011386.jpg,411,569,2879.0,train
125005.jpg,538,745,2879.0,train
016729.jpg,312,432,2879.0,train
156671.jpg,198,274,10149.0,train
085606.jpg,174,241,10149.0,train
131292.jpg,198,274,10149.0,train
090963.jpg,213,295,10149.0,train
070974.jpg,81,112,10149.0,train
074648.jpg,177,245,10149.0,train
161223.jpg,374,518,10149.0,train
133815.jpg,104,144,10149.0,train
081994.jpg,507,702,10149.0,train
009666.jpg,296,410,10149.0,train
030090.jpg,281,389,10149.0,train
089496.jpg,174,241,10149.0,train
031103.jpg,351,486,10149.0,train
085306.jpg,218,302,10149.0,train
080179.jpg,109,151,10149.0,train
130084.jpg,114,158,10149.0,train
010499.jpg,88,122,10149.0,train
013356.jpg,229,317,10149.0,train
142322.jpg,377,522,10149.0,train
024168.jpg,198,274,10149.0,train
144991.jpg,86,119,7159.0,train
081715.jpg,257,356,7159.0,train
108423.jpg,226,313,7159.0,train
090420.jpg,140,194,7159.0,train
041569.jpg,270,374,7159.0,train
052311.jpg,705,976,7159.0,train
148709.jpg,205,284,7159.0,train
112493.jpg,221,306,7159.0,train
054380.jpg,575,796,7159.0,train
003361.jpg,237,328,7159.0,train
031375.jpg,416,576,7159.0,train
085008.jpg,138,191,7159.0,train
031899.jpg,354,490,7159.0,train
058181.jpg,510,706,7159.0,train
053450.jpg,172,238,7159.0,train
106953.jpg,244,338,7159.0,train
011821.jpg,291,403,7159.0,train
019323.jpg,1017,1408,7159.0,train
128319.jpg,231,320,7159.0,train
020852.jpg,159,220,7159.0,train
130491.jpg,117,162,614.0,train
072067.jpg,172,238,614.0,train
124129.jpg,343,475,614.0,train
077694.jpg,153,212,614.0,train
025174.jpg,351,486,614.0,train
033265.jpg,403,558,614.0,train
134688.jpg,517,716,614.0,train
126008.jpg,138,191,614.0,train
049277.jpg,135,187,614.0,train
000231.jpg,322,446,614.0,train
017182.jpg,159,220,614.0,train
074639.jpg,408,543,614.0,train
017605.jpg,120,166,614.0,train
057593.jpg,65,90,614.0,train
043361.jpg,99,137,614.0,train
122240.jpg,374,518,614.0,train
000702.jpg,286,396,614.0,train
006637.jpg,296,410,614.0,train
126698.jpg,231,320,614.0,train
012851.jpg,112,155,614.0,train
147404.jpg,133,184,7131.0,train
088552.jpg,133,184,7131.0,train
134974.jpg,151,209,7131.0,train
103815.jpg,164,227,7131.0,train
042532.jpg,88,122,7131.0,train
053025.jpg,151,209,7131.0,train
157034.jpg,169,234,7131.0,train
141628.jpg,195,270,7131.0,train
062176.jpg,406,562,7131.0,train
002445.jpg,164,227,7131.0,train
021504.jpg,213,295,7131.0,train
099260.jpg,647,896,7131.0,train
033358.jpg,81,112,7131.0,train
071561.jpg,174,241,7131.0,train
061804.jpg,96,133,7131.0,train
124624.jpg,265,367,7131.0,train
006367.jpg,117,162,7131.0,train
012665.jpg,114,158,7131.0,train
143577.jpg,179,248,7131.0,train
021390.jpg,125,173,7131.0,train
150211.jpg,468,648,6058.0,train
075451.jpg,309,428,6058.0,train
133825.jpg,278,385,6058.0,train
103860.jpg,309,428,6058.0,train
048573.jpg,315,436,6058.0,train
049147.jpg,554,767,6058.0,train
151987.jpg,312,432,6058.0,train
141609.jpg,291,403,6058.0,train
062104.jpg,86,119,6058.0,train
007044.jpg,520,720,6058.0,train
026148.jpg,177,245,6058.0,train
079224.jpg,234,324,6058.0,train
041658.jpg,125,173,6058.0,train
066954.jpg,208,288,6058.0,train
056851.jpg,320,443,6058.0,train
131846.jpg,192,266,6058.0,train
018915.jpg,309,428,6058.0,train
021283.jpg,291,403,6058.0,train
146278.jpg,239,331,6058.0,train
024060.jpg,322,446,6058.0,train
149380.jpg,354,490,4135.0,train
082680.jpg,94,130,4135.0,train
128849.jpg,83,115,4135.0,train
102014.jpg,211,292,4135.0,train
062961.jpg,242,335,4135.0,train
068683.jpg,291,403,4135.0,train
155096.jpg,78,108,4135.0,train
135229.jpg,161,223,4135.0,train
072736.jpg,273,378,4135.0,train
001518.jpg,174,241,4135.0,train
027459.jpg,133,184,4135.0,train
086391.jpg,127,176,4135.0,train
049958.jpg,156,216,4135.0,train
077072.jpg,265,367,4135.0,train
070067.jpg,224,310,4135.0,train
126093.jpg,265,367,4135.0,train
001913.jpg,169,230,4135.0,train
003813.jpg,263,364,4135.0,train
135330.jpg,247,342,4135.0,train
022923.jpg,307,381,4135.0,train
150680.jpg,224,310,5732.0,train
087463.jpg,107,148,5732.0,train
119163.jpg,151,209,5732.0,train
093414.jpg,104,144,5732.0,train
060076.jpg,70,97,5732.0,train
062335.jpg,224,310,5732.0,train
154711.jpg,78,108,5732.0,train
122631.jpg,122,169,5732.0,train
073399.jpg,161,223,5732.0,train
012153.jpg,88,122,5732.0,train
044537.jpg,231,320,5732.0,train
088223.jpg,190,263,5732.0,train
051823.jpg,107,148,5732.0,train
076929.jpg,55,76,5732.0,train
072908.jpg,177,245,5732.0,train
117775.jpg,452,626,5732.0,train
014039.jpg,205,284,5732.0,train
032179.jpg,174,241,5732.0,train
137747.jpg,133,184,5732.0,train
032880.jpg,286,396,5732.0,train
140191.jpg,143,198,32.0,train
092929.jpg,380,526,32.0,train
127014.jpg,140,194,32.0,train
116628.jpg,387,536,32.0,train
045448.jpg,432,598,32.0,train
061017.jpg,117,162,32.0,train
151996.jpg,458,634,32.0,train
128090.jpg,538,745,32.0,train
085687.jpg,432,598,32.0,train
000605.jpg,239,331,32.0,train
028906.jpg,135,187,32.0,train
114948.jpg,299,414,32.0,train
028999.jpg,445,616,32.0,train
089469.jpg,484,670,32.0,train
083891.jpg,351,486,32.0,train
123512.jpg,114,158,32.0,train
003273.jpg,411,569,32.0,train
007389.jpg,640,886,32.0,train
139555.jpg,359,497,32.0,train
024602.jpg,164,227,32.0,train
127755.jpg,75,104,9730.0,train
063102.jpg,208,288,9730.0,train
107589.jpg,161,223,9730.0,train
068754.jpg,133,184,9730.0,train
021377.jpg,99,137,9730.0,train
033311.jpg,109,151,9730.0,train
134882.jpg,187,259,9730.0,train
107783.jpg,120,166,9730.0,train
054614.jpg,525,727,9730.0,train
000703.jpg,151,209,9730.0,train
010483.jpg,133,184,9730.0,train
065040.jpg,107,148,9730.0,train
015156.jpg,94,130,9730.0,train
056741.jpg,164,227,9730.0,train
043981.jpg,133,184,9730.0,train
104000.jpg,166,230,9730.0,train
002983.jpg,96,133,9730.0,train
003171.jpg,198,274,9730.0,train
110569.jpg,166,230,9730.0,train
004909.jpg,99,137,9730.0,train
149914.jpg,130,180,10163.0,train
072696.jpg,237,328,10163.0,train
126376.jpg,229,317,10163.0,train
086364.jpg,257,356,10163.0,train
038478.jpg,229,317,10163.0,train
039245.jpg,263,364,10163.0,train
152632.jpg,229,317,10163.0,train
137793.jpg,156,216,10163.0,train
050231.jpg,281,389,10163.0,train
000551.jpg,130,180,10163.0,train
019650.jpg,328,454,10163.0,train
074376.jpg,476,659,10163.0,train
032584.jpg,263,364,10163.0,train
064692.jpg,75,104,10163.0,train
041316.jpg,231,320,10163.0,train
124785.jpg,203,281,10163.0,train
001159.jpg,172,238,10163.0,train
002300.jpg,213,295,10163.0,train
141980.jpg,198,274,10163.0,train
003547.jpg,234,324,10163.0,train
151988.jpg,692,958,9731.0,train
080390.jpg,289,400,9731.0,train
125671.jpg,151,209,9731.0,train
083321.jpg,382,529,9731.0,train
042655.jpg,216,299,9731.0,train
047841.jpg,502,695,9731.0,train
153138.jpg,650,900,9731.0,train
129870.jpg,281,389,9731.0,train
076662.jpg,101,140,9731.0,train
005394.jpg,213,295,9731.0,train
020692.jpg,179,248,9731.0,train
082034.jpg,179,248,9731.0,train
020912.jpg,367,508,9731.0,train
077280.jpg,156,216,9731.0,train
072987.jpg,546,756,9731.0,train
106475.jpg,419,580,9731.0,train
005938.jpg,226,313,9731.0,train
006579.jpg,127,176,9731.0,train
133472.jpg,164,227,9731.0,train
018775.jpg,177,245,9731.0,train
146987.jpg,312,432,10160.0,train
086868.jpg,250,346,10160.0,train
130622.jpg,316,446,10160.0,train
114191.jpg,231,320,10160.0,train
048297.jpg,255,353,10160.0,train
049425.jpg,138,191,10160.0,train
147636.jpg,187,259,10160.0,train
140236.jpg,146,202,10160.0,train
067179.jpg,221,306,10160.0,train
001300.jpg,218,302,10160.0,train
016884.jpg,205,284,10160.0,train
100984.jpg,447,619,10160.0,train
025441.jpg,203,281,10160.0,train
072554.jpg,330,457,10160.0,train
051374.jpg,229,317,10160.0,train
128427.jpg,374,518,10160.0,train
007490.jpg,213,295,10160.0,train
009086.jpg,354,490,10160.0,train
142944.jpg,299,414,10160.0,train
011363.jpg,146,202,10160.0,train
147275.jpg,312,432,6746.0,train
071608.jpg,367,508,6746.0,train
137156.jpg,564,781,6746.0,train
091565.jpg,221,306,6746.0,train
036987.jpg,138,191,6746.0,train
041984.jpg,1503,2081,6746.0,train
155428.jpg,114,158,6746.0,train
141223.jpg,174,241,6746.0,train
052963.jpg,281,389,6746.0,train
000100.jpg,364,504,6746.0,train
025940.jpg,343,475,6746.0,train
087041.jpg,1352,1872,6746.0,train
031522.jpg,437,594,6746.0,train
063969.jpg,270,374,6746.0,train
045668.jpg,117,162,6746.0,train
134403.jpg,1524,2110,6746.0,train
012139.jpg,187,259,6746.0,train
013226.jpg,146,202,6746.0,train
142076.jpg,348,482,6746.0,train
014585.jpg,364,504,6746.0,train
143434.jpg,156,216,6878.0,train
087409.jpg,273,378,6878.0,train
117932.jpg,190,263,6878.0,train
091579.jpg,218,302,6878.0,train
052627.jpg,161,223,6878.0,train
055385.jpg,216,299,6878.0,train
150969.jpg,185,256,6878.0,train
119491.jpg,172,238,6878.0,train
066797.jpg,172,238,6878.0,train
006917.jpg,208,288,6878.0,train
025794.jpg,140,194,6878.0,train
090821.jpg,83,115,6878.0,train
028954.jpg,187,259,6878.0,train
068403.jpg,198,274,6878.0,train
062037.jpg,101,140,6878.0,train
115490.jpg,169,234,6878.0,train
008200.jpg,133,184,6878.0,train
020658.jpg,130,180,6878.0,train
121747.jpg,104,144,6878.0,train
025466.jpg,133,184,6878.0,train
158989.jpg,182,252,3522.0,train
084083.jpg,133,184,3522.0,train
123448.jpg,172,238,3522.0,train
096243.jpg,385,533,3522.0,train
050137.jpg,101,140,3522.0,train
053546.jpg,343,475,3522.0,train
160869.jpg,125,173,3522.0,train
124135.jpg,177,245,3522.0,train
069717.jpg,221,306,3522.0,train
001097.jpg,276,382,3522.0,train
033796.jpg,117,162,3522.0,train
091346.jpg,151,209,3522.0,train
034937.jpg,169,234,3522.0,train
072365.jpg,156,216,3522.0,train
062168.jpg,263,364,3522.0,train
119220.jpg,182,252,3522.0,train
002230.jpg,151,209,3522.0,train
013132.jpg,187,259,3522.0,train
127742.jpg,205,284,3522.0,train
023915.jpg,205,284,3522.0,train
148660.jpg,205,284,2883.0,train
079318.jpg,252,349,2883.0,train
119800.jpg,268,371,2883.0,train
087669.jpg,296,410,2883.0,train
061054.jpg,122,169,2883.0,train
065848.jpg,203,281,2883.0,train
153940.jpg,621,860,2883.0,train
120839.jpg,848,1002,2883.0,train
071349.jpg,338,468,2883.0,train
002817.jpg,166,230,2883.0,train
035662.jpg,203,281,2883.0,train
081341.jpg,177,245,2883.0,train
043311.jpg,99,137,2883.0,train
073936.jpg,265,367,2883.0,train
069744.jpg,281,389,2883.0,train
117805.jpg,164,227,2883.0,train
023646.jpg,156,216,2883.0,train
026243.jpg,224,310,2883.0,train
129069.jpg,263,364,2883.0,train
028038.jpg,146,202,2883.0,train
142926.jpg,941,1303,4119.0,train
091717.jpg,289,400,4119.0,train
125551.jpg,226,313,4119.0,train
099394.jpg,364,504,4119.0,train
037086.jpg,307,425,4119.0,train
043127.jpg,244,338,4119.0,train
144590.jpg,208,288,4119.0,train
130668.jpg,536,742,4119.0,train
055152.jpg,309,428,4119.0,train
006516.jpg,286,396,4119.0,train
019123.jpg,598,828,4119.0,train
096187.jpg,458,634,4119.0,train
022515.jpg,359,497,4119.0,train
064127.jpg,148,205,4119.0,train
054086.jpg,244,338,4119.0,train
121566.jpg,385,533,4119.0,train
007509.jpg,143,198,4119.0,train
009104.jpg,338,468,4119.0,train
136276.jpg,247,342,4119.0,train
016048.jpg,239,331,4119.0,train
147022.jpg,140,194,6044.0,train
088875.jpg,361,500,6044.0,train
123292.jpg,281,389,6044.0,train
096544.jpg,668,925,6044.0,train
064957.jpg,174,241,6044.0,train
070167.jpg,101,140,6044.0,train
155252.jpg,252,349,6044.0,train
123797.jpg,91,126,6044.0,train
077395.jpg,112,155,6044.0,train
008116.jpg,122,169,6044.0,train
015736.jpg,190,263,6044.0,train
089139.jpg,166,230,6044.0,train
020283.jpg,135,187,6044.0,train
080792.jpg,104,144,6044.0,train
076244.jpg,117,162,6044.0,train
114730.jpg,699,968,6044.0,train
009102.jpg,169,234,6044.0,train
013279.jpg,265,367,6044.0,train
140868.jpg,117,162,6044.0,train
013583.jpg,99,137,6044.0,train
156945.jpg,62,86,2892.0,train
103731.jpg,104,144,2892.0,train
149477.jpg,234,324,2892.0,train
111985.jpg,234,324,2892.0,train
075879.jpg,237,328,2892.0,train
080456.jpg,182,252,2892.0,train
158075.jpg,101,140,2892.0,train
151167.jpg,143,198,2892.0,train
089104.jpg,304,421,2892.0,train
033383.jpg,198,274,2892.0,train
054221.jpg,192,266,2892.0,train
110207.jpg,252,311,2892.0,train
056628.jpg,205,284,2892.0,train
093638.jpg,109,151,2892.0,train
086511.jpg,216,299,2892.0,train
147962.jpg,133,184,2892.0,train
044545.jpg,107,148,2892.0,train
052646.jpg,237,328,2892.0,train
155054.jpg,179,248,2892.0,train
053959.jpg,185,256,2892.0,train
158260.jpg,161,223,7541.0,train
096371.jpg,117,162,7541.0,train
142444.jpg,195,270,7541.0,train
114323.jpg,200,277,7541.0,train
047973.jpg,198,274,7541.0,train
049423.jpg,260,360,7541.0,train
159421.jpg,143,198,7541.0,train
154186.jpg,177,245,7541.0,train
076915.jpg,530,734,7541.0,train
000124.jpg,785,967,7541.0,train
011956.jpg,143,198,7541.0,train
105894.jpg,166,230,7541.0,train
033901.jpg,689,954,7541.0,train
088651.jpg,837,1078,7541.0,train
069496.jpg,369,511,7541.0,train
141886.jpg,234,324,7541.0,train
007542.jpg,192,266,7541.0,train
009038.jpg,549,760,7541.0,train
154483.jpg,143,198,7541.0,train
010523.jpg,112,155,7541.0,train
160740.jpg,156,216,6806.0,train
083112.jpg,135,187,6806.0,train
123442.jpg,234,324,6806.0,train
089925.jpg,257,356,6806.0,train
055165.jpg,1014,1404,6806.0,train
056843.jpg,182,252,6806.0,train
161310.jpg,432,598,6806.0,train
139473.jpg,146,202,6806.0,train
067365.jpg,96,133,6806.0,train
001661.jpg,140,194,6806.0,train
032851.jpg,143,198,6806.0,train
084575.jpg,203,281,6806.0,train
038671.jpg,120,166,6806.0,train
070235.jpg,255,353,6806.0,train
061550.jpg,291,403,6806.0,train
116441.jpg,164,227,6806.0,train
021793.jpg,179,248,6806.0,train
023140.jpg,114,158,6806.0,train
157213.jpg,177,245,6806.0,train
026446.jpg,159,220,6806.0,train
151003.jpg,91,126,565.0,train
091438.jpg,107,148,565.0,train
138345.jpg,221,306,565.0,train
102206.jpg,221,306,565.0,train
062893.jpg,114,158,565.0,train
064210.jpg,161,223,565.0,train
155266.jpg,112,155,565.0,train
142460.jpg,120,166,565.0,train
080055.jpg,101,140,565.0,train
003731.jpg,190,263,565.0,train
031919.jpg,343,475,565.0,train
097629.jpg,148,205,565.0,train
037958.jpg,125,173,565.0,train
081350.jpg,104,144,565.0,train
071855.jpg,127,176,565.0,train
137832.jpg,143,198,565.0,train
006091.jpg,159,220,565.0,train
006496.jpg,244,338,565.0,train
145207.jpg,211,292,565.0,train
029841.jpg,91,126,565.0,train
149586.jpg,218,302,4112.0,train
067244.jpg,351,486,4112.0,train
126742.jpg,281,389,4112.0,train
074059.jpg,166,230,4112.0,train
043296.jpg,133,184,4112.0,train
046847.jpg,88,122,4112.0,train
149906.jpg,559,774,4112.0,train
134299.jpg,78,108,4112.0,train
061154.jpg,112,155,4112.0,train
017446.jpg,764,1058,4112.0,train
035610.jpg,429,594,4112.0,train
071093.jpg,221,306,4112.0,train
037970.jpg,91,126,4112.0,train
065204.jpg,70,97,4112.0,train
059414.jpg,211,292,4112.0,train
122372.jpg,624,864,4112.0,train
022258.jpg,374,518,4112.0,train
028830.jpg,312,432,4112.0,train
139654.jpg,101,140,4112.0,train
034984.jpg,385,533,4112.0,train
147748.jpg,525,727,5391.0,train
084916.jpg,257,356,5391.0,train
112609.jpg,294,407,5391.0,train
097311.jpg,291,403,5391.0,train
054467.jpg,356,493,5391.0,train
060242.jpg,374,518,5391.0,train
157721.jpg,278,385,5391.0,train
118763.jpg,177,245,5391.0,train
070766.jpg,195,270,5391.0,train
002604.jpg,390,540,5391.0,train
032349.jpg,343,475,5391.0,train
085215.jpg,304,421,5391.0,train
035572.jpg,268,371,5391.0,train
076277.jpg,229,317,5391.0,train
066905.jpg,276,382,5391.0,train
106875.jpg,257,356,5391.0,train
011222.jpg,348,482,5391.0,train
023440.jpg,400,554,5391.0,train
125246.jpg,195,270,5391.0,train
028283.jpg,512,709,5391.0,train
147959.jpg,437,605,9720.0,train
104357.jpg,257,356,9720.0,train
131160.jpg,504,698,9720.0,train
109766.jpg,432,598,9720.0,train
043854.jpg,320,443,9720.0,train
066073.jpg,458,634,9720.0,train
148603.jpg,541,749,9720.0,train
133420.jpg,187,259,9720.0,train
078243.jpg,203,281,9720.0,train
005858.jpg,338,468,9720.0,train
023853.jpg,1030,1426,9720.0,train
105342.jpg,208,288,9720.0,train
026425.jpg,190,263,9720.0,train
094542.jpg,273,378,9720.0,train
076490.jpg,304,421,9720.0,train
129688.jpg,260,360,9720.0,train
007807.jpg,237,328,9720.0,train
013727.jpg,315,436,9720.0,train
134699.jpg,645,893,9720.0,train
014713.jpg,666,922,9720.0,train
148247.jpg,185,256,23.0,train
073598.jpg,96,133,23.0,train
132276.jpg,221,306,23.0,train
084738.jpg,151,209,23.0,train
047412.jpg,138,191,23.0,train
050720.jpg,351,486,23.0,train
152805.jpg,226,313,23.0,train
133343.jpg,250,346,23.0,train
059663.jpg,351,486,23.0,train
004488.jpg,367,508,23.0,train
028404.jpg,224,310,23.0,train
083196.jpg,218,302,23.0,train
040878.jpg,159,220,23.0,train
065169.jpg,348,482,23.0,train
053185.jpg,250,346,23.0,train
116621.jpg,159,220,23.0,train
005103.jpg,140,194,23.0,train
019513.jpg,208,288,23.0,train
139794.jpg,213,295,23.0,train
024097.jpg,218,302,23.0,train
131612.jpg,205,284,7158.0,train
076792.jpg,164,227,7158.0,train
117946.jpg,218,302,7158.0,train
081614.jpg,372,515,7158.0,train
041226.jpg,354,490,7158.0,train
041721.jpg,117,162,7158.0,train
138890.jpg,309,428,7158.0,train
118671.jpg,211,292,7158.0,train
062239.jpg,679,940,7158.0,train
004758.jpg,252,349,7158.0,train
031322.jpg,450,623,7158.0,train
079818.jpg,374,518,7158.0,train
033824.jpg,75,104,7158.0,train
068078.jpg,416,576,7158.0,train
060056.jpg,164,227,7158.0,train
108326.jpg,96,133,7158.0,train
011449.jpg,182,252,7158.0,train
016043.jpg,309,428,7158.0,train
128850.jpg,224,310,7158.0,train
022546.jpg,309,428,7158.0,train
132705.jpg,286,396,2844.0,train
074646.jpg,172,238,2844.0,train
116503.jpg,432,598,2844.0,train
080003.jpg,122,169,2844.0,train
040378.jpg,179,248,2844.0,train
042823.jpg,146,202,2844.0,train
147428.jpg,138,191,2844.0,train
123298.jpg,280,454,2844.0,train
054759.jpg,231,320,2844.0,train
003743.jpg,187,259,2844.0,train
017818.jpg,182,252,2844.0,train
076682.jpg,216,299,2844.0,train
017932.jpg,203,281,2844.0,train
063502.jpg,205,284,2844.0,train
050673.jpg,182,252,2844.0,train
093748.jpg,166,230,2844.0,train
008351.jpg,159,220,2844.0,train
008661.jpg,185,256,2844.0,train
123922.jpg,117,162,2844.0,train
008913.jpg,151,209,2844.0,train
157666.jpg,234,324,3600.0,train
056061.jpg,312,432,3600.0,train
135626.jpg,335,464,3600.0,train
064706.jpg,229,317,3600.0,train
034477.jpg,281,389,3600.0,train
034877.jpg,533,738,3600.0,train
159824.jpg,114,158,3600.0,train
138013.jpg,255,353,3600.0,train
039377.jpg,361,500,3600.0,train
005602.jpg,179,248,3600.0,train
023008.jpg,276,382,3600.0,train
062407.jpg,437,605,3600.0,train
024078.jpg,499,691,3600.0,train
041876.jpg,198,274,3600.0,train
039095.jpg,335,464,3600.0,train
135611.jpg,244,338,3600.0,train
008878.jpg,218,302,3600.0,train
012827.jpg,361,500,3600.0,train
143439.jpg,348,482,3600.0,train
020914.jpg,247,342,3600.0,train
138412.jpg,208,288,4162.0,train
096715.jpg,226,313,4162.0,train
124649.jpg,101,140,4162.0,train
099648.jpg,156,216,4162.0,train
058487.jpg,109,151,4162.0,train
058746.jpg,203,281,4162.0,train
158687.jpg,164,227,4162.0,train
124820.jpg,164,227,4162.0,train
082305.jpg,91,126,4162.0,train
028246.jpg,112,155,4162.0,train
050371.jpg,138,191,4162.0,train
099399.jpg,75,104,4162.0,train
055507.jpg,179,248,4162.0,train
082958.jpg,101,140,4162.0,train
061953.jpg,247,342,4162.0,train
120221.jpg,130,180,4162.0,train
028894.jpg,86,119,4162.0,train
044763.jpg,161,223,4162.0,train
127083.jpg,203,281,4162.0,train
046031.jpg,133,184,4162.0,train
143736.jpg,213,295,5321.0,train
085849.jpg,99,137,5321.0,train
120394.jpg,289,400,5321.0,train
098380.jpg,229,317,5321.0,train
039651.jpg,231,320,5321.0,train
048246.jpg,146,202,5321.0,train
151448.jpg,598,828,5321.0,train
122100.jpg,200,277,5321.0,train
076237.jpg,450,623,5321.0,train
001198.jpg,99,137,5321.0,train
020186.jpg,169,234,5321.0,train
092199.jpg,413,572,5321.0,train
033775.jpg,104,144,5321.0,train
076779.jpg,309,428,5321.0,train
062817.jpg,185,256,5321.0,train
119927.jpg,192,266,5321.0,train
012601.jpg,164,227,5321.0,train
018031.jpg,122,169,5321.0,train
131061.jpg,460,637,5321.0,train
018973.jpg,244,338,5321.0,train
143640.jpg,127,176,9687.0,train
078230.jpg,863,1195,9687.0,train
116399.jpg,239,331,9687.0,train
084631.jpg,603,835,9687.0,train
027510.jpg,208,288,9687.0,train
040352.jpg,172,238,9687.0,train
144917.jpg,312,432,9687.0,train
126553.jpg,250,346,9687.0,train
053626.jpg,273,378,9687.0,train
001828.jpg,146,202,9687.0,train
017060.jpg,211,292,9687.0,train
078323.jpg,174,241,9687.0,train
019616.jpg,624,864,9687.0,train
062008.jpg,172,238,9687.0,train
050102.jpg,276,382,9687.0,train
114975.jpg,164,227,9687.0,train
003076.jpg,226,313,9687.0,train
012768.jpg,252,349,9687.0,train
136476.jpg,195,270,9687.0,train
015009.jpg,185,256,9687.0,train
120096.jpg,450,623,4154.0,train
054635.jpg,166,230,4154.0,train
089406.jpg,216,299,4154.0,train
069817.jpg,517,716,4154.0,train
028614.jpg,335,464,4154.0,train
037381.jpg,458,634,4154.0,train
132838.jpg,502,695,4154.0,train
112576.jpg,260,360,4154.0,train
040405.jpg,541,749,4154.0,train
007113.jpg,231,320,4154.0,train
019756.jpg,572,792,4154.0,train
055781.jpg,598,828,4154.0,train
020245.jpg,237,328,4154.0,train
043573.jpg,278,385,4154.0,train
040088.jpg,645,893,4154.0,train
088864.jpg,213,295,4154.0,train
007602.jpg,504,698,4154.0,train
014256.jpg,572,792,4154.0,train
117806.jpg,403,558,4154.0,train
018986.jpg,250,346,4154.0,train
153944.jpg,528,731,7142.0,train
091432.jpg,614,850,7142.0,train
130014.jpg,86,119,7142.0,train
100190.jpg,198,274,7142.0,train
050866.jpg,190,263,7142.0,train
051335.jpg,101,140,7142.0,train
159509.jpg,299,414,7142.0,train
137279.jpg,62,86,7142.0,train
069457.jpg,231,320,7142.0,train
010452.jpg,229,317,7142.0,train
026516.jpg,99,137,7142.0,train
094647.jpg,99,137,7142.0,train
034066.jpg,673,932,7142.0,train
076415.jpg,239,331,7142.0,train
065055.jpg,445,637,7142.0,train
125829.jpg,169,234,7142.0,train
010837.jpg,140,194,7142.0,train
015541.jpg,164,227,7142.0,train
138306.jpg,172,238,7142.0,train
019617.jpg,252,349,7142.0,train
151924.jpg,380,526,665.0,train
093771.jpg,122,169,665.0,train
134069.jpg,551,763,665.0,train
105659.jpg,159,220,665.0,train
064586.jpg,164,227,665.0,train
066363.jpg,114,158,665.0,train
153659.jpg,135,187,665.0,train
138447.jpg,114,158,665.0,train
083826.jpg,146,202,665.0,train
000799.jpg,161,223,665.0,train
031620.jpg,96,133,665.0,train
097748.jpg,164,227,665.0,train
036613.jpg,146,202,665.0,train
088246.jpg,94,130,665.0,train
078800.jpg,177,245,665.0,train
134019.jpg,166,230,665.0,train
008543.jpg,257,356,665.0,train
013274.jpg,156,216,665.0,train
140788.jpg,177,245,665.0,train
022573.jpg,148,205,665.0,train
144539.jpg,572,792,6066.0,train
076394.jpg,1139,1577,6066.0,train
114845.jpg,229,317,6066.0,train
089112.jpg,192,266,6066.0,train
039825.jpg,112,155,6066.0,train
040295.jpg,408,565,6066.0,train
145061.jpg,216,299,6066.0,train
116673.jpg,96,133,6066.0,train
073750.jpg,208,288,6066.0,train
001672.jpg,140,194,6066.0,train
017130.jpg,135,187,6066.0,train
084479.jpg,107,148,6066.0,train
020228.jpg,120,166,6066.0,train
074503.jpg,463,641,6066.0,train
050609.jpg,185,256,6066.0,train
109208.jpg,185,256,6066.0,train
003652.jpg,692,958,6066.0,train
011964.jpg,484,670,6066.0,train
142745.jpg,231,320,6066.0,train
014108.jpg,120,166,6066.0,train
150622.jpg,411,569,6065.0,train
095119.jpg,208,288,6065.0,train
125868.jpg,299,414,6065.0,train
104683.jpg,112,155,6065.0,train
048232.jpg,138,191,6065.0,train
050150.jpg,187,259,6065.0,train
154983.jpg,346,479,6065.0,train
126875.jpg,234,324,6065.0,train
084664.jpg,205,284,6065.0,train
002342.jpg,884,1224,6065.0,train
012844.jpg,239,331,6065.0,train
097099.jpg,278,385,6065.0,train
024636.jpg,140,194,6065.0,train
088042.jpg,133,184,6065.0,train
079180.jpg,598,828,6065.0,train
119762.jpg,208,288,6065.0,train
002857.jpg,151,209,6065.0,train
002928.jpg,348,482,6065.0,train
128890.jpg,549,760,6065.0,train
011161.jpg,320,443,6065.0,train
138432.jpg,99,137,7613.0,train
084923.jpg,211,292,7613.0,train
116650.jpg,874,1210,7613.0,train
092791.jpg,952,1318,7613.0,train
054812.jpg,504,698,7613.0,train
056478.jpg,749,1037,7613.0,train
139047.jpg,291,403,7613.0,train
123832.jpg,250,346,7613.0,train
073049.jpg,143,198,7613.0,train
015794.jpg,601,832,7613.0,train
038605.jpg,588,814,7613.0,train
086375.jpg,395,547,7613.0,train
041526.jpg,559,774,7613.0,train
078200.jpg,190,263,7613.0,train
068682.jpg,650,900,7613.0,train
115455.jpg,437,605,7613.0,train
018143.jpg,224,310,7613.0,train
019228.jpg,338,468,7613.0,train
125800.jpg,463,641,7613.0,train
028017.jpg,112,155,7613.0,train
126777.jpg,148,205,2847.0,train
056183.jpg,83,115,2847.0,train
084770.jpg,120,166,2847.0,train
064563.jpg,244,338,2847.0,train
020695.jpg,169,234,2847.0,train
023954.jpg,107,148,2847.0,train
132852.jpg,276,382,2847.0,train
097314.jpg,122,169,2847.0,train
040559.jpg,114,158,2847.0,train
001537.jpg,117,162,2847.0,train
010871.jpg,179,248,2847.0,train
057852.jpg,140,194,2847.0,train
015076.jpg,164,227,2847.0,train
047470.jpg,143,198,2847.0,train
035717.jpg,120,166,2847.0,train
083187.jpg,320,443,2847.0,train
002651.jpg,216,280,2847.0,train
008203.jpg,70,97,2847.0,train
111240.jpg,218,302,2847.0,train
009279.jpg,91,126,2847.0,train
121820.jpg,528,731,5353.0,train
051529.jpg,161,223,5353.0,train
108632.jpg,96,133,5353.0,train
059741.jpg,377,522,5353.0,train
023045.jpg,146,202,5353.0,train
025975.jpg,211,292,5353.0,train
124053.jpg,226,313,5353.0,train
109127.jpg,148,205,5353.0,train
040322.jpg,205,284,5353.0,train
003025.jpg,192,266,5353.0,train
010177.jpg,343,475,5353.0,train
058468.jpg,174,241,5353.0,train
015542.jpg,338,438,5353.0,train
042219.jpg,133,184,5353.0,train
038979.jpg,133,184,5353.0,train
081015.jpg,281,389,5353.0,train
003718.jpg,299,414,5353.0,train
009134.jpg,143,198,5353.0,train
115532.jpg,127,176,5353.0,train
009593.jpg,179,248,5353.0,train
129078.jpg,567,785,3641.0,train
058797.jpg,270,374,3641.0,train
115771.jpg,114,158,3641.0,train
078959.jpg,331,490,3641.0,train
036342.jpg,143,198,3641.0,train
043005.jpg,372,515,3641.0,train
140938.jpg,148,205,3641.0,train
116737.jpg,242,335,3641.0,train
048082.jpg,117,162,3641.0,train
006750.jpg,244,338,3641.0,train
015030.jpg,83,115,3641.0,train
075526.jpg,164,227,3641.0,train
017636.jpg,226,313,3641.0,train
051122.jpg,166,230,3641.0,train
045136.jpg,120,166,3641.0,train
115473.jpg,174,241,3641.0,train
007567.jpg,151,209,3641.0,train
008896.jpg,179,248,3641.0,train
120106.jpg,101,140,3641.0,train
014454.jpg,130,180,3641.0,train
153165.jpg,172,238,10167.0,train
090393.jpg,289,400,10167.0,train
105500.jpg,255,353,10167.0,train
098823.jpg,127,176,10167.0,train
031169.jpg,234,324,10167.0,train
043578.jpg,270,374,10167.0,train
157983.jpg,224,310,10167.0,train
125954.jpg,164,227,10167.0,train
052247.jpg,1032,1429,10167.0,train
005703.jpg,343,475,10167.0,train
026392.jpg,164,227,10167.0,train
091223.jpg,156,216,10167.0,train
027319.jpg,216,299,10167.0,train
055838.jpg,169,234,10167.0,train
048289.jpg,177,245,10167.0,train
105152.jpg,138,191,10167.0,train
010793.jpg,224,310,10167.0,train
012887.jpg,200,277,10167.0,train
127093.jpg,182,252,10167.0,train
014246.jpg,187,259,10167.0,train
143201.jpg,257,356,14.0,train
101078.jpg,268,371,14.0,train
130562.jpg,226,313,14.0,train
109040.jpg,198,274,14.0,train
066818.jpg,265,367,14.0,train
069364.jpg,172,238,14.0,train
147081.jpg,393,544,14.0,train
139081.jpg,286,396,14.0,train
085653.jpg,270,374,14.0,train
032486.jpg,239,331,14.0,train
052645.jpg,226,313,14.0,train
107724.jpg,211,292,14.0,train
055899.jpg,315,436,14.0,train
092944.jpg,120,166,14.0,train
073286.jpg,208,288,14.0,train
129831.jpg,161,223,14.0,train
041293.jpg,624,864,14.0,train
044192.jpg,211,292,14.0,train
139619.jpg,525,727,14.0,train
051809.jpg,229,317,14.0,train
138808.jpg,221,306,5344.0,train
061162.jpg,543,752,5344.0,train
096828.jpg,218,302,5344.0,train
070330.jpg,390,540,5344.0,train
020860.jpg,226,313,5344.0,train
024720.jpg,268,371,5344.0,train
142029.jpg,146,202,5344.0,train
112500.jpg,359,497,5344.0,train
044172.jpg,400,554,5344.0,train
003405.jpg,203,281,5344.0,train
010378.jpg,1050,1454,5344.0,train
065366.jpg,156,216,5344.0,train
014481.jpg,473,655,5344.0,train
056019.jpg,546,756,5344.0,train
035047.jpg,229,317,5344.0,train
094096.jpg,393,544,5344.0,train
004475.jpg,520,720,5344.0,train
006574.jpg,491,680,5344.0,train
120079.jpg,247,342,5344.0,train
008675.jpg,359,497,5344.0,train
150979.jpg,322,446,9700.0,train
087281.jpg,278,385,9700.0,train
141859.jpg,229,317,9700.0,train
098275.jpg,224,310,9700.0,train
045258.jpg,946,1310,9700.0,train
049194.jpg,133,184,9700.0,train
156963.jpg,296,410,9700.0,train
143652.jpg,211,292,9700.0,train
071076.jpg,164,227,9700.0,train
008830.jpg,237,328,9700.0,train
029099.jpg,374,518,9700.0,train
087942.jpg,320,443,9700.0,train
035446.jpg,192,266,9700.0,train
074063.jpg,216,299,9700.0,train
065208.jpg,845,1170,9700.0,train
140530.jpg,166,230,9700.0,train
009717.jpg,211,292,9700.0,train
016195.jpg,650,900,9700.0,train
145522.jpg,374,518,9700.0,train
020934.jpg,416,576,9700.0,train
142783.jpg,114,158,9701.0,train
101041.jpg,143,198,9701.0,train
135179.jpg,114,158,9701.0,train
109616.jpg,140,194,9701.0,train
050008.jpg,127,176,9701.0,train
059594.jpg,91,126,9701.0,train
155170.jpg,159,220,9701.0,train
135400.jpg,143,198,9701.0,train
090093.jpg,143,198,9701.0,train
000319.jpg,198,274,9701.0,train
021358.jpg,125,173,9701.0,train
108175.jpg,127,176,9701.0,train
025191.jpg,159,220,9701.0,train
095433.jpg,221,306,9701.0,train
076938.jpg,125,173,9701.0,train
131284.jpg,101,140,9701.0,train
004141.jpg,122,169,9701.0,train
006880.jpg,130,180,9701.0,train
135933.jpg,88,122,9701.0,train
016407.jpg,169,234,9701.0,train
153976.jpg,237,328,2859.0,train
096373.jpg,247,342,2859.0,train
122257.jpg,148,205,2859.0,train
099447.jpg,117,162,2859.0,train
071828.jpg,99,137,2859.0,train
077324.jpg,302,418,2859.0,train
159204.jpg,221,306,2859.0,train
126482.jpg,1043,1444,2859.0,train
090527.jpg,99,137,2859.0,train
007898.jpg,200,277,2859.0,train
044775.jpg,788,1091,2859.0,train
098809.jpg,195,270,2859.0,train
064949.jpg,146,202,2859.0,train
090950.jpg,187,259,2859.0,train
088977.jpg,140,194,2859.0,train
117479.jpg,502,695,2859.0,train
008301.jpg,172,238,2859.0,train
021759.jpg,400,554,2859.0,train
133010.jpg,185,256,2859.0,train
032573.jpg,361,500,2859.0,train
154334.jpg,213,295,2861.0,train
069148.jpg,655,907,2861.0,train
121344.jpg,164,227,2861.0,train
094755.jpg,302,418,2861.0,train
028754.jpg,247,342,2861.0,train
036105.jpg,385,533,2861.0,train
160127.jpg,122,169,2861.0,train
124052.jpg,276,382,2861.0,train
053690.jpg,185,256,2861.0,train
001379.jpg,660,764,2861.0,train
007268.jpg,325,450,2861.0,train
073734.jpg,772,1069,2861.0,train
017195.jpg,182,252,2861.0,train
056486.jpg,335,464,2861.0,train
038143.jpg,458,634,2861.0,train
110204.jpg,465,644,2861.0,train
004105.jpg,208,288,2861.0,train
005154.jpg,1752,2426,2861.0,train
125686.jpg,655,907,2861.0,train
006051.jpg,247,342,2861.0,train
145225.jpg,96,133,632.0,train
085311.jpg,133,184,632.0,train
135329.jpg,94,130,632.0,train
103791.jpg,707,979,632.0,train
049637.jpg,127,176,632.0,train
053478.jpg,205,284,632.0,train
148915.jpg,138,191,632.0,train
137190.jpg,270,374,632.0,train
080316.jpg,307,425,632.0,train
003793.jpg,395,547,632.0,train
026213.jpg,907,1256,632.0,train
094749.jpg,242,335,632.0,train
038289.jpg,192,266,632.0,train
081854.jpg,161,223,632.0,train
072333.jpg,161,223,632.0,train
134936.jpg,182,252,632.0,train
005594.jpg,406,562,632.0,train
006467.jpg,286,396,632.0,train
140520.jpg,164,227,632.0,train
009647.jpg,1045,1447,632.0,train
150781.jpg,211,292,9718.0,train
079382.jpg,218,302,9718.0,train
121068.jpg,224,310,9718.0,train
080674.jpg,112,155,9718.0,train
037355.jpg,187,259,9718.0,train
038861.jpg,107,148,9718.0,train
152201.jpg,384,533,9718.0,train
121722.jpg,270,374,9718.0,train
064156.jpg,411,569,9718.0,train
006032.jpg,432,598,9718.0,train
025594.jpg,268,371,9718.0,train
080027.jpg,226,313,9718.0,train
028097.jpg,78,108,9718.0,train
070712.jpg,200,277,9718.0,train
061165.jpg,242,335,9718.0,train
117010.jpg,294,421,9718.0,train
016424.jpg,127,176,9718.0,train
021475.jpg,242,335,9718.0,train
130999.jpg,190,263,9718.0,train
021942.jpg,265,367,9718.0,train
130899.jpg,153,212,10156.0,train
054821.jpg,450,623,10156.0,train
117992.jpg,127,176,10156.0,train
075509.jpg,140,194,10156.0,train
023116.jpg,112,155,10156.0,train
034612.jpg,172,238,10156.0,train
152913.jpg,169,234,10156.0,train
118614.jpg,525,727,10156.0,train
047518.jpg,190,263,10156.0,train
003373.jpg,169,234,10156.0,train
016936.jpg,73,101,10156.0,train
066966.jpg,234,324,10156.0,train
018963.jpg,120,166,10156.0,train
048685.jpg,68,94,10156.0,train
045419.jpg,242,335,10156.0,train
111971.jpg,120,166,10156.0,train
003486.jpg,213,295,10156.0,train
009418.jpg,130,180,10156.0,train
119437.jpg,114,158,10156.0,train
011480.jpg,260,360,10156.0,train
154570.jpg,101,140,10050.0,train
095748.jpg,143,198,10050.0,train
144689.jpg,296,410,10050.0,train
104426.jpg,226,313,10050.0,train
044135.jpg,104,144,10050.0,train
044364.jpg,94,130,10050.0,train
158575.jpg,159,220,10050.0,train
149308.jpg,213,295,10050.0,train
074195.jpg,247,342,10050.0,train
001353.jpg,172,238,10050.0,train
024058.jpg,127,176,10050.0,train
101365.jpg,117,162,10050.0,train
028849.jpg,148,205,10050.0,train
074283.jpg,187,259,10050.0,train
046210.jpg,447,619,10050.0,train
133543.jpg,96,133,10050.0,train
009336.jpg,182,252,10050.0,train
010568.jpg,182,252,10050.0,train
153817.jpg,125,173,10050.0,train
010686.jpg,169,234,10050.0,train
147489.jpg,122,169,2955.0,train
065796.jpg,416,576,2955.0,train
123027.jpg,148,205,2955.0,train
084609.jpg,302,418,2955.0,train
045308.jpg,322,446,2955.0,train
045555.jpg,302,418,2955.0,train
147953.jpg,148,205,2955.0,train
125668.jpg,385,533,2955.0,train
061572.jpg,151,209,2955.0,train
004578.jpg,133,184,2955.0,train
036616.jpg,354,490,2955.0,train
067495.jpg,229,317,2955.0,train
037177.jpg,302,418,2955.0,train
064765.jpg,676,936,2955.0,train
055948.jpg,354,490,2955.0,train
110978.jpg,333,461,2955.0,train
018864.jpg,187,259,2955.0,train
028254.jpg,195,270,2955.0,train
125926.jpg,455,630,2955.0,train
034640.jpg,343,475,2955.0,train
158403.jpg,406,562,492.0,train
076515.jpg,237,328,492.0,train
139537.jpg,309,428,492.0,train
093251.jpg,733,1004,492.0,train
030978.jpg,575,796,492.0,train
037217.jpg,127,176,492.0,train
160149.jpg,211,292,492.0,train
147622.jpg,182,252,492.0,train
053428.jpg,286,396,492.0,train
000853.jpg,330,457,492.0,train
012586.jpg,1669,2311,492.0,train
083271.jpg,205,281,492.0,train
021087.jpg,1092,1512,492.0,train
057531.jpg,112,155,492.0,train
046757.jpg,200,277,492.0,train
125589.jpg,169,234,492.0,train
003430.jpg,224,310,492.0,train
008707.jpg,185,256,492.0,train
147640.jpg,247,342,492.0,train
009884.jpg,260,360,492.0,train
156093.jpg,530,734,6023.0,train
071461.jpg,143,198,6023.0,train
125111.jpg,151,209,6023.0,train
081471.jpg,146,202,6023.0,train
040142.jpg,567,785,6023.0,train
040622.jpg,166,230,6023.0,train
158285.jpg,307,425,6023.0,train
141771.jpg,218,302,6023.0,train
047272.jpg,424,587,6023.0,train
000381.jpg,361,500,6023.0,train
023790.jpg,187,259,6023.0,train
074920.jpg,179,248,6023.0,train
029107.jpg,122,169,6023.0,train
050556.jpg,172,238,6023.0,train
042573.jpg,195,270,6023.0,train
111404.jpg,221,306,6023.0,train
004549.jpg,367,508,6023.0,train
015400.jpg,263,364,6023.0,train
147543.jpg,785,1087,6023.0,train
016544.jpg,156,216,6023.0,train
146125.jpg,1014,1196,2930.0,train
091677.jpg,164,227,2930.0,train
121417.jpg,588,814,2930.0,train
093394.jpg,473,655,2930.0,train
037443.jpg,312,432,2930.0,train
040445.jpg,406,562,2930.0,train
146210.jpg,250,346,2930.0,train
127913.jpg,432,598,2930.0,train
068038.jpg,148,205,2930.0,train
000536.jpg,504,698,2930.0,train
019031.jpg,172,238,2930.0,train
092458.jpg,341,472,2930.0,train
025865.jpg,338,468,2930.0,train
070542.jpg,250,346,2930.0,train
066401.jpg,135,187,2930.0,train
119551.jpg,255,353,2930.0,train
015297.jpg,216,299,2930.0,train
015348.jpg,746,997,2930.0,train
138869.jpg,588,814,2930.0,train
017260.jpg,328,454,2930.0,train
157113.jpg,312,432,4061.0,train
084803.jpg,161,223,4061.0,train
124493.jpg,164,227,4061.0,train
092341.jpg,177,245,4061.0,train
055590.jpg,216,299,4061.0,train
061071.jpg,533,738,4061.0,train
157635.jpg,468,648,4061.0,train
136412.jpg,252,349,4061.0,train
073915.jpg,320,443,4061.0,train
016498.jpg,395,547,4061.0,train
035065.jpg,315,436,4061.0,train
090165.jpg,213,295,4061.0,train
039748.jpg,320,443,4061.0,train
080358.jpg,242,335,4061.0,train
071044.jpg,182,252,4061.0,train
123297.jpg,276,382,4061.0,train
018517.jpg,153,212,4061.0,train
033570.jpg,333,461,4061.0,train
136835.jpg,374,518,4061.0,train
034360.jpg,348,482,4061.0,train
151336.jpg,502,695,59.0,train
067303.jpg,567,785,59.0,train
126984.jpg,255,353,59.0,train
074968.jpg,213,295,59.0,train
030801.jpg,211,292,59.0,train
037220.jpg,263,364,59.0,train
158536.jpg,213,295,59.0,train
133676.jpg,273,378,59.0,train
057820.jpg,777,1076,59.0,train
000129.jpg,369,511,59.0,train
020167.jpg,489,677,59.0,train
068303.jpg,554,767,59.0,train
024490.jpg,434,601,59.0,train
060259.jpg,551,763,59.0,train
050516.jpg,221,306,59.0,train
111500.jpg,406,562,59.0,train
003668.jpg,458,634,59.0,train
012332.jpg,1100,1523,59.0,train
144753.jpg,260,360,59.0,train
020035.jpg,655,907,59.0,train
150470.jpg,247,342,7499.0,train
092971.jpg,296,410,7499.0,train
127060.jpg,133,184,7499.0,train
096974.jpg,216,299,7499.0,train
048315.jpg,283,392,7499.0,train
050237.jpg,213,295,7499.0,train
156605.jpg,133,184,7499.0,train
132420.jpg,182,252,7499.0,train
068316.jpg,304,421,7499.0,train
003517.jpg,153,212,7499.0,train
016971.jpg,234,324,7499.0,train
094699.jpg,268,371,7499.0,train
018875.jpg,153,212,7499.0,train
070769.jpg,283,392,7499.0,train
064089.jpg,367,508,7499.0,train
125646.jpg,374,518,7499.0,train
009653.jpg,330,457,7499.0,train
010745.jpg,325,450,7499.0,train
137972.jpg,348,482,7499.0,train
016588.jpg,356,493,7499.0,train
151096.jpg,190,263,5414.0,train
077805.jpg,273,378,5414.0,train
133276.jpg,205,284,5414.0,train
111194.jpg,382,529,5414.0,train
061331.jpg,666,922,5414.0,train
065079.jpg,281,389,5414.0,train
156243.jpg,99,137,5414.0,train
134157.jpg,286,396,5414.0,train
071134.jpg,179,248,5414.0,train
008302.jpg,140,194,5414.0,train
040196.jpg,291,403,5414.0,train
086079.jpg,140,194,5414.0,train
044373.jpg,351,486,5414.0,train
074353.jpg,533,738,5414.0,train
069874.jpg,458,634,5414.0,train
129336.jpg,307,425,5414.0,train
008385.jpg,151,209,5414.0,train
034891.jpg,122,169,5414.0,train
135550.jpg,218,302,5414.0,train
037100.jpg,304,421,5414.0,train
131220.jpg,169,234,5416.0,train
068524.jpg,374,518,5416.0,train
108447.jpg,468,648,5416.0,train
070079.jpg,127,176,5416.0,train
037954.jpg,283,392,5416.0,train
042161.jpg,255,353,5416.0,train
134875.jpg,192,266,5416.0,train
112891.jpg,237,328,5416.0,train
064809.jpg,166,230,5416.0,train
002443.jpg,120,166,5416.0,train
017437.jpg,686,950,5416.0,train
068781.jpg,153,212,5416.0,train
019068.jpg,263,364,5416.0,train
065971.jpg,164,227,5416.0,train
050067.jpg,611,846,5416.0,train
099634.jpg,159,220,5416.0,train
011926.jpg,502,695,5416.0,train
013810.jpg,582,806,5416.0,train
117941.jpg,161,223,5416.0,train
014621.jpg,211,292,5416.0,train
149746.jpg,68,94,481.0,train
095614.jpg,504,698,481.0,train
137445.jpg,200,277,481.0,train
097935.jpg,208,288,481.0,train
071577.jpg,138,191,481.0,train
071694.jpg,70,97,481.0,train
150371.jpg,299,414,481.0,train
141600.jpg,94,130,481.0,train
079835.jpg,122,169,481.0,train
007958.jpg,127,176,481.0,train
029848.jpg,135,187,481.0,train
095632.jpg,159,220,481.0,train
033984.jpg,140,194,481.0,train
093900.jpg,218,302,481.0,train
079780.jpg,125,173,481.0,train
137181.jpg,265,367,481.0,train
024873.jpg,135,187,481.0,train
028107.jpg,315,436,481.0,train
147566.jpg,185,256,481.0,train
028468.jpg,140,194,481.0,train
131190.jpg,65,90,5418.0,train
065880.jpg,172,238,5418.0,train
103652.jpg,125,173,5418.0,train
076164.jpg,208,288,5418.0,train
043365.jpg,234,324,5418.0,train
045878.jpg,270,374,5418.0,train
138160.jpg,239,331,5418.0,train
108936.jpg,135,187,5418.0,train
055029.jpg,343,475,5418.0,train
013202.jpg,1494,2088,5418.0,train
018813.jpg,177,245,5418.0,train
066434.jpg,1173,1624,5418.0,train
021857.jpg,237,328,5418.0,train
058542.jpg,333,461,5418.0,train
054847.jpg,239,331,5418.0,train
099283.jpg,296,410,5418.0,train
013310.jpg,146,202,5418.0,train
017648.jpg,991,1372,5418.0,train
125479.jpg,289,400,5418.0,train
018509.jpg,127,176,5418.0,train
148725.jpg,296,410,9840.0,train
105505.jpg,304,421,9840.0,train
135353.jpg,151,263,9840.0,train
111551.jpg,468,648,9840.0,train
052935.jpg,203,281,9840.0,train
056264.jpg,148,205,9840.0,train
151885.jpg,148,205,9840.0,train
140582.jpg,198,274,9840.0,train
067154.jpg,229,317,9840.0,train
006236.jpg,211,292,9840.0,train
027879.jpg,231,320,9840.0,train
110778.jpg,250,346,9840.0,train
039385.jpg,135,187,9840.0,train
079812.jpg,221,306,9840.0,train
064394.jpg,156,216,9840.0,train
134362.jpg,177,245,9840.0,train
012160.jpg,99,137,9840.0,train
015177.jpg,94,130,9840.0,train
141730.jpg,96,133,9840.0,train
026746.jpg,177,245,9840.0,train
152432.jpg,403,558,6851.0,train
078652.jpg,398,551,6851.0,train
134613.jpg,879,1217,6851.0,train
093688.jpg,432,598,6851.0,train
035815.jpg,159,220,6851.0,train
038814.jpg,549,639,6851.0,train
157839.jpg,780,1080,6851.0,train
135239.jpg,426,590,6851.0,train
043150.jpg,1654,2320,6851.0,train
002193.jpg,268,371,6851.0,train
022196.jpg,424,587,6851.0,train
082732.jpg,798,1105,6851.0,train
024117.jpg,265,367,6851.0,train
060702.jpg,263,364,6851.0,train
043123.jpg,159,220,6851.0,train
133527.jpg,733,1015,6851.0,train
009689.jpg,231,320,6851.0,train
012260.jpg,213,295,6851.0,train
137803.jpg,348,482,6851.0,train
016573.jpg,351,486,6851.0,train
151595.jpg,322,446,65.0,train
105519.jpg,247,342,65.0,train
130389.jpg,190,263,65.0,train
111727.jpg,224,310,65.0,train
084153.jpg,265,367,65.0,train
086802.jpg,798,1105,65.0,train
152302.jpg,229,317,65.0,train
135549.jpg,146,202,65.0,train
097004.jpg,169,234,65.0,train
000854.jpg,114,158,65.0,train
045247.jpg,452,626,65.0,train
110334.jpg,291,403,65.0,train
045312.jpg,252,349,65.0,train
097474.jpg,276,382,65.0,train
091237.jpg,226,313,65.0,train
124976.jpg,302,418,65.0,train
006185.jpg,159,220,65.0,train
008791.jpg,153,212,65.0,train
145844.jpg,229,317,65.0,train
012357.jpg,166,230,65.0,train
142347.jpg,198,274,2921.0,train
085744.jpg,138,191,2921.0,train
108524.jpg,263,364,2921.0,train
096557.jpg,796,1102,2921.0,train
032009.jpg,621,860,2921.0,train
045371.jpg,746,1033,2921.0,train
144163.jpg,523,724,2921.0,train
117395.jpg,473,655,2921.0,train
070149.jpg,221,306,2921.0,train
003839.jpg,122,169,2921.0,train
020048.jpg,757,1048,2921.0,train
094836.jpg,663,918,2921.0,train
023623.jpg,876,1213,2921.0,train
071497.jpg,385,533,2921.0,train
066457.jpg,442,612,2921.0,train
103391.jpg,497,688,2921.0,train
005456.jpg,351,486,2921.0,train
009882.jpg,476,659,2921.0,train
134593.jpg,231,320,2921.0,train
019813.jpg,276,382,2921.0,train
130537.jpg,1560,2160,3705.0,train
079652.jpg,952,1318,3705.0,train
113393.jpg,452,626,3705.0,train
088515.jpg,265,367,3705.0,train
045858.jpg,138,191,3705.0,train
050245.jpg,533,738,3705.0,train
133932.jpg,205,284,3705.0,train
122712.jpg,190,263,3705.0,train
056799.jpg,315,436,3705.0,train
000121.jpg,296,410,3705.0,train
032828.jpg,164,227,3705.0,train
082744.jpg,146,202,3705.0,train
034052.jpg,380,526,3705.0,train
063109.jpg,1357,1879,3705.0,train
055902.jpg,764,1058,3705.0,train
112073.jpg,346,479,3705.0,train
027246.jpg,330,457,3705.0,train
027297.jpg,192,266,3705.0,train
126665.jpg,117,162,3705.0,train
027395.jpg,395,547,3705.0,train
155059.jpg,291,403,6844.0,train
078817.jpg,218,302,6844.0,train
134749.jpg,458,634,6844.0,train
085557.jpg,148,205,6844.0,train
051881.jpg,198,274,6844.0,train
059020.jpg,200,277,6844.0,train
156049.jpg,216,299,6844.0,train
145258.jpg,247,342,6844.0,train
067967.jpg,338,468,6844.0,train
000172.jpg,712,986,6844.0,train
030470.jpg,125,173,6844.0,train
079178.jpg,179,248,6844.0,train
032758.jpg,231,320,6844.0,train
068315.jpg,296,410,6844.0,train
066091.jpg,153,212,6844.0,train
129115.jpg,244,338,6844.0,train
011909.jpg,226,313,6844.0,train
018018.jpg,218,302,6844.0,train
148365.jpg,250,346,6844.0,train
018378.jpg,263,364,6844.0,train
142820.jpg,143,198,7516.0,train
086655.jpg,190,263,7516.0,train
133806.jpg,148,205,7516.0,train
089270.jpg,408,565,7516.0,train
043214.jpg,211,292,7516.0,train
045915.jpg,276,382,7516.0,train
154896.jpg,281,389,7516.0,train
135394.jpg,270,374,7516.0,train
071895.jpg,439,608,7516.0,train
009431.jpg,172,238,7516.0,train
015855.jpg,372,515,7516.0,train
086725.jpg,198,274,7516.0,train
023576.jpg,567,785,7516.0,train
075857.jpg,226,313,7516.0,train
062896.jpg,879,1217,7516.0,train
117173.jpg,289,400,7516.0,train
010478.jpg,1217,1685,7516.0,train
011792.jpg,169,234,7516.0,train
140076.jpg,172,238,7516.0,train
012069.jpg,268,371,7516.0,train
137796.jpg,135,187,7475.0,train
089065.jpg,133,184,7475.0,train
126970.jpg,263,364,7475.0,train
093160.jpg,211,292,7475.0,train
056463.jpg,1092,1512,7475.0,train
058925.jpg,257,356,7475.0,train
139543.jpg,159,220,7475.0,train
127003.jpg,153,212,7475.0,train
073916.jpg,250,346,7475.0,train
002028.jpg,205,284,7475.0,train
022519.jpg,174,241,7475.0,train
091507.jpg,239,331,7475.0,train
032073.jpg,718,994,7475.0,train
078883.jpg,598,828,7475.0,train
071296.jpg,341,472,7475.0,train
124856.jpg,200,277,7475.0,train
010558.jpg,330,457,7475.0,train
016775.jpg,164,227,7475.0,train
127926.jpg,239,331,7475.0,train
017119.jpg,530,734,7475.0,train
143016.jpg,216,299,2910.0,train
104912.jpg,1154,1598,2910.0,train
133886.jpg,130,180,2910.0,train
114900.jpg,983,1361,2910.0,train
052527.jpg,159,220,2910.0,train
055659.jpg,185,256,2910.0,train
148067.jpg,114,158,2910.0,train
138352.jpg,382,529,2910.0,train
069449.jpg,577,799,2910.0,train
003127.jpg,143,198,2910.0,train
024147.jpg,99,137,2910.0,train
113642.jpg,330,457,2910.0,train
028448.jpg,671,929,2910.0,train
069479.jpg,130,180,2910.0,train
066244.jpg,190,263,2910.0,train
127494.jpg,133,184,2910.0,train
004303.jpg,364,504,2910.0,train
014752.jpg,811,1123,2910.0,train
141066.jpg,289,400,2910.0,train
022524.jpg,460,637,2910.0,train
143020.jpg,335,464,3706.0,train
069134.jpg,689,954,3706.0,train
114041.jpg,411,569,3706.0,train
073737.jpg,250,346,3706.0,train
032902.jpg,286,396,3706.0,train
037364.jpg,250,346,3706.0,train
150309.jpg,187,259,3706.0,train
139567.jpg,255,353,3706.0,train
053214.jpg,434,601,3706.0,train
001507.jpg,205,284,3706.0,train
013719.jpg,237,328,3706.0,train
069668.jpg,416,576,3706.0,train
014988.jpg,393,544,3706.0,train
061660.jpg,244,338,3706.0,train
049341.jpg,530,734,3706.0,train
106864.jpg,73,101,3706.0,train
003774.jpg,200,277,3706.0,train
005425.jpg,390,540,3706.0,train
140654.jpg,237,328,3706.0,train
006641.jpg,164,227,3706.0,train
148206.jpg,166,230,4048.0,train
094211.jpg,356,493,4048.0,train
135268.jpg,174,241,4048.0,train
097364.jpg,185,256,4048.0,train
038444.jpg,185,256,4048.0,train
044500.jpg,247,342,4048.0,train
156834.jpg,78,108,4048.0,train
142915.jpg,359,497,4048.0,train
064596.jpg,426,590,4048.0,train
001031.jpg,101,140,4048.0,train
018513.jpg,187,259,4048.0,train
095148.jpg,224,310,4048.0,train
019546.jpg,203,281,4048.0,train
077932.jpg,286,396,4048.0,train
060735.jpg,260,360,4048.0,train
125685.jpg,239,331,4048.0,train
002057.jpg,166,230,4048.0,train
013938.jpg,185,256,4048.0,train
143611.jpg,166,230,4048.0,train
014104.jpg,234,324,4048.0,train
145988.jpg,309,428,3491.0,train
091035.jpg,265,367,3491.0,train
131395.jpg,374,518,3491.0,train
096922.jpg,161,223,3491.0,train
056532.jpg,140,194,3491.0,train
056826.jpg,263,364,3491.0,train
149153.jpg,174,241,3491.0,train
131867.jpg,213,295,3491.0,train
071965.jpg,159,220,3491.0,train
014877.jpg,101,140,3491.0,train
041342.jpg,182,252,3491.0,train
092619.jpg,229,317,3491.0,train
051288.jpg,198,274,3491.0,train
072065.jpg,117,162,3491.0,train
061276.jpg,242,335,3491.0,train
119547.jpg,380,526,3491.0,train
021725.jpg,231,320,3491.0,train
026249.jpg,140,194,3491.0,train
136009.jpg,281,389,3491.0,train
032731.jpg,179,248,3491.0,train
143605.jpg,398,551,7174.0,train
066909.jpg,195,270,7174.0,train
104687.jpg,148,205,7174.0,train
070732.jpg,117,162,7174.0,train
035937.jpg,159,220,7174.0,train
039383.jpg,198,274,7174.0,train
145242.jpg,179,248,7174.0,train
113984.jpg,231,320,7174.0,train
051154.jpg,203,281,7174.0,train
000917.jpg,208,288,7174.0,train
014505.jpg,120,166,7174.0,train
068003.jpg,234,324,7174.0,train
021160.jpg,164,227,7174.0,train
052402.jpg,250,346,7174.0,train
050289.jpg,146,202,7174.0,train
096893.jpg,125,173,7174.0,train
001993.jpg,62,86,7174.0,train
010636.jpg,582,806,7174.0,train
117261.jpg,174,241,7174.0,train
010790.jpg,146,202,7174.0,train
156421.jpg,307,425,9830.0,train
088279.jpg,151,209,9830.0,train
148385.jpg,179,248,9830.0,train
099245.jpg,127,176,9830.0,train
056104.jpg,952,1318,9830.0,train
062456.jpg,689,954,9830.0,train
158583.jpg,216,299,9830.0,train
151674.jpg,169,234,9830.0,train
076678.jpg,94,130,9830.0,train
005961.jpg,94,130,9830.0,train
050504.jpg,166,230,9830.0,train
097407.jpg,164,227,9830.0,train
051801.jpg,190,263,9830.0,train
078345.jpg,133,184,9830.0,train
075350.jpg,205,284,9830.0,train
147608.jpg,255,353,9830.0,train
015995.jpg,161,223,9830.0,train
033789.jpg,205,284,9830.0,train
152943.jpg,101,140,9830.0,train
036365.jpg,78,108,9830.0,train
161866.jpg,117,162,6876.0,train
073161.jpg,247,342,6876.0,train
141595.jpg,130,180,6876.0,train
095327.jpg,421,583,6876.0,train
025068.jpg,1349,1868,6876.0,train
028872.jpg,187,259,6876.0,train
162277.jpg,317,439,6876.0,train
153108.jpg,101,140,6876.0,train
057735.jpg,286,396,6876.0,train
004601.jpg,177,245,6876.0,train
013425.jpg,526,701,6876.0,train
094267.jpg,187,259,6876.0,train
014218.jpg,330,457,6876.0,train
065191.jpg,182,252,6876.0,train
052536.jpg,367,508,6876.0,train
135504.jpg,135,187,6876.0,train
007733.jpg,538,619,6876.0,train
010517.jpg,151,209,6876.0,train
155588.jpg,208,288,6876.0,train
012241.jpg,312,432,6876.0,train
158280.jpg,117,162,7114.0,train
110439.jpg,224,310,7114.0,train
098995.jpg,359,497,7114.0,train
150545.jpg,143,198,7114.0,train
075688.jpg,224,310,7114.0,train
085044.jpg,218,302,7114.0,train
148326.jpg,107,148,7114.0,train
006547.jpg,112,155,7114.0,train
157715.jpg,359,497,7114.0,train
099335.jpg,166,230,7114.0,train
107393.jpg,192,266,7114.0,train
097418.jpg,302,418,7114.0,train
116202.jpg,861,1192,7114.0,train
007228.jpg,114,158,7114.0,train
056772.jpg,166,230,7114.0,train
058365.jpg,192,266,7114.0,train
020780.jpg,107,148,7114.0,train
151895.jpg,156,216,7114.0,train
050266.jpg,192,266,7114.0,train
150792.jpg,257,356,7114.0,train
156207.jpg,231,320,8469.0,train
084437.jpg,78,108,8469.0,train
051413.jpg,109,151,8469.0,train
122950.jpg,224,310,8469.0,train
025001.jpg,463,641,8469.0,train
028647.jpg,192,266,8469.0,train
118989.jpg,63,101,8469.0,train
000331.jpg,122,169,8469.0,train
154200.jpg,73,101,8469.0,train
054543.jpg,143,198,8469.0,train
064375.jpg,146,202,8469.0,train
034575.jpg,78,108,8469.0,train
087246.jpg,278,338,8469.0,train
000564.jpg,174,241,8469.0,train
007252.jpg,114,158,8469.0,train
012064.jpg,125,173,8469.0,train
005917.jpg,244,338,8469.0,train
130438.jpg,182,252,8469.0,train
007014.jpg,260,360,8469.0,train
125464.jpg,153,212,8469.0,train
148276.jpg,250,346,7044.0,train
107310.jpg,208,288,7044.0,train
076445.jpg,164,227,7044.0,train
126254.jpg,190,263,7044.0,train
068948.jpg,125,173,7044.0,train
070959.jpg,68,94,7044.0,train
125964.jpg,491,587,7044.0,train
001022.jpg,317,389,7044.0,train
145973.jpg,322,446,7044.0,train
096029.jpg,107,148,7044.0,train
107255.jpg,96,133,7044.0,train
076398.jpg,133,184,7044.0,train
112046.jpg,169,234,7044.0,train
003212.jpg,315,436,7044.0,train
020540.jpg,174,241,7044.0,train
030875.jpg,91,126,7044.0,train
013394.jpg,169,234,7044.0,train
135488.jpg,203,306,7044.0,train
016761.jpg,101,140,7044.0,train
134803.jpg,276,382,7044.0,train
158252.jpg,411,569,1793.0,train
109068.jpg,91,126,1793.0,train
087550.jpg,140,194,1793.0,train
141554.jpg,247,342,1793.0,train
056778.jpg,174,241,1793.0,train
061292.jpg,174,241,1793.0,train
120786.jpg,138,191,1793.0,train
002234.jpg,252,349,1793.0,train
156749.jpg,104,144,1793.0,train
088199.jpg,135,187,1793.0,train
102438.jpg,367,508,1793.0,train
086831.jpg,177,245,1793.0,train
110131.jpg,208,288,1793.0,train
006614.jpg,421,583,1793.0,train
023308.jpg,653,904,1793.0,train
032608.jpg,920,1274,1793.0,train
008371.jpg,127,176,1793.0,train
145408.jpg,122,169,1793.0,train
008908.jpg,187,259,1793.0,train
144325.jpg,218,302,1793.0,train
153514.jpg,237,328,4625.0,train
059574.jpg,268,371,4625.0,train
044732.jpg,213,295,4625.0,train
104597.jpg,1089,1508,4625.0,train
032614.jpg,213,295,4625.0,train
033947.jpg,185,256,4625.0,train
103704.jpg,312,432,4625.0,train
004760.jpg,367,508,4625.0,train
145237.jpg,289,400,4625.0,train
045078.jpg,260,360,4625.0,train
059166.jpg,75,104,4625.0,train
039294.jpg,166,230,4625.0,train
070008.jpg,439,608,4625.0,train
005408.jpg,276,382,4625.0,train
016429.jpg,114,158,4625.0,train
024158.jpg,117,162,4625.0,train
006678.jpg,143,198,4625.0,train
122968.jpg,112,155,4625.0,train
011086.jpg,187,259,4625.0,train
112106.jpg,127,176,4625.0,train
157734.jpg,91,126,8547.0,train
107222.jpg,91,126,8547.0,train
083817.jpg,187,259,8547.0,train
134608.jpg,676,936,8547.0,train
065377.jpg,109,151,8547.0,train
070940.jpg,317,439,8547.0,train
133369.jpg,114,158,8547.0,train
013231.jpg,161,223,8547.0,train
149045.jpg,88,122,8547.0,train
090911.jpg,213,295,8547.0,train
102043.jpg,117,162,8547.0,train
083783.jpg,73,101,8547.0,train
111169.jpg,208,288,8547.0,train
019876.jpg,138,191,8547.0,train
031349.jpg,382,529,8547.0,train
048786.jpg,174,241,8547.0,train
020947.jpg,179,248,8547.0,train
147422.jpg,156,216,8547.0,train
030715.jpg,133,184,8547.0,train
136391.jpg,192,266,8547.0,train
158555.jpg,109,151,7315.0,train
096894.jpg,330,457,7315.0,train
072671.jpg,647,896,7315.0,train
120954.jpg,289,400,7315.0,train
060745.jpg,187,259,7315.0,train
061126.jpg,179,248,7315.0,train
118871.jpg,107,148,7315.0,train
004074.jpg,198,274,7315.0,train
139443.jpg,159,220,7315.0,train
080259.jpg,151,209,7315.0,train
090763.jpg,205,284,7315.0,train
071582.jpg,211,292,7315.0,train
100209.jpg,164,227,7315.0,train
012117.jpg,211,292,7315.0,train
043686.jpg,104,144,7315.0,train
045347.jpg,216,299,7315.0,train
012216.jpg,226,313,7315.0,train
126606.jpg,502,695,7315.0,train
013937.jpg,185,256,7315.0,train
125063.jpg,151,209,7315.0,train
143285.jpg,299,414,3473.0,train
080585.jpg,247,342,3473.0,train
044458.jpg,569,788,3473.0,train
125108.jpg,1030,1426,3473.0,train
022972.jpg,159,220,3473.0,train
023723.jpg,559,774,3473.0,train
117236.jpg,268,371,3473.0,train
000641.jpg,159,220,3473.0,train
140909.jpg,619,857,3473.0,train
046100.jpg,216,299,3473.0,train
052154.jpg,146,202,3473.0,train
039810.jpg,255,353,3473.0,train
082307.jpg,166,230,3473.0,train
012622.jpg,247,342,3473.0,train
021348.jpg,749,1037,3473.0,train
021897.jpg,169,234,3473.0,train
013448.jpg,190,263,3473.0,train
137307.jpg,471,652,3473.0,train
015737.jpg,335,464,3473.0,train
130568.jpg,406,562,3473.0,train
158491.jpg,164,227,1875.0,train
100553.jpg,109,151,1875.0,train
064357.jpg,101,140,1875.0,train
129060.jpg,213,295,1875.0,train
048210.jpg,117,162,1875.0,train
052997.jpg,231,320,1875.0,train
116813.jpg,252,349,1875.0,train
001580.jpg,161,223,1875.0,train
149769.jpg,83,115,1875.0,train
064777.jpg,213,295,1875.0,train
083265.jpg,127,176,1875.0,train
063218.jpg,86,119,1875.0,train
101847.jpg,151,209,1875.0,train
015274.jpg,270,374,1875.0,train
029567.jpg,109,151,1875.0,train
030705.jpg,130,180,1875.0,train
022025.jpg,190,263,1875.0,train
144512.jpg,325,450,1875.0,train
028199.jpg,120,166,1875.0,train
143697.jpg,200,277,1875.0,train
126275.jpg,255,353,1852.0,train
107540.jpg,88,122,1852.0,train
086858.jpg,432,598,1852.0,train
112160.jpg,218,302,1852.0,train
070654.jpg,343,475,1852.0,train
081153.jpg,138,191,1852.0,train
111744.jpg,341,472,1852.0,train
001927.jpg,530,734,1852.0,train
126094.jpg,1066,1362,1852.0,train
097211.jpg,575,796,1852.0,train
107038.jpg,637,882,1852.0,train
084657.jpg,148,205,1852.0,train
108807.jpg,530,745,1852.0,train
002736.jpg,541,749,1852.0,train
043800.jpg,367,508,1852.0,train
044029.jpg,247,342,1852.0,train
011766.jpg,382,529,1852.0,train
114536.jpg,346,479,1852.0,train
013098.jpg,268,371,1852.0,train
113539.jpg,400,554,1852.0,train
155313.jpg,161,223,3500.0,train
058338.jpg,133,184,3500.0,train
039777.jpg,140,194,3500.0,train
112032.jpg,294,407,3500.0,train
036847.jpg,148,205,3500.0,train
036925.jpg,156,216,3500.0,train
087105.jpg,256,367,3500.0,train
001349.jpg,1518,2102,3500.0,train
136379.jpg,94,130,3500.0,train
041401.jpg,1014,1404,3500.0,train
050369.jpg,153,212,3500.0,train
039500.jpg,192,266,3500.0,train
065801.jpg,86,119,3500.0,train
006935.jpg,208,288,3500.0,train
020611.jpg,114,158,3500.0,train
029035.jpg,200,277,3500.0,train
015703.jpg,125,173,3500.0,train
133253.jpg,101,140,3500.0,train
019285.jpg,179,248,3500.0,train
114071.jpg,114,158,3500.0,train
149664.jpg,198,274,3302.0,train
093293.jpg,361,500,3302.0,train
062789.jpg,234,324,3302.0,train
125133.jpg,473,655,3302.0,train
043056.jpg,234,324,3302.0,train
047483.jpg,432,598,3302.0,train
124755.jpg,127,176,3302.0,train
002589.jpg,203,281,3302.0,train
135986.jpg,499,641,3302.0,train
067442.jpg,109,151,3302.0,train
091761.jpg,447,619,3302.0,train
061475.jpg,1183,1638,3302.0,train
099677.jpg,829,1148,3302.0,train
005762.jpg,231,320,3302.0,train
025225.jpg,614,850,3302.0,train
028795.jpg,749,1037,3302.0,train
006426.jpg,582,806,3302.0,train
127183.jpg,187,259,3302.0,train
013612.jpg,458,634,3302.0,train
127053.jpg,187,259,3302.0,train
137329.jpg,242,335,3708.0,train
060727.jpg,109,151,3708.0,train
051498.jpg,229,317,3708.0,train
106316.jpg,177,245,3708.0,train
035321.jpg,294,407,3708.0,train
037505.jpg,164,227,3708.0,train
098761.jpg,840,1163,3708.0,train
002192.jpg,107,148,3708.0,train
132495.jpg,213,295,3708.0,train
052022.jpg,286,396,3708.0,train
055788.jpg,221,306,3708.0,train
038350.jpg,127,176,3708.0,train
081495.jpg,130,180,3708.0,train
004711.jpg,120,166,3708.0,train
021805.jpg,133,184,3708.0,train
025544.jpg,224,310,3708.0,train
006094.jpg,156,216,3708.0,train
116900.jpg,260,360,3708.0,train
006643.jpg,601,832,3708.0,train
108855.jpg,96,133,3708.0,train
150587.jpg,322,446,3835.0,train
092536.jpg,231,320,3835.0,train
063399.jpg,315,436,3835.0,train
129888.jpg,445,616,3835.0,train
036066.jpg,276,382,3835.0,train
044551.jpg,164,227,3835.0,train
118064.jpg,289,400,3835.0,train
001269.jpg,247,342,3835.0,train
143993.jpg,346,479,3835.0,train
075189.jpg,317,439,3835.0,train
081063.jpg,263,364,3835.0,train
048569.jpg,146,202,3835.0,train
093660.jpg,335,464,3835.0,train
007266.jpg,338,468,3835.0,train
017922.jpg,343,475,3835.0,train
024376.jpg,296,410,3835.0,train
009905.jpg,211,292,3835.0,train
143007.jpg,359,497,3835.0,train
012973.jpg,237,328,3835.0,train
130380.jpg,203,281,3835.0,train
156564.jpg,364,504,7145.0,train
090628.jpg,156,216,7145.0,train
077475.jpg,203,281,7145.0,train
113487.jpg,746,1033,7145.0,train
059654.jpg,88,122,7145.0,train
061400.jpg,309,428,7145.0,train
103187.jpg,273,378,7145.0,train
010919.jpg,159,220,7145.0,train
149990.jpg,218,302,7145.0,train
080024.jpg,208,288,7145.0,train
089637.jpg,138,191,7145.0,train
068939.jpg,83,115,7145.0,train
094729.jpg,161,223,7145.0,train
011087.jpg,88,122,7145.0,train
035445.jpg,140,194,7145.0,train
052179.jpg,99,137,7145.0,train
019215.jpg,546,756,7145.0,train
146527.jpg,86,119,7145.0,train
028813.jpg,99,137,7145.0,train
142911.jpg,208,288,7145.0,train
158826.jpg,70,97,7143.0,train
089705.jpg,60,83,7143.0,train
082686.jpg,91,126,7143.0,train
114407.jpg,65,90,7143.0,train
058299.jpg,62,86,7143.0,train
075538.jpg,75,104,7143.0,train
107341.jpg,135,187,7143.0,train
002323.jpg,94,130,7143.0,train
157509.jpg,161,223,7143.0,train
084656.jpg,96,133,7143.0,train
088778.jpg,81,112,7143.0,train
080581.jpg,99,137,7143.0,train
093693.jpg,68,94,7143.0,train
013093.jpg,70,97,7143.0,train
029715.jpg,94,130,7143.0,train
041811.jpg,65,90,7143.0,train
017948.jpg,96,133,7143.0,train
138595.jpg,101,140,7143.0,train
019901.jpg,140,194,7143.0,train
129792.jpg,138,191,7143.0,train
150056.jpg,130,180,3808.0,train
087473.jpg,117,162,3808.0,train
057190.jpg,140,194,3808.0,train
131224.jpg,187,259,3808.0,train
025799.jpg,772,1069,3808.0,train
039577.jpg,117,162,3808.0,train
119304.jpg,328,409,3808.0,train
000239.jpg,1646,2279,3808.0,train
146612.jpg,112,155,3808.0,train
058752.jpg,130,180,3808.0,train
082004.jpg,538,667,3808.0,train
052095.jpg,237,328,3808.0,train
090377.jpg,1147,1588,3808.0,train
001746.jpg,179,248,3808.0,train
008036.jpg,255,353,3808.0,train
017053.jpg,728,1008,3808.0,train
002264.jpg,970,1343,3808.0,train
144444.jpg,198,274,3808.0,train
003339.jpg,632,875,3808.0,train
134488.jpg,372,515,3808.0,train
149138.jpg,1227,1699,7022.0,train
094481.jpg,218,302,7022.0,train
075002.jpg,874,1210,7022.0,train
131815.jpg,177,245,7022.0,train
067987.jpg,465,618,7022.0,train
071308.jpg,247,342,7022.0,train
128719.jpg,486,673,7022.0,train
002096.jpg,364,504,7022.0,train
144549.jpg,640,886,7022.0,train
079632.jpg,276,382,7022.0,train
092177.jpg,827,1145,7022.0,train
073327.jpg,356,493,7022.0,train
101507.jpg,333,461,7022.0,train
030275.jpg,632,875,7022.0,train
045279.jpg,650,900,7022.0,train
053234.jpg,408,565,7022.0,train
043323.jpg,270,374,7022.0,train
142114.jpg,1170,1620,7022.0,train
044630.jpg,408,565,7022.0,train
139719.jpg,465,644,7022.0,train
154939.jpg,91,126,1886.0,train
090080.jpg,242,335,1886.0,train
062434.jpg,192,266,1886.0,train
118147.jpg,699,968,1886.0,train
054644.jpg,268,371,1886.0,train
060113.jpg,107,148,1886.0,train
115393.jpg,169,234,1886.0,train
000986.jpg,239,331,1886.0,train
130730.jpg,164,227,1886.0,train
063637.jpg,120,166,1886.0,train
084777.jpg,208,288,1886.0,train
061247.jpg,190,263,1886.0,train
098896.jpg,174,241,1886.0,train
015642.jpg,166,230,1886.0,train
025179.jpg,174,241,1886.0,train
027438.jpg,177,245,1886.0,train
022712.jpg,499,691,1886.0,train
124851.jpg,174,241,1886.0,train
024336.jpg,96,133,1886.0,train
122250.jpg,265,367,1886.0,train
153470.jpg,153,212,3485.0,train
116300.jpg,153,212,3485.0,train
076583.jpg,224,310,3485.0,train
132241.jpg,107,148,3485.0,train
058019.jpg,286,396,3485.0,train
066105.jpg,257,356,3485.0,train
132034.jpg,140,194,3485.0,train
000147.jpg,551,763,3485.0,train
150327.jpg,130,180,3485.0,train
085033.jpg,101,140,3485.0,train
103099.jpg,382,529,3485.0,train
069689.jpg,224,310,3485.0,train
117138.jpg,811,1123,3485.0,train
008188.jpg,582,806,3485.0,train
027494.jpg,367,508,3485.0,train
033995.jpg,679,940,3485.0,train
011157.jpg,348,482,3485.0,train
138895.jpg,738,1022,3485.0,train
019759.jpg,359,497,3485.0,train
134738.jpg,291,403,3485.0,train
147168.jpg,242,335,6368.0,train
086321.jpg,159,220,6368.0,train
063464.jpg,200,277,6368.0,train
110137.jpg,164,227,6368.0,train
052841.jpg,151,209,6368.0,train
056698.jpg,283,392,6368.0,train
108295.jpg,125,173,6368.0,train
006124.jpg,138,191,6368.0,train
140410.jpg,127,176,6368.0,train
072580.jpg,172,238,6368.0,train
076103.jpg,125,173,6368.0,train
060656.jpg,133,184,6368.0,train
090073.jpg,229,317,6368.0,train
008422.jpg,96,133,6368.0,train
014632.jpg,125,173,6368.0,train
014683.jpg,268,371,6368.0,train
008925.jpg,374,518,6368.0,train
129768.jpg,146,202,6368.0,train
013980.jpg,278,385,6368.0,train
112281.jpg,177,245,6368.0,train
153686.jpg,231,320,4620.0,train
091623.jpg,294,407,4620.0,train
061302.jpg,166,230,4620.0,train
126751.jpg,439,608,4620.0,train
032533.jpg,151,209,4620.0,train
047966.jpg,99,137,4620.0,train
112409.jpg,413,572,4620.0,train
003697.jpg,208,288,4620.0,train
151495.jpg,109,151,4620.0,train
075986.jpg,104,144,4620.0,train
090701.jpg,273,378,4620.0,train
050852.jpg,338,468,4620.0,train
104016.jpg,159,220,4620.0,train
011373.jpg,554,767,4620.0,train
022943.jpg,182,252,4620.0,train
028807.jpg,161,223,4620.0,train
011908.jpg,146,202,4620.0,train
133130.jpg,270,374,4620.0,train
020240.jpg,75,104,4620.0,train
129660.jpg,192,266,4620.0,train
153249.jpg,177,245,8558.0,train
092268.jpg,270,374,8558.0,train
076149.jpg,218,302,8558.0,train
111785.jpg,213,295,8558.0,train
059995.jpg,182,252,8558.0,train
067569.jpg,208,288,8558.0,train
109770.jpg,213,295,8558.0,train
015103.jpg,268,371,8558.0,train
151224.jpg,73,101,8558.0,train
077025.jpg,96,133,8558.0,train
090754.jpg,257,356,8558.0,train
072978.jpg,195,270,8558.0,train
093116.jpg,244,338,8558.0,train
015276.jpg,224,310,8558.0,train
025361.jpg,125,173,8558.0,train
035032.jpg,107,148,8558.0,train
018479.jpg,497,688,8558.0,train
122023.jpg,203,281,8558.0,train
021559.jpg,218,302,8558.0,train
121034.jpg,468,648,8558.0,train
142335.jpg,174,241,2026.0,train
077558.jpg,151,209,2026.0,train
065285.jpg,338,468,2026.0,train
111146.jpg,309,428,2026.0,train
038449.jpg,221,306,2026.0,train
045269.jpg,182,252,2026.0,train
104221.jpg,1118,1548,2026.0,train
000365.jpg,291,403,2026.0,train
136981.jpg,1199,1660,2026.0,train
074780.jpg,239,331,2026.0,train
076002.jpg,463,641,2026.0,train
064488.jpg,299,414,2026.0,train
080665.jpg,317,439,2026.0,train
009617.jpg,398,551,2026.0,train
015074.jpg,237,328,2026.0,train
021173.jpg,533,738,2026.0,train
010264.jpg,595,824,2026.0,train
117719.jpg,146,202,2026.0,train
014982.jpg,252,349,2026.0,train
113147.jpg,533,738,2026.0,train
146711.jpg,151,209,2019.0,train
099162.jpg,177,245,2019.0,train
079320.jpg,133,184,2019.0,train
113112.jpg,250,346,2019.0,train
045815.jpg,148,205,2019.0,train
056342.jpg,179,248,2019.0,train
110661.jpg,153,212,2019.0,train
004637.jpg,140,194,2019.0,train
140022.jpg,257,356,2019.0,train
083876.jpg,247,342,2019.0,train
090434.jpg,252,349,2019.0,train
063847.jpg,260,360,2019.0,train
102432.jpg,307,425,2019.0,train
020177.jpg,377,590,2019.0,train
031776.jpg,468,648,2019.0,train
034445.jpg,244,338,2019.0,train
024545.jpg,874,1210,2019.0,train
121652.jpg,107,148,2019.0,train
025735.jpg,325,450,2019.0,train
116860.jpg,257,356,2019.0,train
145581.jpg,78,108,3480.0,train
082117.jpg,257,356,3480.0,train
067409.jpg,161,223,3480.0,train
121264.jpg,179,248,3480.0,train
044583.jpg,153,212,3480.0,train
048340.jpg,575,796,3480.0,train
115471.jpg,94,130,3480.0,train
003233.jpg,159,220,3480.0,train
140512.jpg,114,158,3480.0,train
070728.jpg,104,144,3480.0,train
075001.jpg,151,209,3480.0,train
051273.jpg,151,209,3480.0,train
091974.jpg,75,104,3480.0,train
009481.jpg,260,421,3480.0,train
019089.jpg,286,396,3480.0,train
030332.jpg,101,140,3480.0,train
011271.jpg,237,328,3480.0,train
123245.jpg,96,133,3480.0,train
018094.jpg,164,227,3480.0,train
122719.jpg,127,176,3480.0,train
154835.jpg,91,126,6369.0,train
114769.jpg,112,155,6369.0,train
092070.jpg,182,252,6369.0,train
137531.jpg,107,148,6369.0,train
070510.jpg,211,292,6369.0,train
074995.jpg,73,101,6369.0,train
136231.jpg,234,324,6369.0,train
000008.jpg,218,302,6369.0,train
154615.jpg,546,756,6369.0,train
107068.jpg,164,227,6369.0,train
112474.jpg,395,547,6369.0,train
090634.jpg,133,184,6369.0,train
120293.jpg,247,342,6369.0,train
019010.jpg,242,335,6369.0,train
047098.jpg,127,176,6369.0,train
055280.jpg,107,148,6369.0,train
021177.jpg,135,187,6369.0,train
152417.jpg,216,299,6369.0,train
038160.jpg,62,86,6369.0,train
151879.jpg,153,212,6369.0,train
156578.jpg,335,464,3279.0,train
084159.jpg,81,112,3279.0,train
066130.jpg,361,500,3279.0,train
103761.jpg,187,259,3279.0,train
050994.jpg,130,180,3279.0,train
055171.jpg,166,230,3279.0,train
101141.jpg,299,414,3279.0,train
000656.jpg,260,360,3279.0,train
153201.jpg,226,313,3279.0,train
071684.jpg,341,472,3279.0,train
072327.jpg,107,148,3279.0,train
057380.jpg,2010,2783,3279.0,train
085317.jpg,205,284,3279.0,train
010144.jpg,278,385,3279.0,train
039434.jpg,1651,2286,3279.0,train
047309.jpg,104,144,3279.0,train
013165.jpg,140,194,3279.0,train
114667.jpg,400,554,3279.0,train
026021.jpg,1105,1530,3279.0,train
105444.jpg,205,284,3279.0,train
149716.jpg,159,220,4744.0,train
087240.jpg,348,482,4744.0,train
058986.jpg,135,187,4744.0,train
115794.jpg,122,157,4744.0,train
039390.jpg,242,335,4744.0,train
043666.jpg,330,457,4744.0,train
115565.jpg,416,576,4744.0,train
001976.jpg,138,191,4744.0,train
144179.jpg,364,504,4744.0,train
061740.jpg,75,104,4744.0,train
082794.jpg,109,151,4744.0,train
057335.jpg,99,137,4744.0,train
103145.jpg,166,230,4744.0,train
003580.jpg,78,108,4744.0,train
018917.jpg,286,396,4744.0,train
024877.jpg,140,194,4744.0,train
007242.jpg,140,194,4744.0,train
120260.jpg,83,115,4744.0,train
009790.jpg,148,205,4744.0,train
117685.jpg,127,176,4744.0,train
152026.jpg,234,324,3648.0,train
101780.jpg,192,266,3648.0,train
077987.jpg,302,418,3648.0,train
128433.jpg,252,349,3648.0,train
051103.jpg,205,284,3648.0,train
056773.jpg,255,351,3648.0,train
118609.jpg,325,450,3648.0,train
002281.jpg,317,439,3648.0,train
148782.jpg,252,349,3648.0,train
082575.jpg,317,439,3648.0,train
094127.jpg,328,454,3648.0,train
072292.jpg,312,432,3648.0,train
104935.jpg,330,457,3648.0,train
006041.jpg,211,292,3648.0,train
016649.jpg,203,281,3648.0,train
016678.jpg,184,288,3648.0,train
010947.jpg,268,371,3648.0,train
134985.jpg,437,605,3648.0,train
014298.jpg,367,508,3648.0,train
130716.jpg,218,302,3648.0,train
161748.jpg,135,187,1784.0,train
102813.jpg,237,328,1784.0,train
090112.jpg,88,122,1784.0,train
134290.jpg,133,184,1784.0,train
056577.jpg,156,216,1784.0,train
069978.jpg,738,1022,1784.0,train
132938.jpg,148,205,1784.0,train
009615.jpg,294,407,1784.0,train
161683.jpg,133,184,1784.0,train
093140.jpg,484,670,1784.0,train
097348.jpg,211,292,1784.0,train
088086.jpg,190,263,1784.0,train
107569.jpg,153,212,1784.0,train
013220.jpg,304,421,1784.0,train
021194.jpg,148,205,1784.0,train
028312.jpg,580,803,1784.0,train
017516.jpg,138,191,1784.0,train
150437.jpg,234,324,1784.0,train
019101.jpg,140,194,1784.0,train
147493.jpg,161,223,1784.0,train
150506.jpg,310,220,8390.0,train
107411.jpg,281,389,8390.0,train
084689.jpg,343,475,8390.0,train
135379.jpg,598,828,8390.0,train
069503.jpg,107,148,8390.0,train
073673.jpg,263,364,8390.0,train
130230.jpg,88,122,8390.0,train
005423.jpg,229,317,8390.0,train
149612.jpg,140,194,8390.0,train
089887.jpg,174,241,8390.0,train
103600.jpg,273,378,8390.0,train
082494.jpg,367,508,8390.0,train
120191.jpg,114,158,8390.0,train
009326.jpg,408,565,8390.0,train
020617.jpg,247,342,8390.0,train
025061.jpg,263,364,8390.0,train
015251.jpg,190,263,8390.0,train
143383.jpg,491,680,8390.0,train
018208.jpg,291,403,8390.0,train
143084.jpg,146,202,8390.0,train
156925.jpg,182,252,6415.0,train
091360.jpg,265,367,6415.0,train
065964.jpg,270,374,6415.0,train
107078.jpg,133,184,6415.0,train
058854.jpg,686,950,6415.0,train
059434.jpg,208,288,6415.0,train
106918.jpg,211,292,6415.0,train
007353.jpg,1011,1400,6415.0,train
156491.jpg,273,378,6415.0,train
066016.jpg,252,349,6415.0,train
089646.jpg,710,983,6415.0,train
065960.jpg,307,425,6415.0,train
095079.jpg,957,1325,6415.0,train
010669.jpg,1217,1685,6415.0,train
037459.jpg,146,202,6415.0,train
038996.jpg,515,713,6415.0,train
025333.jpg,666,922,6415.0,train
125347.jpg,164,227,6415.0,train
033433.jpg,338,468,6415.0,train
119160.jpg,403,558,6415.0,train
152248.jpg,164,227,3324.0,train
078864.jpg,135,187,3324.0,train
055228.jpg,166,230,3324.0,train
113662.jpg,99,137,3324.0,train
038968.jpg,231,320,3324.0,train
041315.jpg,554,767,3324.0,train
107498.jpg,270,374,3324.0,train
007903.jpg,190,263,3324.0,train
143910.jpg,75,104,3324.0,train
071767.jpg,273,378,3324.0,train
074773.jpg,70,97,3324.0,train
049612.jpg,130,180,3324.0,train
080696.jpg,114,158,3324.0,train
020739.jpg,86,119,3324.0,train
030265.jpg,426,590,3324.0,train
032029.jpg,140,194,3324.0,train
021780.jpg,153,212,3324.0,train
138601.jpg,273,378,3324.0,train
025690.jpg,120,166,3324.0,train
133255.jpg,185,256,3324.0,train
151106.jpg,247,342,1993.0,train
094305.jpg,146,202,1993.0,train
078193.jpg,109,151,1993.0,train
118632.jpg,96,133,1993.0,train
045845.jpg,125,173,1993.0,train
048182.jpg,179,248,1993.0,train
116706.jpg,120,166,1993.0,train
011391.jpg,148,205,1993.0,train
147340.jpg,153,212,1993.0,train
078911.jpg,240,200,1993.0,train
093080.jpg,107,148,1993.0,train
060780.jpg,146,202,1993.0,train
097215.jpg,411,569,1993.0,train
020131.jpg,112,155,1993.0,train
026134.jpg,125,173,1993.0,train
027980.jpg,130,180,1993.0,train
022232.jpg,164,227,1993.0,train
133876.jpg,94,130,1993.0,train
024254.jpg,398,551,1993.0,train
132917.jpg,224,310,1993.0,train
151992.jpg,88,122,6385.0,train
086504.jpg,114,158,6385.0,train
079905.jpg,268,371,6385.0,train
141253.jpg,185,256,6385.0,train
047061.jpg,194,288,6385.0,train
063265.jpg,195,270,6385.0,train
122035.jpg,182,252,6385.0,train
005498.jpg,330,457,6385.0,train
149977.jpg,156,216,6385.0,train
084231.jpg,247,342,6385.0,train
084742.jpg,208,288,6385.0,train
072191.jpg,114,158,6385.0,train
092042.jpg,70,97,6385.0,train
024427.jpg,146,202,6385.0,train
028819.jpg,91,126,6385.0,train
031890.jpg,99,137,6385.0,train
027005.jpg,192,266,6385.0,train
142634.jpg,190,263,6385.0,train
027618.jpg,192,266,6385.0,train
142329.jpg,112,155,6385.0,train
146765.jpg,268,371,1916.0,train
103586.jpg,286,396,1916.0,train
075505.jpg,164,227,1916.0,train
127854.jpg,195,270,1916.0,train
046147.jpg,255,353,1916.0,train
052430.jpg,156,216,1916.0,train
120461.jpg,159,220,1916.0,train
010233.jpg,146,202,1916.0,train
142975.jpg,94,130,1916.0,train
095764.jpg,185,256,1916.0,train
102979.jpg,146,202,1916.0,train
060829.jpg,224,310,1916.0,train
110338.jpg,364,504,1916.0,train
010290.jpg,159,220,1916.0,train
022513.jpg,161,223,1916.0,train
022872.jpg,213,295,1916.0,train
014123.jpg,182,252,1916.0,train
132198.jpg,276,382,1916.0,train
015632.jpg,159,220,1916.0,train
131869.jpg,190,263,1916.0,train
160266.jpg,187,259,7074.0,train
096197.jpg,218,302,7074.0,train
074737.jpg,112,155,7074.0,train
133350.jpg,270,374,7074.0,train
034583.jpg,153,212,7074.0,train
048643.jpg,283,392,7074.0,train
130979.jpg,252,349,7074.0,train
007342.jpg,421,583,7074.0,train
158150.jpg,260,360,7074.0,train
079546.jpg,146,202,7074.0,train
088589.jpg,400,554,7074.0,train
061874.jpg,208,288,7074.0,train
114929.jpg,281,389,7074.0,train
009772.jpg,224,310,7074.0,train
018940.jpg,281,389,7074.0,train
019065.jpg,198,274,7074.0,train
016357.jpg,315,436,7074.0,train
139007.jpg,712,986,7074.0,train
018879.jpg,78,108,7074.0,train
136020.jpg,268,371,7074.0,train
159692.jpg,122,169,8454.0,train
096978.jpg,177,245,8454.0,train
080663.jpg,130,180,8454.0,train
125420.jpg,109,151,8454.0,train
052078.jpg,190,263,8454.0,train
057354.jpg,130,180,8454.0,train
121082.jpg,187,259,8454.0,train
016718.jpg,135,187,8454.0,train
158557.jpg,172,238,8454.0,train
081095.jpg,512,709,8454.0,train
094866.jpg,166,230,8454.0,train
075961.jpg,460,637,8454.0,train
104952.jpg,146,202,8454.0,train
017474.jpg,112,155,8454.0,train
040711.jpg,146,202,8454.0,train
042545.jpg,117,162,8454.0,train
017926.jpg,104,144,8454.0,train
139049.jpg,68,94,8454.0,train
024805.jpg,81,112,8454.0,train
128190.jpg,242,335,8454.0,train
140460.jpg,78,108,7075.0,train
071555.jpg,244,338,7075.0,train
063090.jpg,164,227,7075.0,train
102500.jpg,104,144,7075.0,train
043240.jpg,112,155,7075.0,train
044058.jpg,112,155,7075.0,train
092323.jpg,291,403,7075.0,train
001991.jpg,172,238,7075.0,train
126220.jpg,99,137,7075.0,train
065115.jpg,151,209,7075.0,train
070961.jpg,229,317,7075.0,train
051582.jpg,224,310,7075.0,train
073330.jpg,252,349,7075.0,train
007566.jpg,190,263,7075.0,train
023579.jpg,107,148,7075.0,train
028892.jpg,239,331,7075.0,train
009752.jpg,140,194,7075.0,train
117101.jpg,291,403,7075.0,train
012540.jpg,198,274,7075.0,train
109355.jpg,229,317,7075.0,train
158728.jpg,151,209,6403.0,train
101784.jpg,112,155,6403.0,train
087366.jpg,187,259,6403.0,train
123414.jpg,250,346,6403.0,train
069819.jpg,143,198,6403.0,train
074453.jpg,281,389,6403.0,train
116693.jpg,216,299,6403.0,train
011006.jpg,200,277,6403.0,train
157611.jpg,281,389,6403.0,train
090492.jpg,109,151,6403.0,train
101163.jpg,437,605,6403.0,train
077198.jpg,60,83,6403.0,train
105420.jpg,156,216,6403.0,train
012807.jpg,213,295,6403.0,train
030543.jpg,125,173,6403.0,train
047661.jpg,226,313,6403.0,train
013824.jpg,244,338,6403.0,train
132952.jpg,114,158,6403.0,train
014362.jpg,161,223,6403.0,train
129975.jpg,156,216,6403.0,train
152564.jpg,252,349,3697.0,train
082412.jpg,387,536,3697.0,train
060604.jpg,120,166,3697.0,train
115137.jpg,159,220,3697.0,train
048570.jpg,208,288,3697.0,train
053163.jpg,117,162,3697.0,train
113858.jpg,101,140,3697.0,train
029937.jpg,190,263,3697.0,train
151724.jpg,94,130,3697.0,train
066531.jpg,395,547,3697.0,train
072399.jpg,127,176,3697.0,train
059276.jpg,140,194,3697.0,train
084544.jpg,200,277,3697.0,train
031189.jpg,161,223,3697.0,train
042250.jpg,205,284,3697.0,train
043498.jpg,260,360,3697.0,train
031412.jpg,304,421,3697.0,train
130091.jpg,153,212,3697.0,train
038198.jpg,346,479,3697.0,train
122508.jpg,270,374,3697.0,train
142081.jpg,252,349,3436.0,train
059139.jpg,185,256,3436.0,train
054252.jpg,112,155,3436.0,train
097877.jpg,231,320,3436.0,train
026556.jpg,187,259,3436.0,train
030713.jpg,473,655,3436.0,train
096896.jpg,200,277,3436.0,train
000669.jpg,273,378,3436.0,train
141697.jpg,70,97,3436.0,train
054723.jpg,218,302,3436.0,train
057382.jpg,221,306,3436.0,train
047548.jpg,169,234,3436.0,train
077615.jpg,320,443,3436.0,train
002564.jpg,198,274,3436.0,train
009443.jpg,218,302,3436.0,train
017787.jpg,195,270,3436.0,train
007816.jpg,429,594,3436.0,train
100338.jpg,203,281,3436.0,train
008120.jpg,377,666,3436.0,train
099117.jpg,114,158,3436.0,train
156285.jpg,179,248,4664.0,train
124110.jpg,164,227,4664.0,train
091960.jpg,348,482,4664.0,train
137981.jpg,159,220,4664.0,train
032035.jpg,247,342,4664.0,train
063692.jpg,208,288,4664.0,train
135430.jpg,130,180,4664.0,train
000216.jpg,244,338,4664.0,train
155755.jpg,164,227,4664.0,train
096568.jpg,195,270,4664.0,train
120608.jpg,179,248,4664.0,train
086942.jpg,296,410,4664.0,train
126923.jpg,801,1109,4664.0,train
000600.jpg,543,721,4664.0,train
014959.jpg,346,479,4664.0,train
019455.jpg,816,1130,4664.0,train
001858.jpg,177,245,4664.0,train
147708.jpg,1615,2236,4664.0,train
014430.jpg,133,184,4664.0,train
144487.jpg,164,227,4664.0,train
155015.jpg,247,339,1839.0,train
094268.jpg,208,306,1839.0,train
073254.jpg,112,155,1839.0,train
131771.jpg,192,266,1839.0,train
040913.jpg,276,382,1839.0,train
052887.jpg,159,220,1839.0,train
121761.jpg,107,148,1839.0,train
008137.jpg,104,144,1839.0,train
148575.jpg,107,148,1839.0,train
075718.jpg,343,475,1839.0,train
087901.jpg,88,122,1839.0,train
069693.jpg,146,202,1839.0,train
105520.jpg,96,133,1839.0,train
009143.jpg,273,378,1839.0,train
032469.jpg,96,133,1839.0,train
036443.jpg,242,335,1839.0,train
011039.jpg,117,162,1839.0,train
141177.jpg,250,346,1839.0,train
021169.jpg,156,216,1839.0,train
131876.jpg,151,209,1839.0,train
148436.jpg,229,317,1842.0,train
060766.jpg,226,313,1842.0,train
042913.jpg,372,515,1842.0,train
112847.jpg,172,238,1842.0,train
038269.jpg,286,396,1842.0,train
038362.jpg,437,605,1842.0,train
109897.jpg,135,187,1842.0,train
005469.jpg,138,191,1842.0,train
148180.jpg,270,374,1842.0,train
044745.jpg,151,209,1842.0,train
060290.jpg,190,263,1842.0,train
039901.jpg,372,515,1842.0,train
062345.jpg,229,317,1842.0,train
013102.jpg,203,281,1842.0,train
019711.jpg,244,338,1842.0,train
031261.jpg,268,371,1842.0,train
014824.jpg,161,223,1842.0,train
118410.jpg,213,295,1842.0,train
015881.jpg,338,468,1842.0,train
116358.jpg,278,385,1842.0,train
154384.jpg,426,590,3421.0,train
087677.jpg,447,619,3421.0,train
073792.jpg,229,317,3421.0,train
127298.jpg,299,414,3421.0,train
027754.jpg,294,407,3421.0,train
033192.jpg,525,727,3421.0,train
120440.jpg,278,385,3421.0,train
001437.jpg,231,320,3421.0,train
151164.jpg,590,817,3421.0,train
079906.jpg,590,764,3421.0,train
085357.jpg,408,565,3421.0,train
073590.jpg,148,205,3421.0,train
090532.jpg,1045,1447,3421.0,train
001688.jpg,206,328,3421.0,train
009724.jpg,99,137,3421.0,train
015309.jpg,775,1073,3421.0,train
003966.jpg,172,238,3421.0,train
132474.jpg,910,1221,3421.0,train
006488.jpg,122,169,3421.0,train
130157.jpg,655,907,3421.0,train
155904.jpg,200,277,8431.0,train
071052.jpg,187,259,8431.0,train
052200.jpg,315,436,8431.0,train
120576.jpg,213,295,8431.0,train
036323.jpg,127,176,8431.0,train
040491.jpg,127,176,8431.0,train
117465.jpg,216,299,8431.0,train
003442.jpg,190,263,8431.0,train
140740.jpg,575,796,8431.0,train
061491.jpg,174,241,8431.0,train
069656.jpg,151,209,8431.0,train
047844.jpg,75,104,8431.0,train
080667.jpg,208,288,8431.0,train
006293.jpg,156,216,8431.0,train
008329.jpg,268,371,8431.0,train
019743.jpg,374,518,8431.0,train
006532.jpg,135,187,8431.0,train
127430.jpg,426,590,8431.0,train
008119.jpg,86,107,8431.0,train
125381.jpg,164,227,8431.0,train
152425.jpg,205,284,3511.0,train
107272.jpg,439,608,3511.0,train
062387.jpg,153,212,3511.0,train
136627.jpg,161,223,3511.0,train
031016.jpg,153,212,3511.0,train
035479.jpg,101,140,3511.0,train
134642.jpg,114,158,3511.0,train
004669.jpg,112,155,3511.0,train
151186.jpg,247,342,3511.0,train
068742.jpg,91,126,3511.0,train
079259.jpg,185,256,3511.0,train
060039.jpg,276,372,3511.0,train
109811.jpg,65,90,3511.0,train
005089.jpg,94,130,3511.0,train
018540.jpg,278,385,3511.0,train
022010.jpg,120,166,3511.0,train
007160.jpg,114,158,3511.0,train
147484.jpg,169,234,3511.0,train
017564.jpg,153,212,3511.0,train
143468.jpg,250,346,3511.0,train
156980.jpg,663,918,1854.0,train
096798.jpg,200,277,1854.0,train
065014.jpg,195,270,1854.0,train
118601.jpg,120,166,1854.0,train
033589.jpg,159,220,1854.0,train
033621.jpg,200,277,1854.0,train
117943.jpg,182,252,1854.0,train
000015.jpg,190,263,1854.0,train
154387.jpg,192,266,1854.0,train
071426.jpg,317,439,1854.0,train
083477.jpg,372,491,1854.0,train
041588.jpg,203,281,1854.0,train
099039.jpg,205,284,1854.0,train
003428.jpg,200,277,1854.0,train
018547.jpg,177,245,1854.0,train
026211.jpg,96,133,1854.0,train
011370.jpg,195,270,1854.0,train
146865.jpg,159,220,1854.0,train
014228.jpg,135,187,1854.0,train
120447.jpg,112,155,1854.0,train
159076.jpg,257,356,3431.0,train
087904.jpg,252,349,3431.0,train
058582.jpg,198,274,3431.0,train
131117.jpg,341,472,3431.0,train
046021.jpg,312,432,3431.0,train
052118.jpg,265,367,3431.0,train
129686.jpg,234,324,3431.0,train
000618.jpg,289,400,3431.0,train
140251.jpg,359,497,3431.0,train
059537.jpg,328,454,3431.0,train
075520.jpg,99,137,3431.0,train
055189.jpg,351,486,3431.0,train
094617.jpg,398,551,3431.0,train
001497.jpg,169,234,3431.0,train
026119.jpg,385,533,3431.0,train
043618.jpg,746,1033,3431.0,train
017962.jpg,426,590,3431.0,train
137005.jpg,385,533,3431.0,train
025325.jpg,229,317,3431.0,train
134081.jpg,497,688,3431.0,train
153590.jpg,216,299,4666.0,train
095588.jpg,190,263,4666.0,train
071602.jpg,185,256,4666.0,train
125652.jpg,213,295,4666.0,train
053110.jpg,221,306,4666.0,train
058984.jpg,120,166,4666.0,train
124384.jpg,135,187,4666.0,train
004389.jpg,133,184,4666.0,train
149000.jpg,229,317,4666.0,train
081464.jpg,231,320,4666.0,train
086746.jpg,216,299,4666.0,train
070003.jpg,143,198,4666.0,train
097572.jpg,156,216,4666.0,train
004678.jpg,166,230,4666.0,train
016340.jpg,250,346,4666.0,train
029905.jpg,135,187,4666.0,train
009798.jpg,185,256,4666.0,train
145400.jpg,216,299,4666.0,train
015661.jpg,200,277,4666.0,train
145300.jpg,190,263,4666.0,train
146036.jpg,434,601,4672.0,train
085628.jpg,268,371,4672.0,train
064309.jpg,94,130,4672.0,train
119914.jpg,138,191,4672.0,train
054299.jpg,135,187,4672.0,train
057500.jpg,192,266,4672.0,train
112737.jpg,135,187,4672.0,train
008919.jpg,307,414,4672.0,train
124206.jpg,151,209,4672.0,train
067771.jpg,224,310,4672.0,train
080807.jpg,213,295,4672.0,train
058488.jpg,221,306,4672.0,train
092250.jpg,317,439,4672.0,train
015550.jpg,135,187,4672.0,train
045553.jpg,140,194,4672.0,train
045730.jpg,122,169,4672.0,train
033860.jpg,255,353,4672.0,train
123199.jpg,117,162,4672.0,train
044444.jpg,182,252,4672.0,train
121578.jpg,156,216,4672.0,train
159614.jpg,135,187,4671.0,train
105022.jpg,304,421,4671.0,train
089215.jpg,185,256,4671.0,train
138802.jpg,270,374,4671.0,train
060263.jpg,372,515,4671.0,train
060950.jpg,382,529,4671.0,train
134407.jpg,510,706,4671.0,train
011144.jpg,218,302,4671.0,train
155138.jpg,304,421,4671.0,train
092299.jpg,192,266,4671.0,train
103914.jpg,216,299,4671.0,train
085789.jpg,177,245,4671.0,train
112971.jpg,749,1037,4671.0,train
014960.jpg,239,331,4671.0,train
025323.jpg,166,230,4671.0,train
053784.jpg,744,1030,4671.0,train
016299.jpg,307,425,4671.0,train
150887.jpg,382,529,4671.0,train
020443.jpg,939,1300,4671.0,train
143022.jpg,689,954,4671.0,train
150565.jpg,120,166,8440.0,train
073742.jpg,400,554,8440.0,train
065754.jpg,291,403,8440.0,train
128089.jpg,174,241,8440.0,train
046664.jpg,213,295,8440.0,train
051124.jpg,179,248,8440.0,train
122498.jpg,281,389,8440.0,train
005561.jpg,221,306,8440.0,train
144624.jpg,174,241,8440.0,train
066849.jpg,967,1339,8440.0,train
069165.jpg,159,220,8440.0,train
061101.jpg,294,407,8440.0,train
081617.jpg,125,173,8440.0,train
010689.jpg,309,428,8440.0,train
027863.jpg,125,173,8440.0,train
035440.jpg,226,313,8440.0,train
016495.jpg,226,313,8440.0,train
138310.jpg,562,778,8440.0,train
019333.jpg,172,238,8440.0,train
128459.jpg,166,230,8440.0,train
158967.jpg,91,126,7071.0,train
093598.jpg,107,148,7071.0,train
083572.jpg,94,130,7071.0,train
121658.jpg,81,112,7071.0,train
044332.jpg,203,281,7071.0,train
055827.jpg,276,382,7071.0,train
119681.jpg,120,166,7071.0,train
000249.jpg,130,180,7071.0,train
153722.jpg,169,234,7071.0,train
086178.jpg,369,511,7071.0,train
092757.jpg,172,238,7071.0,train
078575.jpg,101,140,7071.0,train
097122.jpg,138,191,7071.0,train
002554.jpg,216,299,7071.0,train
036280.jpg,107,148,7071.0,train
037048.jpg,164,227,7071.0,train
012901.jpg,86,119,7071.0,train
132760.jpg,369,511,7071.0,train
031563.jpg,148,205,7071.0,train
128952.jpg,169,234,7071.0,train
148078.jpg,164,227,7127.0,train
086667.jpg,117,162,7127.0,train
071782.jpg,224,310,7127.0,train
122583.jpg,226,313,7127.0,train
057751.jpg,172,238,7127.0,train
058151.jpg,268,371,7127.0,train
116256.jpg,218,302,7127.0,train
001836.jpg,117,162,7127.0,train
147676.jpg,218,302,7127.0,train
072410.jpg,135,187,7127.0,train
084817.jpg,218,302,7127.0,train
069418.jpg,156,216,7127.0,train
094830.jpg,213,295,7127.0,train
010300.jpg,338,468,7127.0,train
043878.jpg,468,648,7127.0,train
046364.jpg,198,274,7127.0,train
042773.jpg,213,295,7127.0,train
137785.jpg,125,173,7127.0,train
043444.jpg,179,248,7127.0,train
133821.jpg,190,263,7127.0,train
147565.jpg,1235,1710,8511.0,train
101423.jpg,759,1051,8511.0,train
065267.jpg,484,670,8511.0,train
128763.jpg,257,356,8511.0,train
033994.jpg,130,180,8511.0,train
041796.jpg,400,554,8511.0,train
127223.jpg,543,752,8511.0,train
007034.jpg,783,1084,8511.0,train
138340.jpg,572,792,8511.0,train
069024.jpg,546,756,8511.0,train
100585.jpg,361,500,8511.0,train
047267.jpg,624,864,8511.0,train
109487.jpg,749,1037,8511.0,train
007637.jpg,559,774,8511.0,train
014507.jpg,218,302,8511.0,train
016777.jpg,606,839,8511.0,train
010788.jpg,224,310,8511.0,train
134280.jpg,221,306,8511.0,train
013607.jpg,302,418,8511.0,train
133299.jpg,983,1361,8511.0,train
146310.jpg,304,421,8501.0,train
086209.jpg,117,162,8501.0,train
059150.jpg,237,328,8501.0,train
130306.jpg,242,335,8501.0,train
038595.jpg,281,389,8501.0,train
041904.jpg,367,508,8501.0,train
115763.jpg,198,274,8501.0,train
003295.jpg,208,288,8501.0,train
138194.jpg,255,353,8501.0,train
065455.jpg,185,256,8501.0,train
081931.jpg,289,400,8501.0,train
053555.jpg,133,184,8501.0,train
097648.jpg,250,346,8501.0,train
011348.jpg,533,738,8501.0,train
023189.jpg,70,97,8501.0,train
030017.jpg,406,562,8501.0,train
011997.jpg,164,227,8501.0,train
133602.jpg,1219,1688,8501.0,train
019048.jpg,205,284,8501.0,train
130550.jpg,192,266,8501.0,train
141587.jpg,463,641,7137.0,train
071225.jpg,322,446,7137.0,train
059213.jpg,346,479,7137.0,train
109200.jpg,226,313,7137.0,train
044185.jpg,312,432,7137.0,train
051071.jpg,351,486,7137.0,train
100260.jpg,289,400,7137.0,train
004299.jpg,380,526,7137.0,train
138627.jpg,419,580,7137.0,train
061936.jpg,257,356,7137.0,train
066076.jpg,372,515,7137.0,train
056825.jpg,213,295,7137.0,train
072777.jpg,216,299,7137.0,train
005228.jpg,286,396,7137.0,train
021777.jpg,307,425,7137.0,train
033061.jpg,322,446,7137.0,train
007707.jpg,281,389,7137.0,train
126973.jpg,172,238,7137.0,train
017309.jpg,234,324,7137.0,train
123471.jpg,367,508,7137.0,train
159331.jpg,315,436,4724.0,train
086948.jpg,195,270,4724.0,train
073889.jpg,257,356,4724.0,train
122380.jpg,257,356,4724.0,train
067659.jpg,86,119,4724.0,train
067802.jpg,151,209,4724.0,train
114469.jpg,229,317,4724.0,train
001699.jpg,146,202,4724.0,train
153938.jpg,153,212,4724.0,train
076747.jpg,130,180,4724.0,train
084765.jpg,213,295,4724.0,train
069789.jpg,140,194,4724.0,train
099553.jpg,161,223,4724.0,train
006257.jpg,104,144,4724.0,train
044802.jpg,125,173,4724.0,train
057023.jpg,117,162,4724.0,train
019933.jpg,166,230,4724.0,train
131940.jpg,213,295,4724.0,train
042333.jpg,338,468,4724.0,train
128095.jpg,122,169,4724.0,train
143184.jpg,122,169,8529.0,train
062538.jpg,203,281,8529.0,train
050069.jpg,101,140,8529.0,train
091889.jpg,185,256,8529.0,train
041202.jpg,203,281,8529.0,train
041847.jpg,127,176,8529.0,train
088605.jpg,94,130,8529.0,train
016611.jpg,156,216,8529.0,train
141243.jpg,247,342,8529.0,train
053575.jpg,109,151,8529.0,train
062005.jpg,138,191,8529.0,train
049672.jpg,122,169,8529.0,train
063756.jpg,166,230,8529.0,train
021474.jpg,364,504,8529.0,train
026250.jpg,213,295,8529.0,train
033359.jpg,104,144,8529.0,train
021787.jpg,190,263,8529.0,train
096920.jpg,101,140,8529.0,train
025097.jpg,250,346,8529.0,train
096352.jpg,151,209,8529.0,train
144110.jpg,96,133,7260.0,train
105001.jpg,138,191,7260.0,train
072951.jpg,68,94,7260.0,train
128027.jpg,70,97,7260.0,train
042723.jpg,153,212,7260.0,train
044173.jpg,159,220,7260.0,train
126847.jpg,65,90,7260.0,train
002767.jpg,182,252,7260.0,train
137636.jpg,161,223,7260.0,train
077778.jpg,892,1235,7260.0,train
098126.jpg,94,130,7260.0,train
063832.jpg,104,158,7260.0,train
105811.jpg,166,217,7260.0,train
005109.jpg,507,702,7260.0,train
016716.jpg,107,148,7260.0,train
017815.jpg,198,274,7260.0,train
008173.jpg,99,155,7260.0,train
135049.jpg,96,133,7260.0,train
014024.jpg,101,140,7260.0,train
133989.jpg,364,504,7260.0,train
157571.jpg,281,389,1903.0,train
073722.jpg,369,511,1903.0,train
052833.jpg,172,238,1903.0,train
124497.jpg,153,212,1903.0,train
045177.jpg,114,158,1903.0,train
045891.jpg,182,252,1903.0,train
121947.jpg,213,295,1903.0,train
010820.jpg,198,274,1903.0,train
149795.jpg,164,227,1903.0,train
057394.jpg,185,256,1903.0,train
072095.jpg,174,241,1903.0,train
052191.jpg,192,266,1903.0,train
082619.jpg,127,176,1903.0,train
011416.jpg,588,814,1903.0,train
030363.jpg,299,414,1903.0,train
033065.jpg,533,738,1903.0,train
012194.jpg,130,180,1903.0,train
134374.jpg,299,414,1903.0,train
017426.jpg,133,184,1903.0,train
132661.jpg,224,310,1903.0,train
159857.jpg,159,220,3771.0,train
090065.jpg,281,389,3771.0,train
069899.jpg,107,148,3771.0,train
131653.jpg,210,170,3771.0,train
054043.jpg,255,353,3771.0,train
057874.jpg,156,216,3771.0,train
129162.jpg,169,234,3771.0,train
006204.jpg,244,338,3771.0,train
159701.jpg,263,364,3771.0,train
076284.jpg,174,241,3771.0,train
084895.jpg,182,252,3771.0,train
063862.jpg,81,112,3771.0,train
102912.jpg,317,439,3771.0,train
008808.jpg,135,187,3771.0,train
026471.jpg,1170,1620,3771.0,train
030472.jpg,247,342,3771.0,train
018223.jpg,429,594,3771.0,train
157424.jpg,185,256,3771.0,train
019767.jpg,286,396,3771.0,train
140450.jpg,140,194,3771.0,train
149899.jpg,114,158,7177.0,train
103963.jpg,273,378,7177.0,train
092713.jpg,112,155,7177.0,train
136537.jpg,250,346,7177.0,train
063962.jpg,216,299,7177.0,train
076960.jpg,177,245,7177.0,train
131834.jpg,270,374,7177.0,train
000342.jpg,117,162,7177.0,train
149853.jpg,429,594,7177.0,train
093323.jpg,234,324,7177.0,train
101156.jpg,153,212,7177.0,train
086869.jpg,239,331,7177.0,train
113812.jpg,179,248,7177.0,train
003168.jpg,172,238,7177.0,train
025547.jpg,174,241,7177.0,train
035428.jpg,239,331,7177.0,train
004835.jpg,117,162,7177.0,train
144338.jpg,380,526,7177.0,train
012118.jpg,104,144,7177.0,train
143219.jpg,133,184,7177.0,train
138769.jpg,161,223,4722.0,train
075634.jpg,221,317,4722.0,train
062700.jpg,468,648,4722.0,train
124654.jpg,172,238,4722.0,train
057066.jpg,153,212,4722.0,train
061544.jpg,159,220,4722.0,train
097671.jpg,138,191,4722.0,train
003927.jpg,213,295,4722.0,train
136131.jpg,187,259,4722.0,train
065766.jpg,445,616,4722.0,train
073333.jpg,463,641,4722.0,train
062157.jpg,153,212,4722.0,train
081201.jpg,159,220,4722.0,train
008425.jpg,213,295,4722.0,train
022487.jpg,120,166,4722.0,train
023276.jpg,143,198,4722.0,train
009422.jpg,224,310,4722.0,train
131855.jpg,413,572,4722.0,train
016722.jpg,213,295,4722.0,train
125412.jpg,151,209,4722.0,train
159189.jpg,335,464,1984.0,train
081958.jpg,151,209,1984.0,train
060635.jpg,263,364,1984.0,train
111852.jpg,146,202,1984.0,train
042154.jpg,218,302,1984.0,train
046236.jpg,203,281,1984.0,train
104176.jpg,174,241,1984.0,train
000488.jpg,182,252,1984.0,train
123154.jpg,177,245,1984.0,train
065346.jpg,161,223,1984.0,train
077027.jpg,166,230,1984.0,train
055371.jpg,377,522,1984.0,train
085571.jpg,330,457,1984.0,train
001472.jpg,250,346,1984.0,train
016818.jpg,148,205,1984.0,train
027143.jpg,182,252,1984.0,train
005521.jpg,257,356,1984.0,train
115987.jpg,117,162,1984.0,train
013040.jpg,164,227,1984.0,train
115185.jpg,109,151,1984.0,train
149009.jpg,1092,1512,3540.0,train
104215.jpg,169,234,3540.0,train
081127.jpg,218,302,3540.0,train
127805.jpg,198,274,3540.0,train
055928.jpg,205,284,3540.0,train
059727.jpg,198,274,3540.0,train
122527.jpg,211,292,3540.0,train
002909.jpg,780,1080,3540.0,train
142292.jpg,159,220,3540.0,train
087134.jpg,161,223,3540.0,train
098830.jpg,796,1102,3540.0,train
076568.jpg,185,256,3540.0,train
104405.jpg,278,385,3540.0,train
005655.jpg,187,259,3540.0,train
021647.jpg,406,562,3540.0,train
025290.jpg,187,259,3540.0,train
006897.jpg,317,439,3540.0,train
135279.jpg,265,367,3540.0,train
016419.jpg,198,274,3540.0,train
130291.jpg,135,187,3540.0,train
155741.jpg,156,216,8506.0,train
120134.jpg,1607,2225,8506.0,train
080309.jpg,166,230,8506.0,train
140220.jpg,356,493,8506.0,train
062058.jpg,107,148,8506.0,train
068591.jpg,231,320,8506.0,train
137845.jpg,229,317,8506.0,train
014878.jpg,151,209,8506.0,train
155625.jpg,247,342,8506.0,train
082789.jpg,356,493,8506.0,train
101697.jpg,203,281,8506.0,train
079686.jpg,231,320,8506.0,train
122092.jpg,125,173,8506.0,train
033131.jpg,192,266,8506.0,train
037083.jpg,112,155,8506.0,train
042994.jpg,359,497,8506.0,train
033983.jpg,166,230,8506.0,train
147378.jpg,382,529,8506.0,train
036463.jpg,138,191,8506.0,train
142980.jpg,325,450,8506.0,train
160577.jpg,692,958,7187.0,train
088863.jpg,944,1307,7187.0,train
077798.jpg,231,320,7187.0,train
139287.jpg,140,194,7187.0,train
046927.jpg,101,140,7187.0,train
051454.jpg,486,673,7187.0,train
138827.jpg,96,133,7187.0,train
006766.jpg,81,112,7187.0,train
157589.jpg,148,205,7187.0,train
079734.jpg,130,180,7187.0,train
084918.jpg,359,497,7187.0,train
076955.jpg,910,1260,7187.0,train
089339.jpg,289,400,7187.0,train
012140.jpg,520,720,7187.0,train
018561.jpg,211,292,7187.0,train
025816.jpg,70,97,7187.0,train
013898.jpg,146,202,7187.0,train
151206.jpg,229,317,7187.0,train
014854.jpg,211,292,7187.0,train
147673.jpg,86,119,7187.0,train
159360.jpg,112,155,3546.0,train
114124.jpg,107,148,3546.0,train
092255.jpg,198,274,3546.0,train
128076.jpg,166,230,3546.0,train
077132.jpg,195,270,3546.0,train
082031.jpg,112,155,3546.0,train
123933.jpg,387,536,3546.0,train
024039.jpg,104,144,3546.0,train
153286.jpg,146,202,3546.0,train
096808.jpg,226,313,3546.0,train
112979.jpg,156,216,3546.0,train
087892.jpg,231,320,3546.0,train
118055.jpg,192,266,3546.0,train
035877.jpg,140,194,3546.0,train
049119.jpg,182,252,3546.0,train
059866.jpg,211,292,3546.0,train
036356.jpg,135,187,3546.0,train
142128.jpg,156,216,3546.0,train
037617.jpg,221,306,3546.0,train
133807.jpg,127,176,3546.0,train
150998.jpg,86,119,1914.0,train
118767.jpg,78,108,1914.0,train
067204.jpg,265,367,1914.0,train
137527.jpg,120,166,1914.0,train
056402.jpg,351,486,1914.0,train
061030.jpg,166,230,1914.0,train
135727.jpg,161,223,1914.0,train
007584.jpg,484,662,1914.0,train
150477.jpg,164,227,1914.0,train
082826.jpg,112,155,1914.0,train
111508.jpg,174,241,1914.0,train
063029.jpg,112,155,1914.0,train
119511.jpg,239,331,1914.0,train
009077.jpg,164,227,1914.0,train
020261.jpg,112,155,1914.0,train
023406.jpg,99,137,1914.0,train
009962.jpg,237,328,1914.0,train
141838.jpg,153,212,1914.0,train
012375.jpg,75,104,1914.0,train
137810.jpg,185,256,1914.0,train
146273.jpg,112,155,7244.0,train
094049.jpg,135,187,7244.0,train
044563.jpg,192,266,7244.0,train
126002.jpg,133,184,7244.0,train
017467.jpg,442,612,7244.0,train
018244.jpg,205,284,7244.0,train
124843.jpg,328,454,7244.0,train
005412.jpg,250,346,7244.0,train
145917.jpg,78,108,7244.0,train
048839.jpg,307,425,7244.0,train
057691.jpg,143,198,7244.0,train
038990.jpg,268,371,7244.0,train
095035.jpg,86,119,7244.0,train
006805.jpg,112,155,7244.0,train
015145.jpg,117,162,7244.0,train
015190.jpg,174,241,7244.0,train
007641.jpg,702,972,7244.0,train
142448.jpg,130,180,7244.0,train
008689.jpg,133,184,7244.0,train
139997.jpg,138,191,7244.0,train
150965.jpg,166,230,4691.0,train
089843.jpg,182,252,4691.0,train
060180.jpg,260,360,4691.0,train
130300.jpg,546,756,4691.0,train
049116.jpg,309,428,4691.0,train
052479.jpg,281,389,4691.0,train
119433.jpg,164,227,4691.0,train
003615.jpg,200,277,4691.0,train
149197.jpg,221,306,4691.0,train
063359.jpg,138,191,4691.0,train
074647.jpg,114,158,4691.0,train
055258.jpg,242,335,4691.0,train
094977.jpg,491,680,4691.0,train
011169.jpg,211,292,4691.0,train
033232.jpg,174,241,4691.0,train
038745.jpg,205,284,4691.0,train
020873.jpg,252,349,4691.0,train
145273.jpg,628,819,4691.0,train
031392.jpg,107,148,4691.0,train
135554.jpg,224,310,4691.0,train
140216.jpg,314,493,3542.0,train
075285.jpg,221,306,3542.0,train
051751.jpg,307,425,3542.0,train
111205.jpg,177,245,3542.0,train
039192.jpg,112,155,3542.0,train
039396.jpg,86,119,3542.0,train
107182.jpg,133,184,3542.0,train
001582.jpg,273,378,3542.0,train
138050.jpg,159,220,3542.0,train
052438.jpg,198,274,3542.0,train
069767.jpg,242,335,3542.0,train
045822.jpg,749,1037,3542.0,train
087143.jpg,112,155,3542.0,train
005587.jpg,140,194,3542.0,train
023430.jpg,283,392,3542.0,train
028514.jpg,99,137,3542.0,train
008947.jpg,234,324,3542.0,train
115503.jpg,289,400,3542.0,train
014774.jpg,96,133,3542.0,train
115148.jpg,166,230,3542.0,train
152924.jpg,224,310,7237.0,train
061970.jpg,250,346,7237.0,train
055244.jpg,632,875,7237.0,train
094827.jpg,328,454,7237.0,train
027718.jpg,166,230,7237.0,train
046701.jpg,247,342,7237.0,train
094184.jpg,520,720,7237.0,train
003276.jpg,161,223,7237.0,train
137294.jpg,265,367,7237.0,train
056202.jpg,536,742,7237.0,train
061492.jpg,122,169,7237.0,train
048642.jpg,146,202,7237.0,train
064850.jpg,224,310,7237.0,train
004584.jpg,551,763,7237.0,train
012556.jpg,411,569,7237.0,train
014695.jpg,133,184,7237.0,train
004732.jpg,213,295,7237.0,train
098632.jpg,91,126,7237.0,train
006782.jpg,138,191,7237.0,train
097622.jpg,400,554,7237.0,train
146479.jpg,156,216,1888.0,train
096472.jpg,159,220,1888.0,train
075435.jpg,250,346,1888.0,train
114249.jpg,268,371,1888.0,train
055495.jpg,164,227,1888.0,train
061458.jpg,367,508,1888.0,train
113410.jpg,174,241,1888.0,train
021085.jpg,86,119,1888.0,train
144968.jpg,148,205,1888.0,train
079887.jpg,151,209,1888.0,train
092743.jpg,75,104,1888.0,train
072632.jpg,135,187,1888.0,train
099703.jpg,99,137,1888.0,train
027421.jpg,104,144,1888.0,train
049442.jpg,192,266,1888.0,train
050626.jpg,182,252,1888.0,train
039872.jpg,159,220,1888.0,train
138550.jpg,88,122,1888.0,train
045783.jpg,208,288,1888.0,train
137933.jpg,151,209,1888.0,train
152598.jpg,114,158,4165.0,train
096192.jpg,252,349,4165.0,train
078417.jpg,195,270,4165.0,train
124232.jpg,205,284,4165.0,train
055310.jpg,179,248,4165.0,train
058071.jpg,247,342,4165.0,train
112211.jpg,406,562,4165.0,train
009963.jpg,270,374,4165.0,train
150456.jpg,218,302,4165.0,train
083076.jpg,658,911,4165.0,train
094124.jpg,156,216,4165.0,train
061270.jpg,226,313,4165.0,train
103760.jpg,200,277,4165.0,train
022082.jpg,302,418,4165.0,train
033934.jpg,190,263,4165.0,train
034607.jpg,195,270,4165.0,train
028449.jpg,382,529,4165.0,train
137913.jpg,749,1037,4165.0,train
030960.jpg,138,191,4165.0,train
124965.jpg,824,1141,4165.0,train
146755.jpg,75,104,8385.0,train
085760.jpg,125,173,8385.0,train
066788.jpg,190,263,8385.0,train
128962.jpg,83,115,8385.0,train
045549.jpg,94,130,8385.0,train
055725.jpg,159,220,8385.0,train
119801.jpg,99,137,8385.0,train
007390.jpg,101,140,8385.0,train
143524.jpg,91,126,8385.0,train
070718.jpg,52,72,8385.0,train
071233.jpg,146,202,8385.0,train
059094.jpg,65,90,8385.0,train
093834.jpg,252,331,8385.0,train
008530.jpg,135,187,8385.0,train
015490.jpg,107,148,8385.0,train
020488.jpg,294,407,8385.0,train
010779.jpg,211,272,8385.0,train
139877.jpg,146,202,8385.0,train
012640.jpg,159,220,8385.0,train
131667.jpg,125,173,8385.0,train
155071.jpg,146,202,6645.0,train
111634.jpg,91,126,6645.0,train
087245.jpg,135,187,6645.0,train
144899.jpg,127,176,6645.0,train
057722.jpg,159,220,6645.0,train
059485.jpg,159,220,6645.0,train
136993.jpg,83,115,6645.0,train
012953.jpg,159,220,6645.0,train
152960.jpg,99,137,6645.0,train
089762.jpg,185,256,6645.0,train
105098.jpg,130,180,6645.0,train
072202.jpg,179,248,6645.0,train
116029.jpg,164,227,6645.0,train
014829.jpg,125,173,6645.0,train
028040.jpg,205,284,6645.0,train
033392.jpg,200,277,6645.0,train
018074.jpg,127,176,6645.0,train
146891.jpg,96,133,6645.0,train
022847.jpg,296,410,6645.0,train
146385.jpg,81,112,6645.0,train
144726.jpg,107,148,7968.0,train
077418.jpg,148,205,7968.0,train
054901.jpg,153,212,7968.0,train
098949.jpg,455,630,7968.0,train
047864.jpg,133,184,7968.0,train
048893.jpg,161,223,7968.0,train
092435.jpg,289,400,7968.0,train
009342.jpg,221,306,7968.0,train
137718.jpg,330,457,7968.0,train
058588.jpg,192,266,7968.0,train
070762.jpg,322,446,7968.0,train
053524.jpg,179,248,7968.0,train
082393.jpg,218,302,7968.0,train
011424.jpg,135,187,7968.0,train
018042.jpg,432,598,7968.0,train
020427.jpg,294,407,7968.0,train
012511.jpg,377,522,7968.0,train
107423.jpg,216,299,7968.0,train
016614.jpg,179,248,7968.0,train
100032.jpg,333,461,7968.0,train
155892.jpg,78,108,2945.0,train
093218.jpg,190,263,2945.0,train
065273.jpg,356,493,2945.0,train
136790.jpg,172,238,2945.0,train
039952.jpg,148,205,2945.0,train
040457.jpg,143,198,2945.0,train
133596.jpg,179,248,2945.0,train
008751.jpg,94,130,2945.0,train
146670.jpg,244,338,2945.0,train
073757.jpg,172,238,2945.0,train
086883.jpg,286,396,2945.0,train
062468.jpg,213,295,2945.0,train
102141.jpg,234,324,2945.0,train
011195.jpg,94,130,2945.0,train
016034.jpg,138,191,2945.0,train
018555.jpg,81,112,2945.0,train
012849.jpg,159,220,2945.0,train
142883.jpg,153,212,2945.0,train
012934.jpg,156,216,2945.0,train
138027.jpg,198,274,2945.0,train
157332.jpg,122,169,7963.0,train
089768.jpg,96,133,7963.0,train
084907.jpg,205,284,7963.0,train
124456.jpg,203,281,7963.0,train
052892.jpg,195,270,7963.0,train
057501.jpg,122,169,7963.0,train
120483.jpg,125,173,7963.0,train
002406.jpg,117,162,7963.0,train
150038.jpg,166,230,7963.0,train
085380.jpg,198,274,7963.0,train
087974.jpg,159,220,7963.0,train
084438.jpg,146,202,7963.0,train
096709.jpg,146,202,7963.0,train
012417.jpg,140,194,7963.0,train
029227.jpg,211,292,7963.0,train
037231.jpg,68,94,7963.0,train
012708.jpg,70,97,7963.0,train
146114.jpg,166,230,7963.0,train
026565.jpg,242,335,7963.0,train
141655.jpg,78,108,7963.0,train
142601.jpg,299,414,2937.0,train
063616.jpg,179,248,2937.0,train
058400.jpg,307,425,2937.0,train
114336.jpg,242,335,2937.0,train
048360.jpg,185,256,2937.0,train
055891.jpg,666,922,2937.0,train
108661.jpg,325,450,2937.0,train
000002.jpg,221,306,2937.0,train
125140.jpg,213,295,2937.0,train
059638.jpg,767,1062,2937.0,train
063242.jpg,478,662,2937.0,train
058209.jpg,767,1062,2937.0,train
066809.jpg,250,346,2937.0,train
011437.jpg,299,414,2937.0,train
024291.jpg,125,173,2937.0,train
037082.jpg,133,184,2937.0,train
016335.jpg,429,594,2937.0,train
117710.jpg,169,234,2937.0,train
017121.jpg,91,126,2937.0,train
114625.jpg,130,180,2937.0,train
155555.jpg,172,238,6860.0,train
088742.jpg,484,670,6860.0,train
073811.jpg,182,252,6860.0,train
129369.jpg,320,443,6860.0,train
054833.jpg,208,288,6860.0,train
057036.jpg,208,288,6860.0,train
116807.jpg,281,389,6860.0,train
003156.jpg,148,205,6860.0,train
149449.jpg,114,158,6860.0,train
077952.jpg,250,346,6860.0,train
082193.jpg,179,248,6860.0,train
069388.jpg,172,238,6860.0,train
097113.jpg,101,140,6860.0,train
007240.jpg,203,281,6860.0,train
017458.jpg,437,605,6860.0,train
032925.jpg,109,151,6860.0,train
009210.jpg,562,778,6860.0,train
142453.jpg,562,778,6860.0,train
009339.jpg,120,166,6860.0,train
131213.jpg,255,353,6860.0,train
155869.jpg,450,623,6858.0,train
099681.jpg,187,259,6858.0,train
062863.jpg,164,227,6858.0,train
126175.jpg,260,360,6858.0,train
043722.jpg,497,688,6858.0,train
049086.jpg,419,580,6858.0,train
123845.jpg,1014,1404,6858.0,train
000420.jpg,146,202,6858.0,train
151194.jpg,195,270,6858.0,train
077631.jpg,484,670,6858.0,train
090790.jpg,499,691,6858.0,train
054624.jpg,179,248,6858.0,train
102521.jpg,650,900,6858.0,train
005120.jpg,650,900,6858.0,train
016825.jpg,322,446,6858.0,train
028731.jpg,351,486,6858.0,train
008394.jpg,200,277,6858.0,train
136059.jpg,250,346,6858.0,train
011091.jpg,198,274,6858.0,train
135243.jpg,127,176,6858.0,train
144413.jpg,437,605,2522.0,train
110946.jpg,177,245,2522.0,train
101870.jpg,179,248,2522.0,train
124979.jpg,577,799,2522.0,train
080864.jpg,221,306,2522.0,train
087616.jpg,218,302,2522.0,train
123409.jpg,135,187,2522.0,train
000135.jpg,356,493,2522.0,train
143120.jpg,406,562,2522.0,train
103484.jpg,182,252,2522.0,train
105154.jpg,208,288,2522.0,train
098463.jpg,286,396,2522.0,train
111564.jpg,255,353,2522.0,train
000294.jpg,374,518,2522.0,train
043961.jpg,226,313,2522.0,train
061121.jpg,221,306,2522.0,train
007536.jpg,1264,1750,2522.0,train
141456.jpg,117,162,2522.0,train
038995.jpg,413,572,2522.0,train
140628.jpg,213,295,2522.0,train
147193.jpg,172,238,2952.0,train
098425.jpg,218,302,2952.0,train
084612.jpg,96,133,2952.0,train
129753.jpg,94,130,2952.0,train
043356.jpg,226,313,2952.0,train
047135.jpg,164,227,2952.0,train
128630.jpg,146,202,2952.0,train
003903.jpg,112,155,2952.0,train
146789.jpg,153,212,2952.0,train
085345.jpg,218,302,2952.0,train
097967.jpg,117,162,2952.0,train
076456.jpg,135,187,2952.0,train
099296.jpg,172,238,2952.0,train
013480.jpg,161,223,2952.0,train
019886.jpg,130,180,2952.0,train
020745.jpg,65,90,2952.0,train
017244.jpg,127,176,2952.0,train
131353.jpg,382,529,2952.0,train
017576.jpg,99,137,2952.0,train
130576.jpg,185,256,2952.0,train
152211.jpg,231,320,4087.0,train
098384.jpg,229,317,4087.0,train
055896.jpg,315,436,4087.0,train
116757.jpg,135,187,4087.0,train
037262.jpg,177,245,4087.0,train
047496.jpg,205,284,4087.0,train
109477.jpg,208,288,4087.0,train
008814.jpg,598,828,4087.0,train
147732.jpg,356,493,4087.0,train
069342.jpg,302,418,4087.0,train
096356.jpg,234,324,4087.0,train
051704.jpg,229,317,4087.0,train
100172.jpg,263,364,4087.0,train
013087.jpg,221,306,4087.0,train
023085.jpg,276,382,4087.0,train
024204.jpg,237,328,4087.0,train
016232.jpg,647,896,4087.0,train
133891.jpg,177,245,4087.0,train
016330.jpg,96,133,4087.0,train
133489.jpg,86,119,4087.0,train
154438.jpg,588,814,6811.0,train
098872.jpg,156,216,6811.0,train
069825.jpg,156,216,6811.0,train
113968.jpg,127,176,6811.0,train
046472.jpg,296,410,6811.0,train
047145.jpg,146,202,6811.0,train
110530.jpg,78,108,6811.0,train
008088.jpg,112,155,6811.0,train
125184.jpg,224,310,6811.0,train
071941.jpg,182,252,6811.0,train
098594.jpg,135,187,6811.0,train
066705.jpg,114,158,6811.0,train
105727.jpg,159,220,6811.0,train
015135.jpg,114,158,6811.0,train
026680.jpg,122,169,6811.0,train
030122.jpg,712,986,6811.0,train
017927.jpg,1141,1518,6811.0,train
118795.jpg,270,374,6811.0,train
025724.jpg,109,151,6811.0,train
116939.jpg,143,198,6811.0,train
155632.jpg,112,155,7532.0,train
117607.jpg,120,166,7532.0,train
077688.jpg,138,191,7532.0,train
133069.jpg,138,191,7532.0,train
036981.jpg,208,288,7532.0,train
052161.jpg,182,252,7532.0,train
129586.jpg,229,317,7532.0,train
008846.jpg,146,202,7532.0,train
152002.jpg,140,194,7532.0,train
100177.jpg,169,234,7532.0,train
107192.jpg,117,162,7532.0,train
064872.jpg,153,212,7532.0,train
117817.jpg,302,418,7532.0,train
012401.jpg,114,158,7532.0,train
025617.jpg,130,180,7532.0,train
031056.jpg,203,281,7532.0,train
017941.jpg,182,252,7532.0,train
141965.jpg,250,346,7532.0,train
022602.jpg,94,130,7532.0,train
139836.jpg,135,187,7532.0,train
161430.jpg,346,479,2529.0,train
102487.jpg,122,169,2529.0,train
076289.jpg,338,468,2529.0,train
126650.jpg,187,259,2529.0,train
058506.jpg,234,324,2529.0,train
061882.jpg,601,832,2529.0,train
117983.jpg,169,234,2529.0,train
005105.jpg,166,230,2529.0,train
155003.jpg,195,270,2529.0,train
082347.jpg,125,173,2529.0,train
084521.jpg,140,194,2529.0,train
072841.jpg,348,482,2529.0,train
105220.jpg,263,364,2529.0,train
007259.jpg,161,223,2529.0,train
036524.jpg,187,259,2529.0,train
044821.jpg,231,320,2529.0,train
014935.jpg,104,144,2529.0,train
140473.jpg,231,320,2529.0,train
033571.jpg,161,223,2529.0,train
135884.jpg,205,284,2529.0,train
145763.jpg,208,288,7928.0,train
086445.jpg,182,252,7928.0,train
073878.jpg,190,263,7928.0,train
113081.jpg,1183,1638,7928.0,train
053871.jpg,268,371,7928.0,train
059795.jpg,325,450,7928.0,train
113010.jpg,265,367,7928.0,train
006538.jpg,114,158,7928.0,train
144812.jpg,203,281,7928.0,train
075985.jpg,218,302,7928.0,train
079469.jpg,127,176,7928.0,train
065233.jpg,229,317,7928.0,train
090554.jpg,211,292,7928.0,train
013240.jpg,177,245,7928.0,train
023500.jpg,221,306,7928.0,train
033125.jpg,153,212,7928.0,train
016282.jpg,265,367,7928.0,train
134933.jpg,281,389,7928.0,train
022809.jpg,897,1242,7928.0,train
131071.jpg,317,439,7928.0,train
155868.jpg,200,277,2897.0,train
123089.jpg,364,504,2897.0,train
106066.jpg,283,392,2897.0,train
144985.jpg,341,472,2897.0,train
088814.jpg,86,119,2897.0,train
097885.jpg,567,785,2897.0,train
134597.jpg,270,374,2897.0,train
000580.jpg,265,367,2897.0,train
154744.jpg,156,216,2897.0,train
108929.jpg,224,310,2897.0,train
114057.jpg,299,414,2897.0,train
103202.jpg,634,878,2897.0,train
124958.jpg,624,864,2897.0,train
003331.jpg,499,691,2897.0,train
049655.jpg,312,432,2897.0,train
054200.jpg,161,223,2897.0,train
006878.jpg,385,533,2897.0,train
153758.jpg,153,212,2897.0,train
009387.jpg,393,544,2897.0,train
151845.jpg,229,317,2897.0,train
148378.jpg,200,277,2463.0,train
093061.jpg,312,432,2463.0,train
077381.jpg,164,227,2463.0,train
112374.jpg,289,400,2463.0,train
042373.jpg,351,486,2463.0,train
044179.jpg,413,572,2463.0,train
111768.jpg,395,547,2463.0,train
000168.jpg,634,878,2463.0,train
139839.jpg,1058,1465,2463.0,train
079106.jpg,590,817,2463.0,train
083663.jpg,673,932,2463.0,train
072976.jpg,263,364,2463.0,train
093332.jpg,322,446,2463.0,train
008210.jpg,208,288,2463.0,train
027238.jpg,614,850,2463.0,train
027731.jpg,278,385,2463.0,train
022177.jpg,302,418,2463.0,train
124059.jpg,239,331,2463.0,train
025543.jpg,218,302,2463.0,train
122398.jpg,814,1127,2463.0,train
154091.jpg,894,1238,2443.0,train
089846.jpg,231,320,2443.0,train
068959.jpg,551,763,2443.0,train
114461.jpg,107,148,2443.0,train
039817.jpg,590,817,2443.0,train
043456.jpg,208,288,2443.0,train
113466.jpg,785,1087,2443.0,train
001958.jpg,338,468,2443.0,train
153106.jpg,143,198,2443.0,train
074075.jpg,255,353,2443.0,train
087746.jpg,1560,2160,2443.0,train
067645.jpg,970,1343,2443.0,train
091734.jpg,884,1224,2443.0,train
002019.jpg,530,734,2443.0,train
014705.jpg,434,601,2443.0,train
028497.jpg,764,1058,2443.0,train
006971.jpg,182,252,2443.0,train
130345.jpg,322,446,2443.0,train
010037.jpg,1212,1678,2443.0,train
119391.jpg,81,112,2443.0,train
161192.jpg,218,302,7317.0,train
118770.jpg,252,349,7317.0,train
105021.jpg,140,194,7317.0,train
146396.jpg,320,443,7317.0,train
073960.jpg,169,234,7317.0,train
083578.jpg,309,428,7317.0,train
144941.jpg,263,364,7317.0,train
005179.jpg,210,180,7317.0,train
158597.jpg,185,256,7317.0,train
107984.jpg,239,331,7317.0,train
118407.jpg,125,173,7317.0,train
085231.jpg,166,230,7317.0,train
119059.jpg,153,212,7317.0,train
010705.jpg,156,216,7317.0,train
044217.jpg,164,227,7317.0,train
049528.jpg,387,536,7317.0,train
029843.jpg,182,252,7317.0,train
147434.jpg,1011,1346,7317.0,train
030694.jpg,161,223,7317.0,train
147279.jpg,107,148,7317.0,train
158222.jpg,289,400,4418.0,train
101139.jpg,101,140,4418.0,train
077242.jpg,143,198,4418.0,train
108187.jpg,216,299,4418.0,train
047311.jpg,265,367,4418.0,train
054761.jpg,114,158,4418.0,train
107378.jpg,255,353,4418.0,train
010668.jpg,143,198,4418.0,train
154450.jpg,78,108,4418.0,train
081718.jpg,153,212,4418.0,train
089808.jpg,211,292,4418.0,train
058052.jpg,120,166,4418.0,train
102522.jpg,143,198,4418.0,train
014156.jpg,385,533,4418.0,train
031661.jpg,276,382,4418.0,train
031907.jpg,107,148,4418.0,train
017858.jpg,289,400,4418.0,train
138087.jpg,216,299,4418.0,train
031138.jpg,159,220,4418.0,train
126282.jpg,112,155,4418.0,train
156144.jpg,117,162,8072.0,train
093745.jpg,135,187,8072.0,train
070727.jpg,153,212,8072.0,train
150748.jpg,333,439,8072.0,train
023162.jpg,143,198,8072.0,train
025884.jpg,55,76,8072.0,train
128606.jpg,192,266,8072.0,train
004014.jpg,393,544,8072.0,train
154784.jpg,112,155,8072.0,train
072496.jpg,182,252,8072.0,train
085689.jpg,283,392,8072.0,train
069988.jpg,177,245,8072.0,train
116368.jpg,156,216,8072.0,train
012911.jpg,86,119,8072.0,train
019009.jpg,512,590,8072.0,train
020479.jpg,109,151,8072.0,train
015196.jpg,127,176,8072.0,train
153851.jpg,133,170,8072.0,train
017989.jpg,81,112,8072.0,train
152477.jpg,107,148,8072.0,train
156349.jpg,582,806,4431.0,train
088149.jpg,218,302,4431.0,train
074717.jpg,83,115,4431.0,train
121714.jpg,185,256,4431.0,train
043558.jpg,179,248,4431.0,train
050352.jpg,203,281,4431.0,train
111836.jpg,198,274,4431.0,train
005848.jpg,276,382,4431.0,train
151348.jpg,268,371,4431.0,train
079539.jpg,195,270,4431.0,train
083983.jpg,510,706,4431.0,train
071959.jpg,224,310,4431.0,train
088630.jpg,169,234,4431.0,train
012172.jpg,107,148,4431.0,train
019524.jpg,213,295,4431.0,train
028684.jpg,203,281,4431.0,train
015408.jpg,99,137,4431.0,train
143508.jpg,325,450,4431.0,train
017433.jpg,174,241,4431.0,train
130339.jpg,658,911,4431.0,train
149171.jpg,588,814,2972.0,train
092876.jpg,1061,1469,2972.0,train
067742.jpg,998,1382,2972.0,train
126243.jpg,99,137,2972.0,train
043423.jpg,601,832,2972.0,train
060587.jpg,60,83,2972.0,train
125505.jpg,138,191,2972.0,train
005809.jpg,224,300,2972.0,train
138514.jpg,166,230,2972.0,train
070630.jpg,169,234,2972.0,train
089859.jpg,231,320,2972.0,train
067441.jpg,842,1166,2972.0,train
094309.jpg,179,248,2972.0,train
006604.jpg,926,1282,2972.0,train
022498.jpg,320,443,2972.0,train
025352.jpg,148,205,2972.0,train
012508.jpg,307,425,2972.0,train
128902.jpg,138,191,2972.0,train
016439.jpg,195,270,2972.0,train
128628.jpg,281,389,2972.0,train
159284.jpg,81,112,8028.0,train
078812.jpg,320,443,8028.0,train
030679.jpg,151,209,8028.0,train
115707.jpg,244,338,8028.0,train
022461.jpg,270,374,8028.0,train
029479.jpg,211,292,8028.0,train
101900.jpg,315,436,8028.0,train
006840.jpg,247,342,8028.0,train
157852.jpg,684,947,8028.0,train
041993.jpg,192,266,8028.0,train
062916.jpg,276,382,8028.0,train
029878.jpg,278,385,8028.0,train
080646.jpg,122,169,8028.0,train
010977.jpg,208,288,8028.0,train
016895.jpg,281,389,8028.0,train
018571.jpg,172,238,8028.0,train
012192.jpg,354,490,8028.0,train
134439.jpg,65,90,8028.0,train
012340.jpg,112,155,8028.0,train
131142.jpg,647,896,8028.0,train
155021.jpg,146,202,4424.0,train
105547.jpg,151,209,4424.0,train
079068.jpg,114,158,4424.0,train
145690.jpg,104,144,4424.0,train
046993.jpg,60,83,4424.0,train
049828.jpg,138,191,4424.0,train
144298.jpg,255,353,4424.0,train
001010.jpg,133,184,4424.0,train
152063.jpg,78,108,4424.0,train
083764.jpg,112,155,4424.0,train
103524.jpg,218,302,4424.0,train
064918.jpg,125,173,4424.0,train
115709.jpg,99,137,4424.0,train
004178.jpg,239,306,4424.0,train
014859.jpg,192,266,4424.0,train
015083.jpg,213,295,4424.0,train
006035.jpg,140,194,4424.0,train
147954.jpg,294,407,4424.0,train
006304.jpg,88,122,4424.0,train
146097.jpg,192,266,4424.0,train
143916.jpg,122,169,4419.0,train
098685.jpg,164,227,4419.0,train
096691.jpg,343,475,4419.0,train
134848.jpg,182,252,4419.0,train
069128.jpg,187,259,4419.0,train
070014.jpg,273,378,4419.0,train
131676.jpg,109,151,4419.0,train
005880.jpg,159,220,4419.0,train
142469.jpg,177,245,4419.0,train
097098.jpg,156,216,4419.0,train
098043.jpg,135,187,4419.0,train
087878.jpg,143,198,4419.0,train
104806.jpg,153,212,4419.0,train
016850.jpg,239,331,4419.0,train
057549.jpg,164,227,4419.0,train
062946.jpg,164,227,4419.0,train
037251.jpg,138,191,4419.0,train
139649.jpg,159,220,4419.0,train
052064.jpg,185,256,4419.0,train
134871.jpg,174,241,4419.0,train
158177.jpg,127,176,2416.0,train
103595.jpg,148,205,2416.0,train
087870.jpg,83,115,2416.0,train
125229.jpg,156,216,2416.0,train
054752.jpg,112,155,2416.0,train
058436.jpg,187,259,2416.0,train
124152.jpg,790,1094,2416.0,train
012513.jpg,143,198,2416.0,train
157564.jpg,70,97,2416.0,train
089020.jpg,190,263,2416.0,train
097719.jpg,107,148,2416.0,train
083005.jpg,200,277,2416.0,train
107322.jpg,146,202,2416.0,train
028251.jpg,120,166,2416.0,train
042821.jpg,216,299,2416.0,train
044036.jpg,161,223,2416.0,train
034078.jpg,114,158,2416.0,train
144695.jpg,195,270,2416.0,train
038982.jpg,192,266,2416.0,train
127667.jpg,200,277,2416.0,train
146986.jpg,153,212,7502.0,train
118872.jpg,138,191,7502.0,train
077337.jpg,200,277,7502.0,train
136421.jpg,96,133,7502.0,train
056860.jpg,83,115,7502.0,train
056905.jpg,164,227,7502.0,train
134121.jpg,83,115,7502.0,train
013323.jpg,190,263,7502.0,train
146877.jpg,83,115,7502.0,train
077364.jpg,148,205,7502.0,train
116958.jpg,442,612,7502.0,train
068444.jpg,68,94,7502.0,train
121373.jpg,122,169,7502.0,train
013677.jpg,107,148,7502.0,train
026074.jpg,99,137,7502.0,train
026284.jpg,169,234,7502.0,train
015427.jpg,400,554,7502.0,train
144373.jpg,281,389,7502.0,train
018182.jpg,185,256,7502.0,train
139707.jpg,117,162,7502.0,train
148329.jpg,138,191,2419.0,train
098331.jpg,96,133,2419.0,train
077451.jpg,283,392,2419.0,train
123599.jpg,1058,1465,2419.0,train
059054.jpg,177,245,2419.0,train
070971.jpg,221,306,2419.0,train
121250.jpg,138,191,2419.0,train
009118.jpg,221,306,2419.0,train
146124.jpg,127,176,2419.0,train
084481.jpg,107,148,2419.0,train
095823.jpg,218,302,2419.0,train
075491.jpg,588,814,2419.0,train
098514.jpg,166,230,2419.0,train
010121.jpg,125,173,2419.0,train
034030.jpg,250,346,2419.0,train
041256.jpg,195,270,2419.0,train
027523.jpg,234,324,2419.0,train
133855.jpg,91,126,2419.0,train
028436.jpg,216,299,2419.0,train
128200.jpg,99,137,2419.0,train
162388.jpg,350,390,8011.0,train
091693.jpg,733,1152,8011.0,train
069187.jpg,242,335,8011.0,train
126418.jpg,426,590,8011.0,train
035540.jpg,424,587,8011.0,train
041425.jpg,138,191,8011.0,train
123676.jpg,567,785,8011.0,train
005902.jpg,333,461,8011.0,train
154668.jpg,125,173,8011.0,train
069769.jpg,182,252,8011.0,train
087124.jpg,333,461,8011.0,train
066378.jpg,374,518,8011.0,train
094336.jpg,489,677,8011.0,train
008230.jpg,426,590,8011.0,train
022051.jpg,109,151,8011.0,train
026971.jpg,192,266,8011.0,train
017970.jpg,127,176,8011.0,train
145471.jpg,156,216,8011.0,train
021204.jpg,179,248,8011.0,train
136584.jpg,203,281,8011.0,train
150341.jpg,174,241,6894.0,train
099240.jpg,192,266,6894.0,train
075237.jpg,148,205,6894.0,train
129005.jpg,159,220,6894.0,train
058450.jpg,268,371,6894.0,train
059184.jpg,166,230,6894.0,train
125983.jpg,198,274,6894.0,train
005681.jpg,112,155,6894.0,train
148599.jpg,273,378,6894.0,train
079654.jpg,218,302,6894.0,train
095640.jpg,104,144,6894.0,train
069452.jpg,296,410,6894.0,train
102545.jpg,133,184,6894.0,train
015169.jpg,268,371,6894.0,train
029244.jpg,707,979,6894.0,train
035338.jpg,242,335,6894.0,train
027669.jpg,112,155,6894.0,train
135911.jpg,179,248,6894.0,train
029213.jpg,293,436,6894.0,train
134782.jpg,164,227,6894.0,train
155159.jpg,601,832,8009.0,train
092389.jpg,213,295,8009.0,train
083662.jpg,224,310,8009.0,train
122545.jpg,257,356,8009.0,train
067704.jpg,541,749,8009.0,train
072182.jpg,125,173,8009.0,train
122378.jpg,406,562,8009.0,train
011914.jpg,367,508,8009.0,train
149982.jpg,754,1044,8009.0,train
086380.jpg,411,569,8009.0,train
089369.jpg,702,972,8009.0,train
079510.jpg,367,508,8009.0,train
101586.jpg,520,720,8009.0,train
024100.jpg,499,691,8009.0,train
044590.jpg,192,266,8009.0,train
045971.jpg,372,515,8009.0,train
028252.jpg,198,274,8009.0,train
139745.jpg,546,756,8009.0,train
039838.jpg,190,263,8009.0,train
132124.jpg,588,814,8009.0,train
125181.jpg,117,162,2956.0,train
056786.jpg,213,295,2956.0,train
046492.jpg,198,274,2956.0,train
078932.jpg,174,241,2956.0,train
033597.jpg,185,256,2956.0,train
035693.jpg,91,126,2956.0,train
071157.jpg,832,1152,2956.0,train
009631.jpg,1329,1840,2956.0,train
123976.jpg,192,266,2956.0,train
048147.jpg,268,371,2956.0,train
056640.jpg,265,367,2956.0,train
040340.jpg,270,374,2956.0,train
062710.jpg,159,220,2956.0,train
014126.jpg,465,644,2956.0,train
020792.jpg,237,328,2956.0,train
027083.jpg,237,328,2956.0,train
019545.jpg,122,169,2956.0,train
093833.jpg,179,248,2956.0,train
020144.jpg,941,1078,2956.0,train
093454.jpg,320,443,2956.0,train
156164.jpg,213,295,6624.0,train
102819.jpg,276,382,6624.0,train
067289.jpg,421,583,6624.0,train
131064.jpg,187,259,6624.0,train
048696.jpg,211,292,6624.0,train
050958.jpg,187,259,6624.0,train
128385.jpg,281,392,6624.0,train
001434.jpg,325,450,6624.0,train
153505.jpg,1690,2340,6624.0,train
072105.jpg,250,346,6624.0,train
096309.jpg,577,799,6624.0,train
064699.jpg,377,522,6624.0,train
115547.jpg,177,245,6624.0,train
001834.jpg,255,353,6624.0,train
017827.jpg,250,346,6624.0,train
024258.jpg,226,313,6624.0,train
007159.jpg,432,598,6624.0,train
142282.jpg,250,346,6624.0,train
007454.jpg,294,407,6624.0,train
139764.jpg,242,335,6624.0,train
154910.jpg,120,166,6673.0,train
096783.jpg,421,583,6673.0,train
079886.jpg,250,346,6673.0,train
134686.jpg,218,302,6673.0,train
055411.jpg,107,148,6673.0,train
058961.jpg,200,277,6673.0,train
130303.jpg,216,299,6673.0,train
007858.jpg,161,223,6673.0,train
153548.jpg,499,691,6673.0,train
084380.jpg,247,342,6673.0,train
088450.jpg,244,338,6673.0,train
074649.jpg,257,356,6673.0,train
116283.jpg,127,176,6673.0,train
013658.jpg,268,371,6673.0,train
023547.jpg,341,472,6673.0,train
036945.jpg,341,472,6673.0,train
018673.jpg,309,428,6673.0,train
143531.jpg,224,310,6673.0,train
021491.jpg,270,374,6673.0,train
138262.jpg,523,724,6673.0,train
159583.jpg,234,324,2570.0,train
103455.jpg,187,259,2570.0,train
089105.jpg,842,1166,2570.0,train
131798.jpg,138,191,2570.0,train
059630.jpg,130,180,2570.0,train
062819.jpg,273,378,2570.0,train
131787.jpg,88,122,2570.0,train
021455.jpg,413,572,2570.0,train
151356.jpg,88,122,2570.0,train
091678.jpg,153,212,2570.0,train
099050.jpg,130,159,2570.0,train
078474.jpg,278,385,2570.0,train
116540.jpg,60,83,2570.0,train
031330.jpg,406,562,2570.0,train
048925.jpg,88,122,2570.0,train
055641.jpg,101,140,2570.0,train
035515.jpg,164,227,2570.0,train
138192.jpg,120,166,2570.0,train
036724.jpg,112,155,2570.0,train
131965.jpg,237,328,2570.0,train
139106.jpg,234,324,2880.0,train
068154.jpg,533,738,2880.0,train
053311.jpg,185,256,2880.0,train
108341.jpg,192,266,2880.0,train
049142.jpg,874,1210,2880.0,train
052385.jpg,166,230,2880.0,train
103728.jpg,224,310,2880.0,train
000404.jpg,99,137,2880.0,train
134007.jpg,497,688,2880.0,train
055834.jpg,140,194,2880.0,train
061431.jpg,164,227,2880.0,train
053184.jpg,109,151,2880.0,train
084705.jpg,276,382,2880.0,train
003415.jpg,112,155,2880.0,train
025244.jpg,166,230,2880.0,train
027771.jpg,200,277,2880.0,train
004390.jpg,138,191,2880.0,train
122439.jpg,234,324,2880.0,train
018062.jpg,153,212,2880.0,train
110376.jpg,455,630,2880.0,train
155711.jpg,562,778,2837.0,train
085800.jpg,177,245,2837.0,train
076873.jpg,1001,1386,2837.0,train
126491.jpg,208,288,2837.0,train
056950.jpg,133,184,2837.0,train
063252.jpg,86,119,2837.0,train
112567.jpg,130,180,2837.0,train
006724.jpg,231,320,2837.0,train
155123.jpg,604,857,2837.0,train
077632.jpg,333,461,2837.0,train
083439.jpg,81,112,2837.0,train
073320.jpg,309,428,2837.0,train
085853.jpg,117,162,2837.0,train
009398.jpg,343,475,2837.0,train
030437.jpg,343,475,2837.0,train
042468.jpg,99,137,2837.0,train
012384.jpg,260,360,2837.0,train
142390.jpg,104,144,2837.0,train
016817.jpg,174,241,2837.0,train
137311.jpg,328,454,2837.0,train
156518.jpg,138,191,4138.0,train
088944.jpg,234,324,4138.0,train
069761.jpg,65,90,4138.0,train
136541.jpg,273,378,4138.0,train
039379.jpg,159,220,4138.0,train
040977.jpg,257,356,4138.0,train
134775.jpg,122,169,4138.0,train
002165.jpg,291,402,4138.0,train
153655.jpg,177,245,4138.0,train
070552.jpg,138,191,4138.0,train
081411.jpg,411,569,4138.0,train
062572.jpg,143,198,4138.0,train
089179.jpg,146,202,4138.0,train
002353.jpg,156,216,4138.0,train
012337.jpg,192,266,4138.0,train
018578.jpg,169,234,4138.0,train
003118.jpg,159,220,4138.0,train
145978.jpg,273,378,4138.0,train
007905.jpg,86,119,4138.0,train
145402.jpg,164,227,4138.0,train
158393.jpg,195,270,2858.0,train
088123.jpg,536,742,2858.0,train
079010.jpg,473,655,2858.0,train
115673.jpg,195,270,2858.0,train
050955.jpg,330,457,2858.0,train
069296.jpg,226,313,2858.0,train
101160.jpg,764,1058,2858.0,train
007688.jpg,491,680,2858.0,train
140394.jpg,127,176,2858.0,train
080657.jpg,185,256,2858.0,train
087549.jpg,221,306,2858.0,train
078448.jpg,190,263,2858.0,train
090749.jpg,855,1175,2858.0,train
008990.jpg,489,677,2858.0,train
027745.jpg,320,443,2858.0,train
038228.jpg,406,562,2858.0,train
017028.jpg,426,590,2858.0,train
134205.jpg,1191,1649,2858.0,train
021511.jpg,413,572,2858.0,train
122727.jpg,569,788,2858.0,train
149356.jpg,156,216,6696.0,train
082227.jpg,205,284,6696.0,train
065513.jpg,166,230,6696.0,train
114113.jpg,135,187,6696.0,train
051787.jpg,127,176,6696.0,train
053668.jpg,257,356,6696.0,train
108663.jpg,88,122,6696.0,train
013215.jpg,257,356,6696.0,train
140222.jpg,187,259,6696.0,train
070127.jpg,122,169,6696.0,train
078187.jpg,125,173,6696.0,train
058212.jpg,380,526,6696.0,train
089865.jpg,341,472,6696.0,train
014955.jpg,122,169,6696.0,train
017508.jpg,169,234,6696.0,train
035057.jpg,140,194,6696.0,train
014994.jpg,143,198,6696.0,train
130429.jpg,179,248,6696.0,train
015746.jpg,130,180,6696.0,train
115816.jpg,317,439,6696.0,train
144843.jpg,151,209,2857.0,train
076882.jpg,192,266,2857.0,train
069869.jpg,341,472,2857.0,train
111798.jpg,224,310,2857.0,train
053215.jpg,341,472,2857.0,train
060987.jpg,156,216,2857.0,train
105920.jpg,250,346,2857.0,train
000504.jpg,187,259,2857.0,train
139929.jpg,294,407,2857.0,train
070140.jpg,237,328,2857.0,train
076833.jpg,205,284,2857.0,train
067449.jpg,296,410,2857.0,train
078402.jpg,148,205,2857.0,train
002086.jpg,322,446,2857.0,train
015823.jpg,190,263,2857.0,train
038884.jpg,216,299,2857.0,train
007095.jpg,159,220,2857.0,train
120734.jpg,465,644,2857.0,train
014777.jpg,146,202,2857.0,train
113058.jpg,322,446,2857.0,train
150754.jpg,114,158,4150.0,train
059202.jpg,205,284,4150.0,train
036023.jpg,429,594,4150.0,train
104557.jpg,237,328,4150.0,train
016762.jpg,179,248,4150.0,train
022303.jpg,224,310,4150.0,train
090560.jpg,187,259,4150.0,train
000372.jpg,146,202,4150.0,train
137424.jpg,156,216,4150.0,train
040925.jpg,780,1080,4150.0,train
053278.jpg,146,202,4150.0,train
028393.jpg,151,209,4150.0,train
065309.jpg,120,166,4150.0,train
001045.jpg,138,191,4150.0,train
005730.jpg,114,158,4150.0,train
008884.jpg,504,698,4150.0,train
004215.jpg,198,274,4150.0,train
128215.jpg,159,220,4150.0,train
005130.jpg,94,130,4150.0,train
113730.jpg,299,414,4150.0,train
155738.jpg,270,374,4220.0,train
095920.jpg,239,331,4220.0,train
066556.jpg,250,324,4220.0,train
128865.jpg,122,169,4220.0,train
047354.jpg,231,320,4220.0,train
049561.jpg,198,274,4220.0,train
123330.jpg,135,187,4220.0,train
007171.jpg,146,202,4220.0,train
140930.jpg,122,169,4220.0,train
068179.jpg,99,137,4220.0,train
082194.jpg,179,248,4220.0,train
061319.jpg,213,295,4220.0,train
101339.jpg,231,320,4220.0,train
018331.jpg,151,209,4220.0,train
025262.jpg,96,133,4220.0,train
028057.jpg,112,155,4220.0,train
018610.jpg,216,299,4220.0,train
132509.jpg,231,320,4220.0,train
020402.jpg,182,252,4220.0,train
131302.jpg,255,353,4220.0,train
151637.jpg,333,461,6719.0,train
083656.jpg,107,148,6719.0,train
067626.jpg,117,162,6719.0,train
117487.jpg,135,187,6719.0,train
049246.jpg,159,220,6719.0,train
056862.jpg,283,392,6719.0,train
113960.jpg,411,569,6719.0,train
004928.jpg,179,248,6719.0,train
147938.jpg,112,155,6719.0,train
069389.jpg,198,274,6719.0,train
081748.jpg,226,313,6719.0,train
060630.jpg,88,122,6719.0,train
086437.jpg,195,270,6719.0,train
010853.jpg,611,846,6719.0,train
021768.jpg,114,158,6719.0,train
035886.jpg,268,371,6719.0,train
011536.jpg,302,418,6719.0,train
123739.jpg,174,241,6719.0,train
021609.jpg,239,331,6719.0,train
122455.jpg,372,515,6719.0,train
151712.jpg,385,533,5775.0,train
092205.jpg,164,227,5775.0,train
057203.jpg,143,198,5775.0,train
111345.jpg,101,140,5775.0,train
048079.jpg,83,115,5775.0,train
051253.jpg,242,335,5775.0,train
108658.jpg,182,252,5775.0,train
001970.jpg,112,155,5775.0,train
147304.jpg,120,166,5775.0,train
057754.jpg,172,238,5775.0,train
074475.jpg,130,180,5775.0,train
055101.jpg,143,198,5775.0,train
095980.jpg,577,799,5775.0,train
016991.jpg,117,162,5775.0,train
031338.jpg,770,1066,5775.0,train
034254.jpg,356,493,5775.0,train
018227.jpg,161,223,5775.0,train
136991.jpg,130,180,5775.0,train
022561.jpg,624,864,5775.0,train
130745.jpg,68,94,5775.0,train
156267.jpg,380,526,7672.0,train
093821.jpg,213,295,7672.0,train
087732.jpg,166,230,7672.0,train
130275.jpg,112,155,7672.0,train
067758.jpg,68,94,7672.0,train
071388.jpg,302,418,7672.0,train
122649.jpg,127,176,7672.0,train
012321.jpg,218,302,7672.0,train
155808.jpg,268,371,7672.0,train
089255.jpg,265,367,7672.0,train
090905.jpg,294,407,7672.0,train
080060.jpg,273,378,7672.0,train
095268.jpg,200,277,7672.0,train
017796.jpg,489,677,7672.0,train
032188.jpg,169,234,7672.0,train
041597.jpg,978,1354,7672.0,train
029184.jpg,125,173,7672.0,train
144417.jpg,174,241,7672.0,train
032041.jpg,195,270,7672.0,train
143291.jpg,229,317,7672.0,train
155227.jpg,686,950,7630.0,train
111198.jpg,166,230,7630.0,train
082205.jpg,276,382,7630.0,train
127511.jpg,367,508,7630.0,train
057255.jpg,211,292,7630.0,train
063547.jpg,120,166,7630.0,train
125472.jpg,190,263,7630.0,train
006561.jpg,138,191,7630.0,train
154309.jpg,408,565,7630.0,train
096925.jpg,390,540,7630.0,train
100774.jpg,187,259,7630.0,train
080564.jpg,187,259,7630.0,train
112000.jpg,73,101,7630.0,train
017008.jpg,205,284,7630.0,train
030791.jpg,265,367,7630.0,train
037836.jpg,104,144,7630.0,train
024345.jpg,127,176,7630.0,train
137154.jpg,127,176,7630.0,train
024567.jpg,109,151,7630.0,train
133329.jpg,200,277,7630.0,train
157574.jpg,96,133,2821.0,train
090405.jpg,148,205,2821.0,train
065342.jpg,198,274,2821.0,train
118790.jpg,234,324,2821.0,train
051266.jpg,112,155,2821.0,train
052668.jpg,192,266,2821.0,train
116160.jpg,109,151,2821.0,train
008890.jpg,203,281,2821.0,train
155922.jpg,229,317,2821.0,train
066813.jpg,96,133,2821.0,train
089900.jpg,255,353,2821.0,train
062341.jpg,205,284,2821.0,train
094259.jpg,117,162,2821.0,train
010763.jpg,156,216,2821.0,train
028712.jpg,140,194,2821.0,train
039297.jpg,198,274,2821.0,train
017738.jpg,70,97,2821.0,train
119630.jpg,135,187,2821.0,train
019735.jpg,140,194,2821.0,train
118939.jpg,257,356,2821.0,train
145068.jpg,203,281,2792.0,train
091002.jpg,289,400,2792.0,train
080398.jpg,346,446,2792.0,train
127427.jpg,174,241,2792.0,train
055158.jpg,368,511,2792.0,train
066356.jpg,260,360,2792.0,train
105878.jpg,278,356,2792.0,train
002143.jpg,205,284,2792.0,train
143415.jpg,127,176,2792.0,train
084686.jpg,276,382,2792.0,train
085917.jpg,393,544,2792.0,train
071166.jpg,523,724,2792.0,train
095638.jpg,536,742,2792.0,train
010017.jpg,143,198,2792.0,train
038853.jpg,276,382,2792.0,train
043692.jpg,203,281,2792.0,train
023029.jpg,244,338,2792.0,train
139376.jpg,250,346,2792.0,train
028392.jpg,276,382,2792.0,train
137010.jpg,458,634,2792.0,train
159949.jpg,432,598,2805.0,train
088983.jpg,120,166,2805.0,train
060092.jpg,172,238,2805.0,train
126218.jpg,294,407,2805.0,train
043312.jpg,208,288,2805.0,train
046540.jpg,221,306,2805.0,train
114873.jpg,182,252,2805.0,train
007882.jpg,200,277,2805.0,train
147863.jpg,296,410,2805.0,train
066394.jpg,307,425,2805.0,train
084170.jpg,117,162,2805.0,train
053911.jpg,268,371,2805.0,train
095726.jpg,304,421,2805.0,train
009680.jpg,208,288,2805.0,train
019657.jpg,250,346,2805.0,train
024699.jpg,91,126,2805.0,train
011094.jpg,226,313,2805.0,train
139092.jpg,341,472,2805.0,train
019088.jpg,125,173,2805.0,train
135595.jpg,172,238,2805.0,train
154640.jpg,88,122,2808.0,train
098424.jpg,770,1066,2808.0,train
074036.jpg,281,389,2808.0,train
140430.jpg,367,508,2808.0,train
044123.jpg,78,108,2808.0,train
059248.jpg,114,158,2808.0,train
137045.jpg,146,202,2808.0,train
001009.jpg,229,317,2808.0,train
154027.jpg,133,184,2808.0,train
087521.jpg,192,266,2808.0,train
092234.jpg,148,205,2808.0,train
073732.jpg,174,241,2808.0,train
103578.jpg,226,313,2808.0,train
012539.jpg,107,148,2808.0,train
019727.jpg,244,338,2808.0,train
024391.jpg,133,184,2808.0,train
019050.jpg,918,1271,2808.0,train
150939.jpg,242,335,2808.0,train
019633.jpg,169,234,2808.0,train
146489.jpg,174,241,2808.0,train
155338.jpg,198,274,4257.0,train
109415.jpg,151,209,4257.0,train
085943.jpg,195,270,4257.0,train
137292.jpg,224,310,4257.0,train
068540.jpg,286,376,4257.0,train
073498.jpg,252,349,4257.0,train
126398.jpg,452,626,4257.0,train
003682.jpg,161,223,4257.0,train
153916.jpg,143,198,4257.0,train
088188.jpg,398,551,4257.0,train
099886.jpg,164,227,4257.0,train
080370.jpg,169,234,4257.0,train
109718.jpg,598,828,4257.0,train
026038.jpg,889,1231,4257.0,train
044726.jpg,187,259,4257.0,train
047254.jpg,338,468,4257.0,train
037120.jpg,182,252,4257.0,train
151287.jpg,159,220,4257.0,train
039513.jpg,1045,1447,4257.0,train
148076.jpg,146,202,4257.0,train
152391.jpg,374,518,4258.0,train
113066.jpg,265,367,4258.0,train
081076.jpg,377,522,4258.0,train
138882.jpg,164,227,4258.0,train
039355.jpg,211,292,4258.0,train
063589.jpg,174,241,4258.0,train
134554.jpg,179,248,4258.0,train
000179.jpg,1050,1454,4258.0,train
151947.jpg,156,216,4258.0,train
088439.jpg,216,299,4258.0,train
106129.jpg,273,378,4258.0,train
075392.jpg,133,184,4258.0,train
121292.jpg,164,227,4258.0,train
003409.jpg,101,140,4258.0,train
026515.jpg,364,504,4258.0,train
027412.jpg,65,90,4258.0,train
005151.jpg,450,623,4258.0,train
151802.jpg,99,137,4258.0,train
006478.jpg,260,360,4258.0,train
151611.jpg,283,392,4258.0,train
160957.jpg,234,324,2643.0,train
093903.jpg,104,144,2643.0,train
059874.jpg,187,259,2643.0,train
122087.jpg,107,148,2643.0,train
047961.jpg,101,140,2643.0,train
051213.jpg,117,162,2643.0,train
115777.jpg,120,166,2643.0,train
009613.jpg,398,551,2643.0,train
154092.jpg,159,220,2643.0,train
067766.jpg,94,130,2643.0,train
089805.jpg,96,133,2643.0,train
058223.jpg,255,353,2643.0,train
099940.jpg,133,184,2643.0,train
014193.jpg,507,702,2643.0,train
030936.jpg,172,238,2643.0,train
034110.jpg,177,245,2643.0,train
021076.jpg,114,158,2643.0,train
133603.jpg,346,479,2643.0,train
026535.jpg,190,263,2643.0,train
123126.jpg,172,238,2643.0,train
156780.jpg,127,176,4137.0,train
074774.jpg,463,641,4137.0,train
055554.jpg,120,166,4137.0,train
132922.jpg,83,115,4137.0,train
047153.jpg,112,155,4137.0,train
048823.jpg,122,169,4137.0,train
106423.jpg,120,166,4137.0,train
024406.jpg,640,886,4137.0,train
156321.jpg,88,122,4137.0,train
060196.jpg,125,173,4137.0,train
072128.jpg,101,140,4137.0,train
052159.jpg,494,684,4137.0,train
095977.jpg,377,522,4137.0,train
031259.jpg,356,493,4137.0,train
035238.jpg,99,137,4137.0,train
041854.jpg,135,187,4137.0,train
031720.jpg,198,274,4137.0,train
147687.jpg,198,274,4137.0,train
034899.jpg,390,540,4137.0,train
134748.jpg,146,202,4137.0,train
157728.jpg,94,130,7855.0,train
092249.jpg,229,317,7855.0,train
070749.jpg,81,112,7855.0,train
118406.jpg,104,144,7855.0,train
043671.jpg,86,119,7855.0,train
050138.jpg,78,108,7855.0,train
116236.jpg,312,432,7855.0,train
003116.jpg,146,202,7855.0,train
150363.jpg,88,122,7855.0,train
072237.jpg,109,151,7855.0,train
091140.jpg,179,248,7855.0,train
068142.jpg,86,119,7855.0,train
093126.jpg,55,76,7855.0,train
008074.jpg,372,515,7855.0,train
024946.jpg,211,292,7855.0,train
031283.jpg,182,252,7855.0,train
016979.jpg,60,83,7855.0,train
142951.jpg,101,140,7855.0,train
019817.jpg,83,115,7855.0,train
126965.jpg,68,94,7855.0,train
152945.jpg,276,382,2611.0,train
099492.jpg,299,414,2611.0,train
088020.jpg,273,378,2611.0,train
134694.jpg,273,378,2611.0,train
055670.jpg,270,374,2611.0,train
074342.jpg,91,126,2611.0,train
132572.jpg,182,252,2611.0,train
008860.jpg,138,191,2611.0,train
152495.jpg,185,256,2611.0,train
091959.jpg,250,346,2611.0,train
092923.jpg,174,241,2611.0,train
085569.jpg,244,338,2611.0,train
111471.jpg,276,382,2611.0,train
014132.jpg,135,187,2611.0,train
042471.jpg,393,544,2611.0,train
053975.jpg,156,216,2611.0,train
024266.jpg,265,367,2611.0,train
142879.jpg,224,310,2611.0,train
025013.jpg,135,187,2611.0,train
135825.jpg,273,378,2611.0,train
151725.jpg,330,457,2866.0,train
097821.jpg,634,878,2866.0,train
087937.jpg,322,446,2866.0,train
118710.jpg,161,223,2866.0,train
072625.jpg,200,277,2866.0,train
077529.jpg,263,364,2866.0,train
116748.jpg,166,230,2866.0,train
005374.jpg,218,302,2866.0,train
144346.jpg,172,238,2866.0,train
088158.jpg,143,198,2866.0,train
089676.jpg,289,400,2866.0,train
082891.jpg,216,299,2866.0,train
100412.jpg,325,450,2866.0,train
051638.jpg,320,443,2866.0,train
055562.jpg,130,180,2866.0,train
070265.jpg,218,302,2866.0,train
051827.jpg,439,608,2866.0,train
137649.jpg,198,274,2866.0,train
051921.jpg,242,335,2866.0,train
126474.jpg,224,310,2866.0,train
151983.jpg,419,580,2610.0,train
114633.jpg,177,245,2610.0,train
101525.jpg,114,158,2610.0,train
125533.jpg,309,428,2610.0,train
056740.jpg,172,238,2610.0,train
074228.jpg,135,187,2610.0,train
125438.jpg,348,482,2610.0,train
006953.jpg,286,418,2610.0,train
149934.jpg,122,169,2610.0,train
102999.jpg,255,353,2610.0,train
111370.jpg,195,270,2610.0,train
092784.jpg,161,223,2610.0,train
115421.jpg,242,335,2610.0,train
012618.jpg,185,256,2610.0,train
034967.jpg,161,223,2610.0,train
044067.jpg,320,443,2610.0,train
022301.jpg,156,216,2610.0,train
149606.jpg,361,500,2610.0,train
024342.jpg,283,392,2610.0,train
145011.jpg,161,223,2610.0,train
160736.jpg,681,943,2603.0,train
110336.jpg,463,641,2603.0,train
084908.jpg,400,554,2603.0,train
150206.jpg,304,421,2603.0,train
063264.jpg,468,648,2603.0,train
066558.jpg,341,472,2603.0,train
147345.jpg,458,634,2603.0,train
011036.jpg,549,760,2603.0,train
158725.jpg,198,274,2603.0,train
087776.jpg,681,943,2603.0,train
097812.jpg,559,774,2603.0,train
078263.jpg,476,659,2603.0,train
114348.jpg,276,382,2603.0,train
026574.jpg,395,547,2603.0,train
040415.jpg,218,302,2603.0,train
054706.jpg,554,767,2603.0,train
029163.jpg,320,443,2603.0,train
156937.jpg,302,418,2603.0,train
029411.jpg,437,605,2603.0,train
151702.jpg,676,936,2603.0,train
149351.jpg,75,104,4136.0,train
083589.jpg,179,248,4136.0,train
074506.jpg,229,317,4136.0,train
115480.jpg,169,234,4136.0,train
028397.jpg,328,454,4136.0,train
038283.jpg,91,126,4136.0,train
107162.jpg,593,821,4136.0,train
005592.jpg,117,162,4136.0,train
148513.jpg,96,133,4136.0,train
075307.jpg,265,367,4136.0,train
082016.jpg,723,1001,4136.0,train
053637.jpg,174,241,4136.0,train
085735.jpg,265,367,4136.0,train
007459.jpg,112,155,4136.0,train
018950.jpg,166,230,4136.0,train
026880.jpg,263,364,4136.0,train
007638.jpg,268,371,4136.0,train
131743.jpg,640,886,4136.0,train
014686.jpg,156,216,4136.0,train
120497.jpg,221,306,4136.0,train
155570.jpg,96,133,4292.0,train
089471.jpg,120,166,4292.0,train
074447.jpg,140,194,4292.0,train
115163.jpg,91,126,4292.0,train
046010.jpg,216,299,4292.0,train
047209.jpg,114,158,4292.0,train
114043.jpg,94,130,4292.0,train
001103.jpg,94,130,4292.0,train
153510.jpg,153,212,4292.0,train
077178.jpg,218,302,4292.0,train
080095.jpg,55,76,4292.0,train
056848.jpg,205,284,4292.0,train
099118.jpg,120,166,4292.0,train
002538.jpg,390,540,4292.0,train
024314.jpg,112,155,4292.0,train
032071.jpg,117,162,4292.0,train
010690.jpg,99,137,4292.0,train
116668.jpg,309,428,4292.0,train
010713.jpg,148,205,4292.0,train
115570.jpg,218,302,4292.0,train
150472.jpg,122,169,7866.0,train
090711.jpg,65,90,7866.0,train
064416.jpg,153,212,7866.0,train
113585.jpg,164,227,7866.0,train
030943.jpg,237,328,7866.0,train
037323.jpg,101,140,7866.0,train
108367.jpg,161,223,7866.0,train
000556.jpg,203,281,7866.0,train
146161.jpg,156,216,7866.0,train
069861.jpg,234,324,7866.0,train
071861.jpg,78,108,7866.0,train
061914.jpg,159,220,7866.0,train
098000.jpg,135,187,7866.0,train
003489.jpg,270,374,7866.0,train
012487.jpg,91,126,7866.0,train
013010.jpg,55,76,7866.0,train
003979.jpg,112,155,7866.0,train
124334.jpg,216,299,7866.0,train
006121.jpg,172,238,7866.0,train
114241.jpg,299,414,7866.0,train
140874.jpg,361,500,2870.0,train
098910.jpg,335,464,2870.0,train
078709.jpg,88,122,2870.0,train
112405.jpg,94,130,2870.0,train
041349.jpg,1050,1454,2870.0,train
042529.jpg,289,400,2870.0,train
106307.jpg,234,324,2870.0,train
011071.jpg,143,198,2870.0,train
139215.jpg,291,403,2870.0,train
084211.jpg,213,295,2870.0,train
096666.jpg,296,410,2870.0,train
072955.jpg,101,140,2870.0,train
098953.jpg,406,546,2870.0,train
012370.jpg,346,475,2870.0,train
036336.jpg,437,559,2870.0,train
036686.jpg,429,594,2870.0,train
033586.jpg,146,202,2870.0,train
135249.jpg,153,212,2870.0,train
034143.jpg,291,403,2870.0,train
125542.jpg,153,212,2870.0,train
156690.jpg,174,241,7867.0,train
072562.jpg,785,1087,7867.0,train
040646.jpg,640,886,7867.0,train
134468.jpg,515,713,7867.0,train
026596.jpg,96,133,7867.0,train
030692.jpg,460,637,7867.0,train
117928.jpg,341,470,7867.0,train
004922.jpg,211,292,7867.0,train
149927.jpg,530,734,7867.0,train
044856.jpg,512,709,7867.0,train
067508.jpg,317,439,7867.0,train
036340.jpg,733,1015,7867.0,train
077561.jpg,983,1361,7867.0,train
005365.jpg,164,227,7867.0,train
014880.jpg,182,252,7867.0,train
017533.jpg,299,414,7867.0,train
005989.jpg,270,374,7867.0,train
146269.jpg,640,886,7867.0,train
006128.jpg,260,360,7867.0,train
138513.jpg,289,400,7867.0,train
161885.jpg,213,295,4293.0,train
078828.jpg,104,144,4293.0,train
068227.jpg,195,270,4293.0,train
105752.jpg,231,320,4293.0,train
062059.jpg,151,209,4293.0,train
066381.jpg,148,205,4293.0,train
104987.jpg,166,230,4293.0,train
012448.jpg,96,133,4293.0,train
158321.jpg,281,389,4293.0,train
069302.jpg,166,230,4293.0,train
076243.jpg,226,313,4293.0,train
068157.jpg,309,428,4293.0,train
086917.jpg,221,306,4293.0,train
020038.jpg,1531,2120,4293.0,train
036370.jpg,242,335,4293.0,train
038489.jpg,156,216,4293.0,train
025298.jpg,166,230,4293.0,train
123062.jpg,247,342,4293.0,train
034303.jpg,55,76,4293.0,train
109056.jpg,252,349,4293.0,train
159287.jpg,515,713,2573.0,train
112912.jpg,203,281,2573.0,train
088067.jpg,88,122,2573.0,train
153199.jpg,281,389,2573.0,train
081653.jpg,533,738,2573.0,train
082061.jpg,164,227,2573.0,train
151955.jpg,107,148,2573.0,train
013181.jpg,166,230,2573.0,train
158455.jpg,91,126,2573.0,train
090208.jpg,585,810,2573.0,train
098427.jpg,1329,1840,2573.0,train
087119.jpg,905,1253,2573.0,train
115719.jpg,161,223,2573.0,train
015789.jpg,117,162,2573.0,train
065646.jpg,276,382,2573.0,train
070669.jpg,593,821,2573.0,train
033502.jpg,1076,1490,2573.0,train
157546.jpg,99,137,2573.0,train
064626.jpg,533,738,2573.0,train
156342.jpg,239,331,2573.0,train
157676.jpg,62,86,4304.0,train
077961.jpg,203,281,4304.0,train
049725.jpg,135,187,4304.0,train
122860.jpg,127,176,4304.0,train
034492.jpg,127,176,4304.0,train
038655.jpg,307,425,4304.0,train
120051.jpg,91,126,4304.0,train
001809.jpg,70,97,4304.0,train
153598.jpg,133,184,4304.0,train
062473.jpg,224,310,4304.0,train
071235.jpg,286,396,4304.0,train
047889.jpg,83,115,4304.0,train
082741.jpg,229,317,4304.0,train
014991.jpg,148,205,4304.0,train
023867.jpg,138,191,4304.0,train
027659.jpg,224,310,4304.0,train
017011.jpg,198,274,4304.0,train
145907.jpg,408,565,4304.0,train
021136.jpg,419,580,4304.0,train
123489.jpg,104,144,4304.0,train
158634.jpg,291,403,4433.0,train
093153.jpg,346,479,4433.0,train
082989.jpg,174,241,4433.0,train
120122.jpg,736,885,4433.0,train
060589.jpg,213,295,4433.0,train
062835.jpg,70,97,4433.0,train
106685.jpg,289,400,4433.0,train
001664.jpg,567,785,4433.0,train
144412.jpg,104,144,4433.0,train
085436.jpg,125,173,4433.0,train
092165.jpg,270,374,4433.0,train
077843.jpg,179,248,4433.0,train
094696.jpg,871,1206,4433.0,train
016027.jpg,328,454,4433.0,train
048508.jpg,356,493,4433.0,train
049453.jpg,330,457,4433.0,train
034772.jpg,460,637,4433.0,train
130573.jpg,322,446,4433.0,train
045518.jpg,315,436,4433.0,train
124985.jpg,140,194,4433.0,train
158125.jpg,585,810,4435.0,train
104035.jpg,198,274,4435.0,train
077686.jpg,179,248,4435.0,train
123815.jpg,377,522,4435.0,train
049593.jpg,164,227,4435.0,train
055621.jpg,159,220,4435.0,train
115247.jpg,307,425,4435.0,train
006611.jpg,458,634,4435.0,train
157576.jpg,83,115,4435.0,train
080467.jpg,161,223,4435.0,train
103885.jpg,159,220,4435.0,train
073649.jpg,185,256,4435.0,train
107680.jpg,122,169,4435.0,train
010422.jpg,143,198,4435.0,train
015723.jpg,265,367,4435.0,train
019754.jpg,317,439,4435.0,train
011235.jpg,317,439,4435.0,train
129623.jpg,138,191,4435.0,train
013735.jpg,120,166,4435.0,train
129045.jpg,286,396,4435.0,train
160158.jpg,140,194,6921.0,train
072838.jpg,122,169,6921.0,train
055287.jpg,192,266,6921.0,train
102544.jpg,252,349,6921.0,train
028517.jpg,255,353,6921.0,train
038023.jpg,315,436,6921.0,train
098767.jpg,156,216,6921.0,train
001180.jpg,244,338,6921.0,train
159180.jpg,146,202,6921.0,train
061829.jpg,203,281,6921.0,train
067629.jpg,190,263,6921.0,train
047161.jpg,159,220,6921.0,train
078735.jpg,161,223,6921.0,train
009114.jpg,237,328,6921.0,train
018756.jpg,1095,1516,6921.0,train
021565.jpg,205,284,6921.0,train
017328.jpg,432,598,6921.0,train
122981.jpg,506,713,6921.0,train
017490.jpg,291,403,6921.0,train
117343.jpg,148,205,6921.0,train
151670.jpg,185,239,2130.0,train
077343.jpg,140,194,2130.0,train
044864.jpg,114,158,2130.0,train
113190.jpg,114,158,2130.0,train
037085.jpg,250,346,2130.0,train
040798.jpg,270,374,2130.0,train
112184.jpg,107,148,2130.0,train
010727.jpg,151,209,2130.0,train
146223.jpg,104,144,2130.0,train
046257.jpg,185,256,2130.0,train
071812.jpg,333,461,2130.0,train
042663.jpg,81,112,2130.0,train
082540.jpg,83,115,2130.0,train
011106.jpg,135,187,2130.0,train
021961.jpg,83,115,2130.0,train
031288.jpg,343,475,2130.0,train
017982.jpg,164,227,2130.0,train
116221.jpg,104,144,2130.0,train
018832.jpg,107,148,2130.0,train
115944.jpg,218,302,2130.0,train
156978.jpg,237,328,4562.0,train
104946.jpg,198,274,4562.0,train
088267.jpg,174,241,4562.0,train
133376.jpg,252,349,4562.0,train
044753.jpg,83,115,4562.0,train
047466.jpg,99,137,4562.0,train
128599.jpg,125,173,4562.0,train
007157.jpg,250,338,4562.0,train
154514.jpg,112,155,4562.0,train
092271.jpg,159,220,4562.0,train
098945.jpg,497,688,4562.0,train
086388.jpg,109,151,4562.0,train
107390.jpg,226,313,4562.0,train
011969.jpg,174,241,4562.0,train
018736.jpg,203,281,4562.0,train
031627.jpg,322,446,4562.0,train
012454.jpg,182,252,4562.0,train
149257.jpg,411,569,4562.0,train
016553.jpg,68,94,4562.0,train
140491.jpg,169,234,4562.0,train
156255.jpg,203,281,3145.0,train
095138.jpg,143,198,3145.0,train
064608.jpg,177,245,3145.0,train
123946.jpg,151,209,3145.0,train
041708.jpg,135,187,3145.0,train
048293.jpg,499,691,3145.0,train
120969.jpg,117,162,3145.0,train
007892.jpg,120,166,3145.0,train
139645.jpg,244,338,3145.0,train
072149.jpg,382,529,3145.0,train
093904.jpg,408,565,3145.0,train
059299.jpg,231,320,3145.0,train
101569.jpg,143,198,3145.0,train
008280.jpg,231,320,3145.0,train
032845.jpg,107,148,3145.0,train
038565.jpg,156,216,3145.0,train
014194.jpg,398,551,3145.0,train
131708.jpg,148,205,3145.0,train
032430.jpg,364,504,3145.0,train
131428.jpg,273,378,3145.0,train
157774.jpg,286,396,2120.0,train
094450.jpg,122,169,2120.0,train
068417.jpg,172,238,2120.0,train
138327.jpg,125,173,2120.0,train
042422.jpg,359,497,2120.0,train
043616.jpg,325,450,2120.0,train
137777.jpg,325,450,2120.0,train
003101.jpg,166,230,2120.0,train
152999.jpg,185,256,2120.0,train
080126.jpg,720,997,2120.0,train
090245.jpg,135,187,2120.0,train
047422.jpg,265,367,2120.0,train
105327.jpg,143,198,2120.0,train
008531.jpg,208,288,2120.0,train
019288.jpg,374,518,2120.0,train
020795.jpg,276,382,2120.0,train
010289.jpg,174,241,2120.0,train
147397.jpg,263,364,2120.0,train
018277.jpg,156,216,2120.0,train
147071.jpg,140,194,2120.0,train
158917.jpg,517,716,4554.0,train
112768.jpg,250,346,4554.0,train
075069.jpg,73,101,4554.0,train
142269.jpg,1076,1490,4554.0,train
064758.jpg,1206,1670,4554.0,train
067551.jpg,107,148,4554.0,train
139796.jpg,83,115,4554.0,train
001807.jpg,73,101,4554.0,train
158496.jpg,143,198,4554.0,train
098690.jpg,112,155,4554.0,train
111858.jpg,190,263,4554.0,train
072483.jpg,122,169,4554.0,train
120847.jpg,109,151,4554.0,train
021248.jpg,174,241,4554.0,train
047713.jpg,112,155,4554.0,train
056023.jpg,91,126,4554.0,train
040263.jpg,96,133,4554.0,train
147450.jpg,125,173,4554.0,train
040431.jpg,94,130,4554.0,train
146504.jpg,1076,1490,4554.0,train
149666.jpg,101,140,3135.0,train
101393.jpg,172,238,3135.0,train
083957.jpg,221,306,3135.0,train
132988.jpg,273,378,3135.0,train
050908.jpg,138,191,3135.0,train
053999.jpg,211,292,3135.0,train
125556.jpg,218,302,3135.0,train
001811.jpg,356,493,3135.0,train
149554.jpg,208,288,3135.0,train
090251.jpg,411,569,3135.0,train
098385.jpg,125,173,3135.0,train
071948.jpg,346,479,3135.0,train
102281.jpg,203,281,3135.0,train
006797.jpg,143,198,3135.0,train
026270.jpg,73,101,3135.0,train
036206.jpg,699,968,3135.0,train
015222.jpg,270,374,3135.0,train
141802.jpg,164,227,3135.0,train
017388.jpg,211,292,3135.0,train
140556.jpg,86,119,3135.0,train
140504.jpg,125,173,3127.0,train
081766.jpg,257,356,3127.0,train
069473.jpg,99,137,3127.0,train
107628.jpg,174,241,3127.0,train
050707.jpg,216,299,3127.0,train
053150.jpg,395,547,3127.0,train
104541.jpg,502,695,3127.0,train
006597.jpg,78,108,3127.0,train
135420.jpg,109,151,3127.0,train
070999.jpg,395,547,3127.0,train
077153.jpg,133,184,3127.0,train
066106.jpg,322,446,3127.0,train
086751.jpg,125,173,3127.0,train
012653.jpg,91,126,3127.0,train
030721.jpg,200,277,3127.0,train
040715.jpg,91,126,3127.0,train
024040.jpg,231,320,3127.0,train
109350.jpg,208,288,3127.0,train
026662.jpg,138,191,3127.0,train
108361.jpg,393,544,3127.0,train
153890.jpg,138,191,3915.0,train
093646.jpg,174,241,3915.0,train
073433.jpg,263,364,3915.0,train
135326.jpg,195,270,3915.0,train
051553.jpg,198,274,3915.0,train
051829.jpg,135,187,3915.0,train
132380.jpg,203,281,3915.0,train
009209.jpg,510,878,3915.0,train
152113.jpg,302,418,3915.0,train
075062.jpg,104,144,3915.0,train
086241.jpg,120,166,3915.0,train
058782.jpg,179,248,3915.0,train
097827.jpg,242,335,3915.0,train
019207.jpg,289,400,3915.0,train
036863.jpg,270,374,3915.0,train
047845.jpg,242,335,3915.0,train
024690.jpg,356,493,3915.0,train
147940.jpg,322,446,3915.0,train
031249.jpg,164,227,3915.0,train
143082.jpg,221,306,3915.0,train
160408.jpg,333,461,4539.0,train
081088.jpg,161,223,4539.0,train
050394.jpg,213,295,4539.0,train
133301.jpg,692,958,4539.0,train
036658.jpg,231,320,4539.0,train
040948.jpg,159,220,4539.0,train
126820.jpg,268,371,4539.0,train
002618.jpg,91,126,4539.0,train
157988.jpg,99,137,4539.0,train
066676.jpg,151,209,4539.0,train
078835.jpg,218,302,4539.0,train
048929.jpg,120,166,4539.0,train
086366.jpg,146,202,4539.0,train
005728.jpg,406,562,4539.0,train
017830.jpg,161,223,4539.0,train
017869.jpg,75,104,4539.0,train
009845.jpg,122,169,4539.0,train
143655.jpg,302,418,4539.0,train
016268.jpg,356,493,4539.0,train
139754.jpg,86,119,4539.0,train
154726.jpg,205,284,3097.0,train
123910.jpg,252,349,3097.0,train
085518.jpg,185,256,3097.0,train
133817.jpg,268,371,3097.0,train
059287.jpg,515,713,3097.0,train
073856.jpg,104,144,3097.0,train
133424.jpg,185,256,3097.0,train
003404.jpg,151,209,3097.0,train
148851.jpg,174,241,3097.0,train
086289.jpg,133,184,3097.0,train
110690.jpg,146,202,3097.0,train
081696.jpg,65,90,3097.0,train
128583.jpg,159,220,3097.0,train
011962.jpg,200,277,3097.0,train
029344.jpg,203,281,3097.0,train
034275.jpg,143,198,3097.0,train
012360.jpg,151,209,3097.0,train
141105.jpg,317,439,3097.0,train
014097.jpg,96,133,3097.0,train
135448.jpg,380,526,3097.0,train
158645.jpg,174,241,7371.0,train
117033.jpg,169,234,7371.0,train
074594.jpg,130,180,7371.0,train
133138.jpg,278,385,7371.0,train
064268.jpg,195,270,7371.0,train
069327.jpg,210,299,7371.0,train
127591.jpg,309,428,7371.0,train
007709.jpg,99,137,7371.0,train
156104.jpg,172,238,7371.0,train
084965.jpg,161,223,7371.0,train
116965.jpg,133,184,7371.0,train
074121.jpg,533,756,7371.0,train
120339.jpg,250,346,7371.0,train
013786.jpg,309,428,7371.0,train
041264.jpg,112,155,7371.0,train
048549.jpg,208,288,7371.0,train
019835.jpg,554,767,7371.0,train
140425.jpg,120,166,7371.0,train
034563.jpg,130,180,7371.0,train
140042.jpg,70,97,7371.0,train
151272.jpg,216,299,2150.0,train
079395.jpg,208,288,2150.0,train
065223.jpg,257,356,2150.0,train
117623.jpg,276,382,2150.0,train
029574.jpg,299,414,2150.0,train
031225.jpg,143,198,2150.0,train
108740.jpg,224,310,2150.0,train
000289.jpg,312,432,2150.0,train
151066.jpg,252,349,2150.0,train
066115.jpg,239,331,2150.0,train
078970.jpg,169,234,2150.0,train
047386.jpg,151,209,2150.0,train
082134.jpg,133,184,2150.0,train
010096.jpg,218,302,2150.0,train
015384.jpg,286,396,2150.0,train
017022.jpg,135,187,2150.0,train
013422.jpg,166,230,2150.0,train
144470.jpg,247,342,2150.0,train
014961.jpg,250,346,2150.0,train
122254.jpg,117,162,2150.0,train
155745.jpg,317,439,4547.0,train
103712.jpg,187,259,4547.0,train
081102.jpg,117,162,4547.0,train
140297.jpg,140,194,4547.0,train
059988.jpg,146,202,4547.0,train
065621.jpg,200,277,4547.0,train
132030.jpg,489,677,4547.0,train
010734.jpg,117,162,4547.0,train
154071.jpg,237,328,4547.0,train
082182.jpg,151,209,4547.0,train
091769.jpg,122,169,4547.0,train
078974.jpg,174,241,4547.0,train
104879.jpg,270,374,4547.0,train
015993.jpg,88,122,4547.0,train
032856.jpg,192,266,4547.0,train
036980.jpg,213,295,4547.0,train
022368.jpg,148,205,4547.0,train
151437.jpg,309,428,4547.0,train
028652.jpg,234,324,4547.0,train
149330.jpg,281,389,4547.0,train
144686.jpg,120,166,2155.0,train
084672.jpg,169,234,2155.0,train
062637.jpg,309,428,2155.0,train
112443.jpg,86,119,2155.0,train
039119.jpg,198,274,2155.0,train
042524.jpg,138,191,2155.0,train
102289.jpg,143,198,2155.0,train
020254.jpg,112,155,2155.0,train
139372.jpg,96,133,2155.0,train
069123.jpg,117,162,2155.0,train
083775.jpg,153,212,2155.0,train
059383.jpg,195,270,2155.0,train
086691.jpg,198,274,2155.0,train
021481.jpg,577,799,2155.0,train
033331.jpg,146,202,2155.0,train
033540.jpg,244,338,2155.0,train
025014.jpg,861,1192,2155.0,train
126165.jpg,122,169,2155.0,train
029900.jpg,221,306,2155.0,train
113752.jpg,117,162,2155.0,train
155215.jpg,515,713,2156.0,train
103846.jpg,192,266,2156.0,train
073064.jpg,231,320,2156.0,train
134336.jpg,169,234,2156.0,train
040505.jpg,185,256,2156.0,train
049474.jpg,133,184,2156.0,train
131852.jpg,172,238,2156.0,train
000530.jpg,122,169,2156.0,train
142383.jpg,364,504,2156.0,train
078121.jpg,166,230,2156.0,train
098333.jpg,520,720,2156.0,train
071584.jpg,255,353,2156.0,train
104238.jpg,190,263,2156.0,train
003790.jpg,203,281,2156.0,train
006109.jpg,369,511,2156.0,train
014204.jpg,463,641,2156.0,train
003822.jpg,195,270,2156.0,train
137008.jpg,198,274,2156.0,train
004070.jpg,455,630,2156.0,train
136632.jpg,333,461,2156.0,train
158559.jpg,114,158,6449.0,train
106287.jpg,309,428,6449.0,train
078199.jpg,338,468,6449.0,train
128558.jpg,270,374,6449.0,train
058168.jpg,343,475,6449.0,train
061228.jpg,276,382,6449.0,train
122933.jpg,268,371,6449.0,train
001842.jpg,177,245,6449.0,train
147475.jpg,156,216,6449.0,train
088641.jpg,120,166,6449.0,train
101571.jpg,299,414,6449.0,train
076402.jpg,278,385,6449.0,train
113520.jpg,281,389,6449.0,train
003698.jpg,359,497,6449.0,train
021482.jpg,195,270,6449.0,train
053209.jpg,356,493,6449.0,train
014718.jpg,195,270,6449.0,train
132081.jpg,221,306,6449.0,train
016751.jpg,127,176,6449.0,train
132024.jpg,252,349,6449.0,train
154498.jpg,187,259,3882.0,train
110566.jpg,242,335,3882.0,train
090949.jpg,216,299,3882.0,train
136854.jpg,419,580,3882.0,train
047224.jpg,125,173,3882.0,train
052640.jpg,419,580,3882.0,train
133553.jpg,200,277,3882.0,train
016863.jpg,629,871,3882.0,train
154157.jpg,138,191,3882.0,train
095413.jpg,187,259,3882.0,train
110538.jpg,296,410,3882.0,train
069752.jpg,239,331,3882.0,train
112104.jpg,135,187,3882.0,train
018639.jpg,437,605,3882.0,train
028021.jpg,125,173,3882.0,train
032340.jpg,190,263,3882.0,train
020505.jpg,226,313,3882.0,train
138879.jpg,112,155,3882.0,train
024284.jpg,330,457,3882.0,train
137788.jpg,361,500,3882.0,train
159359.jpg,361,500,3870.0,train
085590.jpg,842,1166,3870.0,train
071067.jpg,658,833,3870.0,train
103862.jpg,538,728,3870.0,train
040794.jpg,460,637,3870.0,train
054275.jpg,510,706,3870.0,train
097518.jpg,442,612,3870.0,train
002855.jpg,478,662,3870.0,train
129718.jpg,198,274,3870.0,train
076050.jpg,283,392,3870.0,train
084293.jpg,718,994,3870.0,train
068705.jpg,265,367,3870.0,train
086254.jpg,510,706,3870.0,train
009087.jpg,393,544,3870.0,train
017024.jpg,213,295,3870.0,train
026357.jpg,192,266,3870.0,train
011724.jpg,192,266,3870.0,train
117219.jpg,395,547,3870.0,train
011845.jpg,338,468,3870.0,train
110992.jpg,185,256,3870.0,train
154927.jpg,120,166,2097.0,train
123453.jpg,159,220,2097.0,train
092938.jpg,143,198,2097.0,train
141960.jpg,164,227,2097.0,train
067357.jpg,224,310,2097.0,train
084137.jpg,153,212,2097.0,train
141526.jpg,94,130,2097.0,train
000562.jpg,99,137,2097.0,train
153919.jpg,291,403,2097.0,train
101767.jpg,265,367,2097.0,train
115324.jpg,78,108,2097.0,train
091355.jpg,101,140,2097.0,train
126260.jpg,257,356,2097.0,train
005409.jpg,299,414,2097.0,train
043506.jpg,190,263,2097.0,train
050712.jpg,351,486,2097.0,train
022516.jpg,473,655,2097.0,train
148425.jpg,127,176,2097.0,train
023329.jpg,346,479,2097.0,train
146355.jpg,320,443,2097.0,train
147094.jpg,390,540,3185.0,train
094756.jpg,289,400,3185.0,train
063295.jpg,263,364,3185.0,train
116044.jpg,177,245,3185.0,train
051087.jpg,120,166,3185.0,train
056677.jpg,135,187,3185.0,train
115313.jpg,117,162,3185.0,train
005696.jpg,452,626,3185.0,train
137696.jpg,96,133,3185.0,train
068702.jpg,304,421,3185.0,train
074505.jpg,533,738,3185.0,train
062585.jpg,367,508,3185.0,train
097946.jpg,237,328,3185.0,train
007798.jpg,364,504,3185.0,train
024622.jpg,268,371,3185.0,train
031824.jpg,101,140,3185.0,train
015064.jpg,398,551,3185.0,train
133486.jpg,133,184,3185.0,train
019343.jpg,239,331,3185.0,train
129498.jpg,247,342,3185.0,train
156779.jpg,192,266,7346.0,train
105820.jpg,346,479,7346.0,train
077640.jpg,179,248,7346.0,train
131682.jpg,322,446,7346.0,train
054218.jpg,143,198,7346.0,train
058157.jpg,684,947,7346.0,train
130265.jpg,203,281,7346.0,train
000457.jpg,203,281,7346.0,train
147242.jpg,226,313,7346.0,train
077919.jpg,169,234,7346.0,train
085085.jpg,125,173,7346.0,train
072296.jpg,133,184,7346.0,train
113229.jpg,458,634,7346.0,train
005664.jpg,406,562,7346.0,train
041899.jpg,231,320,7346.0,train
045080.jpg,702,972,7346.0,train
024016.jpg,195,270,7346.0,train
139576.jpg,112,155,7346.0,train
034900.jpg,777,1076,7346.0,train
132045.jpg,718,994,7346.0,train
155126.jpg,83,115,3862.0,train
105734.jpg,109,151,3862.0,train
069066.jpg,109,151,3862.0,train
139579.jpg,125,173,3862.0,train
029057.jpg,107,148,3862.0,train
030324.jpg,138,191,3862.0,train
130623.jpg,172,238,3862.0,train
001764.jpg,94,130,3862.0,train
149676.jpg,143,198,3862.0,train
079164.jpg,91,126,3862.0,train
104993.jpg,174,241,3862.0,train
065281.jpg,96,133,3862.0,train
114852.jpg,120,166,3862.0,train
004201.jpg,338,468,3862.0,train
015142.jpg,122,169,3862.0,train
020994.jpg,83,115,3862.0,train
004783.jpg,86,119,3862.0,train
141660.jpg,172,238,3862.0,train
013628.jpg,96,133,3862.0,train
141593.jpg,159,220,3862.0,train
155886.jpg,127,176,2084.0,train
107131.jpg,161,223,2084.0,train
080487.jpg,198,274,2084.0,train
142626.jpg,200,277,2084.0,train
053427.jpg,146,202,2084.0,train
069748.jpg,133,184,2084.0,train
138273.jpg,143,198,2084.0,train
005572.jpg,211,292,2084.0,train
155082.jpg,218,302,2084.0,train
081710.jpg,114,158,2084.0,train
103080.jpg,117,162,2084.0,train
072600.jpg,99,137,2084.0,train
110757.jpg,127,176,2084.0,train
006994.jpg,161,223,2084.0,train
022613.jpg,208,288,2084.0,train
025667.jpg,112,155,2084.0,train
010095.jpg,211,292,2084.0,train
148259.jpg,187,259,2084.0,train
017372.jpg,164,227,2084.0,train
146691.jpg,104,144,2084.0,train
157132.jpg,666,922,3198.0,train
099852.jpg,182,252,3198.0,train
081027.jpg,361,500,3198.0,train
123807.jpg,556,878,3198.0,train
072960.jpg,757,1048,3198.0,train
074798.jpg,1011,1400,3198.0,train
123625.jpg,874,1210,3198.0,train
019802.jpg,156,216,3198.0,train
155291.jpg,268,371,3198.0,train
088693.jpg,226,313,3198.0,train
096879.jpg,281,389,3198.0,train
078568.jpg,237,328,3198.0,train
102796.jpg,447,619,3198.0,train
027826.jpg,972,1346,3198.0,train
030516.jpg,338,468,3198.0,train
047099.jpg,426,590,3198.0,train
028058.jpg,666,922,3198.0,train
138934.jpg,400,554,3198.0,train
029810.jpg,299,414,3198.0,train
132826.jpg,216,299,3198.0,train
146799.jpg,499,691,4598.0,train
109177.jpg,572,792,4598.0,train
084419.jpg,910,1260,4598.0,train
127712.jpg,400,554,4598.0,train
062546.jpg,533,738,4598.0,train
066615.jpg,169,234,4598.0,train
121400.jpg,260,360,4598.0,train
004480.jpg,666,922,4598.0,train
144788.jpg,151,209,4598.0,train
099472.jpg,172,238,4598.0,train
106380.jpg,494,684,4598.0,train
075364.jpg,268,371,4598.0,train
115114.jpg,156,216,4598.0,train
021010.jpg,99,137,4598.0,train
031526.jpg,270,374,4598.0,train
039086.jpg,1269,1757,4598.0,train
023625.jpg,559,774,4598.0,train
132871.jpg,172,238,4598.0,train
025853.jpg,94,130,4598.0,train
129973.jpg,554,767,4598.0,train
143601.jpg,148,205,8352.0,train
093366.jpg,96,133,8352.0,train
079900.jpg,81,112,8352.0,train
127323.jpg,348,465,8352.0,train
052826.jpg,73,101,8352.0,train
055364.jpg,195,270,8352.0,train
105458.jpg,114,158,8352.0,train
008844.jpg,369,511,8352.0,train
136917.jpg,65,90,8352.0,train
083081.jpg,374,518,8352.0,train
089726.jpg,315,436,8352.0,train
071647.jpg,114,158,8352.0,train
093849.jpg,302,418,8352.0,train
013252.jpg,200,277,8352.0,train
020629.jpg,398,551,8352.0,train
023232.jpg,484,670,8352.0,train
013709.jpg,52,72,8352.0,train
132179.jpg,60,83,8352.0,train
014722.jpg,190,263,8352.0,train
128109.jpg,299,414,8352.0,train
149336.jpg,270,374,2067.0,train
100029.jpg,252,349,2067.0,train
075528.jpg,107,148,2067.0,train
123233.jpg,86,119,2067.0,train
041819.jpg,94,130,2067.0,train
048920.jpg,364,504,2067.0,train
120875.jpg,221,306,2067.0,train
008501.jpg,263,364,2067.0,train
140423.jpg,213,295,2067.0,train
077445.jpg,138,191,2067.0,train
093321.jpg,218,302,2067.0,train
069277.jpg,393,544,2067.0,train
101719.jpg,226,313,2067.0,train
009880.jpg,252,349,2067.0,train
013120.jpg,263,364,2067.0,train
018190.jpg,216,299,2067.0,train
010904.jpg,112,155,2067.0,train
124381.jpg,395,547,2067.0,train
011220.jpg,304,421,2067.0,train
124376.jpg,374,518,2067.0,train
138387.jpg,135,187,8365.0,train
070059.jpg,153,212,8365.0,train
058837.jpg,242,335,8365.0,train
108500.jpg,164,227,8365.0,train
046976.jpg,148,205,8365.0,train
048118.jpg,104,144,8365.0,train
096815.jpg,78,108,8365.0,train
000502.jpg,218,302,8365.0,train
133544.jpg,211,292,8365.0,train
062678.jpg,99,137,8365.0,train
069672.jpg,81,112,8365.0,train
051619.jpg,151,209,8365.0,train
072597.jpg,195,270,8365.0,train
000922.jpg,325,450,8365.0,train
015838.jpg,257,356,8365.0,train
021542.jpg,364,504,8365.0,train
002584.jpg,211,292,8365.0,train
121660.jpg,291,403,8365.0,train
002757.jpg,127,176,8365.0,train
112892.jpg,62,86,8365.0,train
147505.jpg,86,119,7336.0,train
095160.jpg,182,252,7336.0,train
070378.jpg,135,187,7336.0,train
119586.jpg,101,140,7336.0,train
053479.jpg,172,238,7336.0,train
058405.jpg,73,101,7336.0,train
112067.jpg,140,194,7336.0,train
006199.jpg,187,259,7336.0,train
138502.jpg,304,421,7336.0,train
071842.jpg,122,169,7336.0,train
092545.jpg,148,205,7336.0,train
064157.jpg,75,104,7336.0,train
099978.jpg,127,176,7336.0,train
016881.jpg,845,1170,7336.0,train
037515.jpg,304,421,7336.0,train
043084.jpg,179,248,7336.0,train
020548.jpg,148,205,7336.0,train
132590.jpg,112,155,7336.0,train
023400.jpg,96,133,7336.0,train
128379.jpg,114,158,7336.0,train
161149.jpg,190,263,7330.0,train
099544.jpg,302,418,7330.0,train
084627.jpg,208,288,7330.0,train
124773.jpg,159,220,7330.0,train
053660.jpg,390,540,7330.0,train
058908.jpg,257,356,7330.0,train
124193.jpg,338,468,7330.0,train
005164.jpg,99,137,7330.0,train
161080.jpg,577,799,7330.0,train
085737.jpg,283,392,7330.0,train
099028.jpg,276,382,7330.0,train
074219.jpg,299,414,7330.0,train
104041.jpg,198,274,7330.0,train
005765.jpg,187,259,7330.0,train
037449.jpg,263,364,7330.0,train
040188.jpg,125,173,7330.0,train
021269.jpg,270,374,7330.0,train
147135.jpg,317,439,7330.0,train
034856.jpg,192,266,7330.0,train
132799.jpg,195,270,7330.0,train
151307.jpg,213,295,3845.0,train
094203.jpg,96,133,3845.0,train
066924.jpg,291,403,3845.0,train
126800.jpg,109,151,3845.0,train
051668.jpg,166,230,3845.0,train
053615.jpg,244,338,3845.0,train
123761.jpg,221,306,3845.0,train
001564.jpg,99,137,3845.0,train
149367.jpg,99,137,3845.0,train
069295.jpg,112,155,3845.0,train
080747.jpg,161,223,3845.0,train
064494.jpg,276,382,3845.0,train
100691.jpg,68,94,3845.0,train
004365.jpg,94,130,3845.0,train
036159.jpg,109,151,3845.0,train
037103.jpg,159,220,3845.0,train
008467.jpg,114,158,3845.0,train
138052.jpg,107,148,3845.0,train
011187.jpg,169,234,3845.0,train
136644.jpg,341,472,3845.0,train
140775.jpg,151,209,4610.0,train
082056.jpg,289,400,4610.0,train
058566.jpg,876,1501,4610.0,train
104962.jpg,164,227,4610.0,train
024136.jpg,174,241,4610.0,train
036525.jpg,177,245,4610.0,train
100137.jpg,122,169,4610.0,train
001279.jpg,221,306,4610.0,train
140758.jpg,107,148,4610.0,train
062020.jpg,166,230,4610.0,train
074663.jpg,135,187,4610.0,train
057221.jpg,130,180,4610.0,train
087707.jpg,320,443,4610.0,train
001558.jpg,315,436,4610.0,train
011696.jpg,406,562,4610.0,train
016930.jpg,718,987,4610.0,train
003879.jpg,263,364,4610.0,train
135513.jpg,192,266,4610.0,train
008883.jpg,296,410,4610.0,train
118657.jpg,320,443,4610.0,train
155449.jpg,330,457,6482.0,train
106070.jpg,138,191,6482.0,train
067834.jpg,203,281,6482.0,train
140648.jpg,190,263,6482.0,train
050926.jpg,179,248,6482.0,train
054894.jpg,252,349,6482.0,train
138232.jpg,159,220,6482.0,train
006990.jpg,117,162,6482.0,train
146002.jpg,151,209,6482.0,train
093344.jpg,187,259,6482.0,train
103537.jpg,179,248,6482.0,train
067825.jpg,133,184,6482.0,train
113328.jpg,216,299,6482.0,train
011861.jpg,294,407,6482.0,train
020682.jpg,187,259,6482.0,train
026033.jpg,161,223,6482.0,train
013995.jpg,101,140,6482.0,train
143385.jpg,166,230,6482.0,train
019627.jpg,489,578,6482.0,train
142259.jpg,83,115,6482.0,train
146137.jpg,250,346,3941.0,train
101800.jpg,146,202,3941.0,train
077981.jpg,286,396,3941.0,train
128846.jpg,385,533,3941.0,train
067535.jpg,276,382,3941.0,train
069484.jpg,390,540,3941.0,train
123964.jpg,200,277,3941.0,train
002253.jpg,244,338,3941.0,train
143365.jpg,135,187,3941.0,train
081405.jpg,172,238,3941.0,train
092761.jpg,421,583,3941.0,train
075592.jpg,294,407,3941.0,train
103893.jpg,192,266,3941.0,train
002872.jpg,130,180,3941.0,train
028182.jpg,307,425,3941.0,train
029016.jpg,263,340,3941.0,train
019706.jpg,564,781,3941.0,train
134767.jpg,270,374,3941.0,train
020059.jpg,151,209,3941.0,train
132802.jpg,395,547,3941.0,train
136097.jpg,247,342,7426.0,train
080834.jpg,403,562,7426.0,train
058465.jpg,317,439,7426.0,train
119045.jpg,179,248,7426.0,train
031146.jpg,192,266,7426.0,train
051480.jpg,663,918,7426.0,train
108909.jpg,413,552,7426.0,train
004739.jpg,426,590,7426.0,train
126241.jpg,299,414,7426.0,train
058941.jpg,70,97,7426.0,train
074516.jpg,881,1220,7426.0,train
055424.jpg,299,414,7426.0,train
082458.jpg,299,414,7426.0,train
011185.jpg,218,302,7426.0,train
019600.jpg,198,234,7426.0,train
020746.jpg,218,302,7426.0,train
018581.jpg,177,245,7426.0,train
120648.jpg,187,259,7426.0,train
019243.jpg,213,295,7426.0,train
119213.jpg,294,407,7426.0,train
126447.jpg,185,256,8123.0,train
084461.jpg,234,324,8123.0,train
066947.jpg,81,112,8123.0,train
093346.jpg,101,140,8123.0,train
034538.jpg,166,230,8123.0,train
046192.jpg,138,191,8123.0,train
091281.jpg,333,461,8123.0,train
003431.jpg,140,194,8123.0,train
115768.jpg,153,212,8123.0,train
068628.jpg,198,274,8123.0,train
080949.jpg,231,320,8123.0,train
053171.jpg,55,76,8123.0,train
086323.jpg,265,367,8123.0,train
005117.jpg,146,202,8123.0,train
027561.jpg,229,317,8123.0,train
027953.jpg,159,220,8123.0,train
006219.jpg,569,788,8123.0,train
098885.jpg,244,338,8123.0,train
011340.jpg,382,529,8123.0,train
096570.jpg,117,162,8123.0,train
149011.jpg,148,205,6949.0,train
080201.jpg,185,256,6949.0,train
063808.jpg,208,288,6949.0,train
131663.jpg,159,220,6949.0,train
037636.jpg,187,259,6949.0,train
039167.jpg,81,112,6949.0,train
125303.jpg,187,259,6949.0,train
000880.jpg,130,180,6949.0,train
144972.jpg,156,216,6949.0,train
066445.jpg,117,162,6949.0,train
078882.jpg,341,472,6949.0,train
055634.jpg,107,148,6949.0,train
088249.jpg,291,403,6949.0,train
005760.jpg,156,216,6949.0,train
019812.jpg,143,198,6949.0,train
024855.jpg,101,140,6949.0,train
008549.jpg,109,151,6949.0,train
138128.jpg,185,256,6949.0,train
010813.jpg,208,288,6949.0,train
136772.jpg,172,238,6949.0,train
152541.jpg,159,220,4472.0,train
088424.jpg,400,554,4472.0,train
068483.jpg,356,493,4472.0,train
129452.jpg,216,299,4472.0,train
059635.jpg,187,259,4472.0,train
064159.jpg,325,450,4472.0,train
127729.jpg,208,288,4472.0,train
001663.jpg,627,868,4472.0,train
141648.jpg,255,353,4472.0,train
074567.jpg,153,212,4472.0,train
086052.jpg,237,328,4472.0,train
067139.jpg,195,270,4472.0,train
105729.jpg,153,212,4472.0,train
007457.jpg,205,284,4472.0,train
022030.jpg,148,205,4472.0,train
029539.jpg,307,425,4472.0,train
012867.jpg,166,230,4472.0,train
135198.jpg,99,137,4472.0,train
020460.jpg,164,227,4472.0,train
131933.jpg,400,554,4472.0,train
155086.jpg,153,212,3980.0,train
102397.jpg,81,112,3980.0,train
084326.jpg,198,274,3980.0,train
136840.jpg,86,119,3980.0,train
066122.jpg,185,256,3980.0,train
066582.jpg,101,140,3980.0,train
134667.jpg,190,263,3980.0,train
004991.jpg,151,209,3980.0,train
150222.jpg,250,346,3980.0,train
091702.jpg,289,400,3980.0,train
101029.jpg,125,173,3980.0,train
083720.jpg,213,295,3980.0,train
116259.jpg,146,193,3980.0,train
009718.jpg,177,245,3980.0,train
048469.jpg,91,126,3980.0,train
050477.jpg,91,126,3980.0,train
010418.jpg,302,418,3980.0,train
142123.jpg,114,158,3980.0,train
041818.jpg,109,151,3980.0,train
136996.jpg,101,140,3980.0,train
159785.jpg,247,342,3016.0,train
073269.jpg,156,216,3016.0,train
063171.jpg,130,180,3016.0,train
127901.jpg,257,356,3016.0,train
049295.jpg,203,281,3016.0,train
051753.jpg,247,342,3016.0,train
114551.jpg,208,288,3016.0,train
001456.jpg,286,396,3016.0,train
150551.jpg,81,112,3016.0,train
064950.jpg,146,202,3016.0,train
071542.jpg,99,137,3016.0,train
055384.jpg,101,140,3016.0,train
081528.jpg,234,324,3016.0,train
003239.jpg,133,184,3016.0,train
033272.jpg,161,223,3016.0,train
036078.jpg,140,194,3016.0,train
018737.jpg,229,317,3016.0,train
146172.jpg,174,241,3016.0,train
031155.jpg,73,101,3016.0,train
145304.jpg,172,238,3016.0,train
158992.jpg,156,216,3014.0,train
111788.jpg,120,166,3014.0,train
078702.jpg,218,302,3014.0,train
129799.jpg,218,302,3014.0,train
052872.jpg,156,216,3014.0,train
054403.jpg,221,306,3014.0,train
118892.jpg,104,144,3014.0,train
006450.jpg,177,245,3014.0,train
150521.jpg,75,104,3014.0,train
080238.jpg,166,230,3014.0,train
109406.jpg,200,277,3014.0,train
076462.jpg,122,169,3014.0,train
113027.jpg,99,137,3014.0,train
009835.jpg,187,259,3014.0,train
024208.jpg,161,223,3014.0,train
029019.jpg,68,94,3014.0,train
014036.jpg,148,205,3014.0,train
137549.jpg,138,191,3014.0,train
020073.jpg,148,205,3014.0,train
136866.jpg,177,245,3014.0,train
137464.jpg,265,367,2261.0,train
103680.jpg,179,248,2261.0,train
065297.jpg,211,292,2261.0,train
114792.jpg,208,288,2261.0,train
044466.jpg,325,450,2261.0,train
053206.jpg,91,126,2261.0,train
113241.jpg,62,86,2261.0,train
007174.jpg,172,238,2261.0,train
137107.jpg,211,292,2261.0,train
072439.jpg,476,659,2261.0,train
097397.jpg,91,126,2261.0,train
058987.jpg,75,104,2261.0,train
103705.jpg,533,738,2261.0,train
012777.jpg,473,655,2261.0,train
030386.jpg,195,270,2261.0,train
032921.jpg,307,425,2261.0,train
024330.jpg,312,432,2261.0,train
130317.jpg,343,475,2261.0,train
026605.jpg,101,140,2261.0,train
129727.jpg,216,299,2261.0,train
156390.jpg,172,238,6568.0,train
096607.jpg,252,349,6568.0,train
085304.jpg,278,385,6568.0,train
123613.jpg,221,306,6568.0,train
056873.jpg,289,400,6568.0,train
061257.jpg,179,248,6568.0,train
121886.jpg,267,428,6568.0,train
000150.jpg,286,396,6568.0,train
155085.jpg,114,158,6568.0,train
085859.jpg,276,382,6568.0,train
091249.jpg,343,475,6568.0,train
081963.jpg,395,547,6568.0,train
105836.jpg,309,428,6568.0,train
014728.jpg,198,274,6568.0,train
031712.jpg,283,392,6568.0,train
050675.jpg,283,392,6568.0,train
020603.jpg,130,180,6568.0,train
124957.jpg,353,508,6568.0,train
031324.jpg,372,515,6568.0,train
124276.jpg,151,209,6568.0,train
151877.jpg,156,216,6483.0,train
103818.jpg,143,198,6483.0,train
070736.jpg,213,295,6483.0,train
127459.jpg,244,338,6483.0,train
048636.jpg,226,313,6483.0,train
051277.jpg,226,313,6483.0,train
118722.jpg,208,288,6483.0,train
008131.jpg,205,284,6483.0,train
151148.jpg,203,281,6483.0,train
077567.jpg,135,187,6483.0,train
096416.jpg,187,259,6483.0,train
067146.jpg,91,126,6483.0,train
105387.jpg,109,151,6483.0,train
012576.jpg,101,140,6483.0,train
031696.jpg,99,137,6483.0,train
032484.jpg,104,144,6483.0,train
013357.jpg,198,274,6483.0,train
137390.jpg,104,144,6483.0,train
017312.jpg,78,108,6483.0,train
130025.jpg,221,306,6483.0,train
146167.jpg,403,558,7413.0,train
094102.jpg,237,328,7413.0,train
083713.jpg,203,281,7413.0,train
124687.jpg,203,281,7413.0,train
058573.jpg,156,216,7413.0,train
062752.jpg,211,292,7413.0,train
123720.jpg,273,378,7413.0,train
001651.jpg,122,169,7413.0,train
141523.jpg,213,342,7413.0,train
084341.jpg,455,630,7413.0,train
093486.jpg,426,590,7413.0,train
079072.jpg,109,151,7413.0,train
105217.jpg,96,133,7413.0,train
022600.jpg,125,173,7413.0,train
030501.jpg,250,346,7413.0,train
040062.jpg,231,320,7413.0,train
026674.jpg,143,198,7413.0,train
127671.jpg,148,205,7413.0,train
028823.jpg,86,119,7413.0,train
125739.jpg,395,547,7413.0,train
157119.jpg,190,263,2297.0,train
113113.jpg,312,432,2297.0,train
095603.jpg,114,158,2297.0,train
140111.jpg,218,302,2297.0,train
069157.jpg,258,371,2297.0,train
080078.jpg,174,241,2297.0,train
139603.jpg,304,421,2297.0,train
000376.jpg,151,209,2297.0,train
153231.jpg,130,180,2297.0,train
097858.jpg,343,475,2297.0,train
102284.jpg,244,338,2297.0,train
091982.jpg,296,410,2297.0,train
123980.jpg,278,385,2297.0,train
010597.jpg,224,310,2297.0,train
051552.jpg,226,313,2297.0,train
053440.jpg,341,472,2297.0,train
025837.jpg,354,490,2297.0,train
142864.jpg,325,450,2297.0,train
043083.jpg,255,353,2297.0,train
140121.jpg,452,626,2297.0,train
125421.jpg,315,436,2316.0,train
066805.jpg,88,122,2316.0,train
058094.jpg,135,187,2316.0,train
108599.jpg,164,227,2316.0,train
043507.jpg,294,407,2316.0,train
045559.jpg,224,310,2316.0,train
101305.jpg,143,198,2316.0,train
008071.jpg,182,252,2316.0,train
124685.jpg,356,493,2316.0,train
060965.jpg,151,209,2316.0,train
066768.jpg,165,302,2316.0,train
056596.jpg,120,166,2316.0,train
076869.jpg,88,122,2316.0,train
009067.jpg,161,223,2316.0,train
018009.jpg,255,353,2316.0,train
024985.jpg,127,176,2316.0,train
011446.jpg,120,166,2316.0,train
112102.jpg,104,144,2316.0,train
012598.jpg,143,198,2316.0,train
112087.jpg,169,234,2316.0,train
159168.jpg,112,155,4446.0,train
079841.jpg,156,216,4446.0,train
062623.jpg,68,94,4446.0,train
115567.jpg,138,191,4446.0,train
046361.jpg,122,169,4446.0,train
056813.jpg,135,187,4446.0,train
112482.jpg,216,299,4446.0,train
000506.jpg,177,245,4446.0,train
148170.jpg,140,194,4446.0,train
067579.jpg,138,191,4446.0,train
074942.jpg,164,227,4446.0,train
060548.jpg,161,223,4446.0,train
085039.jpg,86,119,4446.0,train
005764.jpg,62,86,4446.0,train
021214.jpg,179,248,4446.0,train
029329.jpg,81,112,4446.0,train
009103.jpg,57,79,4446.0,train
126525.jpg,99,137,4446.0,train
011209.jpg,174,241,4446.0,train
124316.jpg,169,234,4446.0,train
161222.jpg,211,292,2331.0,train
097639.jpg,190,263,2331.0,train
082209.jpg,107,148,2331.0,train
134577.jpg,109,151,2331.0,train
044598.jpg,229,311,2331.0,train
050453.jpg,96,133,2331.0,train
128712.jpg,273,378,2331.0,train
001291.jpg,265,367,2331.0,train
146947.jpg,151,209,2331.0,train
084537.jpg,166,230,2331.0,train
084699.jpg,148,205,2331.0,train
061056.jpg,226,313,2331.0,train
105219.jpg,130,180,2331.0,train
001870.jpg,120,166,2331.0,train
020970.jpg,260,360,2331.0,train
025729.jpg,172,238,2331.0,train
012828.jpg,151,209,2331.0,train
137133.jpg,270,374,2331.0,train
017578.jpg,348,482,2331.0,train
135843.jpg,83,115,2331.0,train
146359.jpg,91,126,2996.0,train
104702.jpg,291,403,2996.0,train
091434.jpg,250,346,2996.0,train
120891.jpg,122,169,2996.0,train
061014.jpg,187,259,2996.0,train
073727.jpg,458,634,2996.0,train
120606.jpg,187,259,2996.0,train
001420.jpg,320,443,2996.0,train
143868.jpg,257,356,2996.0,train
093145.jpg,185,256,2996.0,train
104598.jpg,270,374,2996.0,train
085774.jpg,135,187,2996.0,train
104710.jpg,221,306,2996.0,train
001980.jpg,166,230,2996.0,train
020803.jpg,208,288,2996.0,train
029699.jpg,161,223,2996.0,train
007265.jpg,374,518,2996.0,train
135056.jpg,122,169,2996.0,train
013214.jpg,426,590,2996.0,train
129085.jpg,582,806,2996.0,train
143544.jpg,156,216,6548.0,train
099024.jpg,273,378,6548.0,train
071807.jpg,229,317,6548.0,train
133155.jpg,161,193,6548.0,train
062404.jpg,164,227,6548.0,train
064042.jpg,96,133,6548.0,train
121645.jpg,452,626,6548.0,train
026229.jpg,130,180,6548.0,train
140201.jpg,606,839,6548.0,train
076175.jpg,244,338,6548.0,train
089525.jpg,309,428,6548.0,train
066517.jpg,211,292,6548.0,train
103843.jpg,1482,2052,6548.0,train
027242.jpg,190,263,6548.0,train
030331.jpg,359,497,6548.0,train
035891.jpg,148,205,6548.0,train
028112.jpg,410,560,6548.0,train
138293.jpg,195,270,6548.0,train
028249.jpg,247,342,6548.0,train
134932.jpg,367,508,6548.0,train
151828.jpg,291,403,3029.0,train
109645.jpg,367,508,3029.0,train
087662.jpg,270,374,3029.0,train
132701.jpg,169,234,3029.0,train
069889.jpg,231,320,3029.0,train
073232.jpg,161,223,3029.0,train
131752.jpg,229,317,3029.0,train
000436.jpg,169,234,3029.0,train
145516.jpg,411,569,3029.0,train
090922.jpg,130,180,3029.0,train
098366.jpg,309,428,3029.0,train
084698.jpg,601,832,3029.0,train
119750.jpg,309,428,3029.0,train
006283.jpg,122,169,3029.0,train
038293.jpg,283,392,3029.0,train
041755.jpg,325,450,3029.0,train
028828.jpg,179,248,3029.0,train
137018.jpg,153,212,3029.0,train
035170.jpg,231,320,3029.0,train
133328.jpg,104,144,3029.0,train
156360.jpg,286,396,8189.0,train
084707.jpg,174,241,8189.0,train
070839.jpg,543,752,8189.0,train
127345.jpg,265,367,8189.0,train
052912.jpg,229,317,8189.0,train
060452.jpg,107,148,8189.0,train
111366.jpg,601,832,8189.0,train
003685.jpg,205,284,8189.0,train
145699.jpg,146,202,8189.0,train
072588.jpg,190,263,8189.0,train
081270.jpg,237,328,8189.0,train
066766.jpg,174,241,8189.0,train
090596.jpg,138,191,8189.0,train
007972.jpg,166,230,8189.0,train
023545.jpg,242,335,8189.0,train
044439.jpg,117,162,8189.0,train
010965.jpg,153,212,8189.0,train
133555.jpg,104,144,8189.0,train
013196.jpg,200,277,8189.0,train
131756.jpg,185,256,8189.0,train
157384.jpg,367,508,6971.0,train
106633.jpg,91,126,6971.0,train
075038.jpg,127,176,6971.0,train
128759.jpg,114,158,6971.0,train
058452.jpg,164,227,6971.0,train
059309.jpg,148,205,6971.0,train
127801.jpg,250,346,6971.0,train
001330.jpg,572,792,6971.0,train
150630.jpg,146,202,6971.0,train
077194.jpg,179,248,6971.0,train
104452.jpg,356,493,6971.0,train
073922.jpg,369,511,6971.0,train
110283.jpg,213,295,6971.0,train
003537.jpg,125,173,6971.0,train
018091.jpg,94,130,6971.0,train
020201.jpg,361,500,6971.0,train
010066.jpg,78,108,6971.0,train
135758.jpg,218,302,6971.0,train
013948.jpg,200,277,6971.0,train
133428.jpg,268,371,6971.0,train
158467.jpg,148,205,4478.0,train
068370.jpg,270,374,4478.0,train
057282.jpg,182,252,4478.0,train
117381.jpg,312,432,4478.0,train
033114.jpg,187,259,4478.0,train
042984.jpg,185,256,4478.0,train
102126.jpg,117,162,4478.0,train
004075.jpg,265,367,4478.0,train
139594.jpg,707,979,4478.0,train
057993.jpg,1193,1652,4478.0,train
062156.jpg,94,130,4478.0,train
050907.jpg,195,270,4478.0,train
069333.jpg,169,234,4478.0,train
004154.jpg,450,623,4478.0,train
017408.jpg,172,238,4478.0,train
021579.jpg,546,756,4478.0,train
011485.jpg,356,493,4478.0,train
129150.jpg,772,1069,4478.0,train
013027.jpg,460,637,4478.0,train
119602.jpg,88,122,4478.0,train
142972.jpg,260,360,3052.0,train
095167.jpg,309,428,3052.0,train
070560.jpg,309,428,3052.0,train
114720.jpg,315,436,3052.0,train
048344.jpg,192,266,3052.0,train
058772.jpg,361,500,3052.0,train
111993.jpg,278,385,3052.0,train
002674.jpg,195,270,3052.0,train
133949.jpg,403,558,3052.0,train
071994.jpg,356,493,3052.0,train
087846.jpg,281,389,3052.0,train
062271.jpg,265,367,3052.0,train
098134.jpg,317,439,3052.0,train
004527.jpg,205,284,3052.0,train
019131.jpg,380,526,3052.0,train
027778.jpg,205,284,3052.0,train
011843.jpg,140,194,3052.0,train
128618.jpg,83,115,3052.0,train
018254.jpg,250,346,3052.0,train
119912.jpg,281,389,3052.0,train
145442.jpg,296,410,6543.0,train
107391.jpg,247,342,6543.0,train
080305.jpg,229,317,6543.0,train
133496.jpg,203,281,6543.0,train
052759.jpg,221,306,6543.0,train
059917.jpg,218,302,6543.0,train
126904.jpg,179,248,6543.0,train
001589.jpg,125,173,6543.0,train
144518.jpg,239,331,6543.0,train
081282.jpg,198,274,6543.0,train
100231.jpg,117,162,6543.0,train
077143.jpg,107,148,6543.0,train
109077.jpg,237,328,6543.0,train
003858.jpg,226,313,6543.0,train
019539.jpg,429,594,6543.0,train
043823.jpg,216,299,6543.0,train
006170.jpg,159,220,6543.0,train
141285.jpg,242,335,6543.0,train
013899.jpg,187,259,6543.0,train
135526.jpg,398,551,6543.0,train
157105.jpg,707,851,4496.0,train
110333.jpg,81,112,4496.0,train
071612.jpg,234,324,4496.0,train
130832.jpg,260,360,4496.0,train
049158.jpg,122,167,4496.0,train
049750.jpg,86,119,4496.0,train
127207.jpg,91,126,4496.0,train
000380.jpg,208,288,4496.0,train
156347.jpg,94,130,4496.0,train
092777.jpg,112,155,4496.0,train
097403.jpg,203,281,4496.0,train
067435.jpg,317,439,4496.0,train
119765.jpg,525,727,4496.0,train
001032.jpg,143,198,4496.0,train
012755.jpg,205,284,4496.0,train
025644.jpg,130,171,4496.0,train
004503.jpg,138,191,4496.0,train
153627.jpg,1115,1544,4496.0,train
008263.jpg,133,184,4496.0,train
139811.jpg,328,454,4496.0,train
157610.jpg,289,400,6532.0,train
095264.jpg,372,515,6532.0,train
070048.jpg,218,302,6532.0,train
115652.jpg,328,454,6532.0,train
042341.jpg,200,277,6532.0,train
051841.jpg,161,223,6532.0,train
114200.jpg,588,814,6532.0,train
001236.jpg,234,324,6532.0,train
139520.jpg,320,443,6532.0,train
084504.jpg,127,176,6532.0,train
094015.jpg,697,965,6532.0,train
069595.jpg,580,803,6532.0,train
096307.jpg,185,256,6532.0,train
016251.jpg,772,1069,6532.0,train
037197.jpg,330,457,6532.0,train
037639.jpg,283,392,6532.0,train
018193.jpg,645,893,6532.0,train
133560.jpg,146,202,6532.0,train
027025.jpg,520,720,6532.0,train
123208.jpg,733,1015,6532.0,train
152024.jpg,164,227,6509.0,train
076545.jpg,109,151,6509.0,train
055994.jpg,114,158,6509.0,train
125622.jpg,161,223,6509.0,train
044136.jpg,200,277,6509.0,train
044433.jpg,135,187,6509.0,train
108201.jpg,159,220,6509.0,train
002117.jpg,96,133,6509.0,train
145885.jpg,1030,1426,6509.0,train
067336.jpg,88,122,6509.0,train
075205.jpg,83,115,6509.0,train
052454.jpg,263,364,6509.0,train
079522.jpg,109,151,6509.0,train
011411.jpg,185,256,6509.0,train
020737.jpg,226,313,6509.0,train
028729.jpg,146,202,6509.0,train
018164.jpg,200,277,6509.0,train
135351.jpg,174,241,6509.0,train
018959.jpg,213,295,6509.0,train
133152.jpg,177,243,6509.0,train
149647.jpg,286,396,3060.0,train
083967.jpg,257,356,3060.0,train
050458.jpg,138,191,3060.0,train
109336.jpg,159,220,3060.0,train
028871.jpg,148,205,3060.0,train
031188.jpg,265,367,3060.0,train
108887.jpg,395,547,3060.0,train
000362.jpg,234,324,3060.0,train
147875.jpg,328,454,3060.0,train
069196.jpg,146,202,3060.0,train
081791.jpg,153,212,3060.0,train
048710.jpg,283,392,3060.0,train
091159.jpg,231,320,3060.0,train
005564.jpg,239,331,3060.0,train
013227.jpg,164,227,3060.0,train
014816.jpg,101,140,3060.0,train
008427.jpg,130,180,3060.0,train
134970.jpg,133,184,3060.0,train
010938.jpg,250,346,3060.0,train
119161.jpg,125,173,3060.0,train
150304.jpg,138,191,2201.0,train
083273.jpg,130,180,2201.0,train
060473.jpg,169,234,2201.0,train
113629.jpg,182,252,2201.0,train
046915.jpg,333,461,2201.0,train
050374.jpg,133,184,2201.0,train
111290.jpg,169,234,2201.0,train
002091.jpg,187,259,2201.0,train
142733.jpg,109,151,2201.0,train
066638.jpg,484,670,2201.0,train
080140.jpg,627,868,2201.0,train
059648.jpg,195,270,2201.0,train
085347.jpg,294,407,2201.0,train
010155.jpg,304,421,2201.0,train
035414.jpg,148,205,2201.0,train
036850.jpg,489,677,2201.0,train
027174.jpg,367,508,2201.0,train
121028.jpg,320,443,2201.0,train
033432.jpg,338,468,2201.0,train
120112.jpg,309,428,2201.0,train
162338.jpg,273,378,3067.0,train
101285.jpg,413,572,3067.0,train
079368.jpg,294,407,3067.0,train
131038.jpg,185,256,3067.0,train
037372.jpg,244,338,3067.0,train
046669.jpg,133,184,3067.0,train
126737.jpg,151,209,3067.0,train
003579.jpg,382,529,3067.0,train
161468.jpg,424,587,3067.0,train
079454.jpg,86,119,3067.0,train
091231.jpg,247,342,3067.0,train
066538.jpg,671,929,3067.0,train
102038.jpg,494,622,3067.0,train
004942.jpg,322,446,3067.0,train
028228.jpg,512,709,3067.0,train
030930.jpg,421,583,3067.0,train
010900.jpg,289,400,3067.0,train
137635.jpg,203,281,3067.0,train
024845.jpg,120,166,3067.0,train
134352.jpg,151,209,3067.0,train
159152.jpg,341,472,2194.0,train
096265.jpg,153,212,2194.0,train
063632.jpg,83,115,2194.0,train
120077.jpg,83,115,2194.0,train
052867.jpg,112,155,2194.0,train
055974.jpg,85,119,2194.0,train
118071.jpg,224,310,2194.0,train
004914.jpg,239,331,2194.0,train
142900.jpg,140,194,2194.0,train
072381.jpg,182,252,2194.0,train
091059.jpg,130,180,2194.0,train
058757.jpg,107,148,2194.0,train
097059.jpg,117,162,2194.0,train
015813.jpg,91,126,2194.0,train
036989.jpg,99,137,2194.0,train
047594.jpg,148,205,2194.0,train
021080.jpg,221,306,2194.0,train
134730.jpg,138,191,2194.0,train
032601.jpg,218,302,2194.0,train
130276.jpg,88,122,2194.0,train
158093.jpg,211,292,6988.0,train
123434.jpg,125,173,6988.0,train
092346.jpg,153,212,6988.0,train
147305.jpg,140,194,6988.0,train
057284.jpg,187,259,6988.0,train
070642.jpg,229,317,6988.0,train
146748.jpg,151,209,6988.0,train
002692.jpg,140,194,6988.0,train
156089.jpg,182,252,6988.0,train
109099.jpg,260,360,6988.0,train
118653.jpg,208,288,6988.0,train
075683.jpg,166,230,6988.0,train
125575.jpg,127,176,6988.0,train
012516.jpg,174,241,6988.0,train
026131.jpg,122,169,6988.0,train
029735.jpg,213,295,6988.0,train
013266.jpg,190,263,6988.0,train
152128.jpg,133,184,6988.0,train
022356.jpg,91,126,6988.0,train
149446.jpg,231,320,6988.0,train
153101.jpg,260,360,3078.0,train
121815.jpg,229,317,3078.0,train
104669.jpg,242,335,3078.0,train
137017.jpg,146,202,3078.0,train
056674.jpg,390,540,3078.0,train
079006.jpg,265,367,3078.0,train
132220.jpg,101,140,3078.0,train
000865.jpg,858,1188,3078.0,train
150814.jpg,185,256,3078.0,train
107893.jpg,889,1231,3078.0,train
118314.jpg,481,666,3078.0,train
092206.jpg,229,317,3078.0,train
122643.jpg,322,446,3078.0,train
001772.jpg,148,205,3078.0,train
013308.jpg,151,209,3078.0,train
015489.jpg,338,468,3078.0,train
008204.jpg,166,230,3078.0,train
144246.jpg,1102,1526,3078.0,train
012138.jpg,356,493,3078.0,train
140603.jpg,387,536,3078.0,train
159058.jpg,333,461,8286.0,train
118646.jpg,135,187,8286.0,train
083920.jpg,174,241,8286.0,train
140943.jpg,312,432,8286.0,train
050880.jpg,127,176,8286.0,train
056321.jpg,226,313,8286.0,train
140356.jpg,156,216,8286.0,train
007871.jpg,164,227,8286.0,train
153604.jpg,159,220,8286.0,train
102607.jpg,166,230,8286.0,train
114592.jpg,125,173,8286.0,train
071050.jpg,146,202,8286.0,train
125310.jpg,172,238,8286.0,train
017724.jpg,135,187,8286.0,train
033022.jpg,65,90,8286.0,train
040272.jpg,187,259,8286.0,train
024359.jpg,772,1069,8286.0,train
148549.jpg,608,842,8286.0,train
028741.jpg,291,403,8286.0,train
141842.jpg,244,338,8286.0,train
155559.jpg,114,158,1760.0,train
111821.jpg,172,238,1760.0,train
094318.jpg,120,166,1760.0,train
130601.jpg,86,119,1760.0,train
046636.jpg,211,292,1760.0,train
054184.jpg,73,101,1760.0,train
129732.jpg,164,227,1760.0,train
007436.jpg,68,94,1760.0,train
150172.jpg,159,220,1760.0,train
103684.jpg,99,140,1760.0,train
109854.jpg,99,137,1760.0,train
089739.jpg,161,223,1760.0,train
112327.jpg,148,205,1760.0,train
016026.jpg,120,166,1760.0,train
029340.jpg,91,126,1760.0,train
031221.jpg,164,227,1760.0,train
019845.jpg,216,299,1760.0,train
141500.jpg,216,299,1760.0,train
021898.jpg,315,436,1760.0,train
131256.jpg,109,151,1760.0,train
149349.jpg,263,364,8564.0,train
093310.jpg,125,173,8564.0,train
064510.jpg,83,115,8564.0,train
120047.jpg,307,425,8564.0,train
034959.jpg,1880,2603,8564.0,train
042278.jpg,263,364,8564.0,train
116176.jpg,364,504,8564.0,train
004114.jpg,164,227,8564.0,train
145109.jpg,122,169,8564.0,train
069658.jpg,177,245,8564.0,train
078155.jpg,146,202,8564.0,train
047793.jpg,135,187,8564.0,train
099057.jpg,166,248,8564.0,train
004158.jpg,65,90,8564.0,train
014489.jpg,135,187,8564.0,train
018978.jpg,112,155,8564.0,train
007521.jpg,283,392,8564.0,train
142846.jpg,81,112,8564.0,train
011293.jpg,257,356,8564.0,train
131805.jpg,234,324,8564.0,train
155417.jpg,148,205,3620.0,train
097130.jpg,244,338,3620.0,train
052343.jpg,211,292,3620.0,train
124960.jpg,112,155,3620.0,train
047964.jpg,133,184,3620.0,train
049614.jpg,138,191,3620.0,train
124600.jpg,341,472,3620.0,train
001173.jpg,94,130,3620.0,train
149342.jpg,153,212,3620.0,train
070887.jpg,270,374,3620.0,train
078597.jpg,109,151,3620.0,train
051866.jpg,255,353,3620.0,train
098467.jpg,211,292,3620.0,train
007595.jpg,278,385,3620.0,train
025372.jpg,164,227,3620.0,train
029206.jpg,177,245,3620.0,train
012318.jpg,138,191,3620.0,train
139054.jpg,234,324,3620.0,train
019196.jpg,164,227,3620.0,train
127999.jpg,216,335,3620.0,train
160996.jpg,190,263,5135.0,train
094404.jpg,153,212,5135.0,train
067896.jpg,203,281,5135.0,train
121466.jpg,424,587,5135.0,train
052063.jpg,276,382,5135.0,train
055594.jpg,153,212,5135.0,train
118985.jpg,442,612,5135.0,train
013235.jpg,192,266,5135.0,train
154862.jpg,195,270,5135.0,train
068134.jpg,382,529,5135.0,train
081195.jpg,144,248,5135.0,train
062827.jpg,151,209,5135.0,train
096109.jpg,192,266,5135.0,train
013725.jpg,122,169,5135.0,train
035296.jpg,229,317,5135.0,train
036633.jpg,549,760,5135.0,train
014601.jpg,109,151,5135.0,train
141046.jpg,190,263,5135.0,train
027236.jpg,112,155,5135.0,train
140085.jpg,166,230,5135.0,train
147724.jpg,250,346,5144.0,train
076967.jpg,151,209,5144.0,train
073950.jpg,148,205,5144.0,train
113956.jpg,120,166,5144.0,train
058106.jpg,169,234,5144.0,train
065416.jpg,416,576,5144.0,train
101279.jpg,94,130,5144.0,train
008300.jpg,148,205,5144.0,train
132557.jpg,387,536,5144.0,train
075661.jpg,135,187,5144.0,train
076934.jpg,153,212,5144.0,train
070514.jpg,159,220,5144.0,train
082190.jpg,133,184,5144.0,train
012865.jpg,94,130,5144.0,train
030184.jpg,447,586,5144.0,train
037488.jpg,143,198,5144.0,train
015155.jpg,70,97,5144.0,train
114612.jpg,190,263,5144.0,train
017238.jpg,179,248,5144.0,train
114581.jpg,140,194,5144.0,train
149866.jpg,281,389,359.0,train
078596.jpg,450,623,359.0,train
062207.jpg,603,835,359.0,train
131816.jpg,127,176,359.0,train
051600.jpg,81,112,359.0,train
056652.jpg,614,850,359.0,train
126529.jpg,559,774,359.0,train
001181.jpg,252,349,359.0,train
148087.jpg,541,749,359.0,train
064090.jpg,749,1018,359.0,train
072367.jpg,307,425,359.0,train
059359.jpg,200,277,359.0,train
091361.jpg,242,335,359.0,train
006371.jpg,403,558,359.0,train
020843.jpg,541,749,359.0,train
021003.jpg,86,119,359.0,train
011811.jpg,655,907,359.0,train
136746.jpg,278,385,359.0,train
016160.jpg,634,878,359.0,train
135065.jpg,666,922,359.0,train
160170.jpg,234,324,9006.0,train
090839.jpg,343,475,9006.0,train
077182.jpg,159,220,9006.0,train
118251.jpg,257,356,9006.0,train
052365.jpg,164,227,9006.0,train
053499.jpg,182,252,9006.0,train
111137.jpg,309,428,9006.0,train
004985.jpg,237,328,9006.0,train
158506.jpg,213,295,9006.0,train
077500.jpg,205,284,9006.0,train
089087.jpg,213,295,9006.0,train
064965.jpg,239,331,9006.0,train
093484.jpg,208,288,9006.0,train
009378.jpg,182,252,9006.0,train
024655.jpg,468,648,9006.0,train
033593.jpg,218,302,9006.0,train
021754.jpg,174,241,9006.0,train
131031.jpg,250,346,9006.0,train
023630.jpg,112,155,9006.0,train
128177.jpg,166,230,9006.0,train
147804.jpg,281,389,5142.0,train
086771.jpg,159,220,5142.0,train
066032.jpg,317,439,5142.0,train
116633.jpg,174,241,5142.0,train
055449.jpg,237,328,5142.0,train
056101.jpg,237,328,5142.0,train
115174.jpg,465,644,5142.0,train
004039.jpg,140,194,5142.0,train
143466.jpg,237,328,5142.0,train
074499.jpg,96,133,5142.0,train
085870.jpg,601,832,5142.0,train
065847.jpg,187,259,5142.0,train
087731.jpg,572,792,5142.0,train
004566.jpg,250,346,5142.0,train
033451.jpg,354,490,5142.0,train
043727.jpg,174,241,5142.0,train
017358.jpg,229,317,5142.0,train
135356.jpg,190,263,5142.0,train
020933.jpg,278,385,5142.0,train
132365.jpg,419,580,5142.0,train
151982.jpg,130,180,5510.0,train
111875.jpg,211,292,5510.0,train
066911.jpg,166,230,5510.0,train
138448.jpg,153,212,5510.0,train
036932.jpg,73,101,5510.0,train
044672.jpg,140,194,5510.0,train
133732.jpg,151,209,5510.0,train
006864.jpg,263,364,5510.0,train
151485.jpg,104,144,5510.0,train
068911.jpg,247,342,5510.0,train
099212.jpg,107,148,5510.0,train
051274.jpg,146,202,5510.0,train
115574.jpg,231,320,5510.0,train
010586.jpg,192,266,5510.0,train
020125.jpg,200,277,5510.0,train
026031.jpg,164,227,5510.0,train
017044.jpg,146,202,5510.0,train
148383.jpg,269,400,5510.0,train
017088.jpg,130,180,5510.0,train
146977.jpg,239,331,5510.0,train
154751.jpg,374,518,10014.0,train
107065.jpg,481,666,10014.0,train
086354.jpg,177,245,10014.0,train
129226.jpg,658,911,10014.0,train
078707.jpg,104,144,10014.0,train
082021.jpg,117,162,10014.0,train
126950.jpg,96,133,10014.0,train
001871.jpg,138,191,10014.0,train
135855.jpg,107,148,10014.0,train
089227.jpg,499,691,10014.0,train
096839.jpg,96,133,10014.0,train
085123.jpg,190,263,10014.0,train
124365.jpg,73,101,10014.0,train
002800.jpg,107,148,10014.0,train
016766.jpg,151,209,10014.0,train
019892.jpg,359,497,10014.0,train
008679.jpg,338,468,10014.0,train
130701.jpg,47,65,10014.0,train
009690.jpg,179,248,10014.0,train
129765.jpg,127,176,10014.0,train
159464.jpg,260,360,5938.0,train
077171.jpg,244,338,5938.0,train
057502.jpg,497,688,5938.0,train
123725.jpg,286,396,5938.0,train
042320.jpg,224,310,5938.0,train
044655.jpg,237,328,5938.0,train
110865.jpg,148,205,5938.0,train
014609.jpg,81,112,5938.0,train
155770.jpg,177,245,5938.0,train
065820.jpg,143,198,5938.0,train
074744.jpg,70,97,5938.0,train
049929.jpg,216,299,5938.0,train
079503.jpg,192,266,5938.0,train
020615.jpg,156,216,5938.0,train
034750.jpg,983,1361,5938.0,train
037634.jpg,143,198,5938.0,train
026646.jpg,78,108,5938.0,train
137207.jpg,208,288,5938.0,train
032606.jpg,260,360,5938.0,train
124724.jpg,307,425,5938.0,train
152394.jpg,70,97,9026.0,train
090113.jpg,250,346,9026.0,train
078059.jpg,333,461,9026.0,train
138933.jpg,91,126,9026.0,train
072649.jpg,239,331,9026.0,train
074230.jpg,268,371,9026.0,train
134259.jpg,140,194,9026.0,train
012967.jpg,96,133,9026.0,train
151798.jpg,86,119,9026.0,train
078165.jpg,218,302,9026.0,train
088527.jpg,190,263,9026.0,train
076686.jpg,114,158,9026.0,train
099438.jpg,138,191,9026.0,train
015150.jpg,281,389,9026.0,train
056115.jpg,333,461,9026.0,train
057990.jpg,692,958,9026.0,train
024976.jpg,270,374,9026.0,train
141251.jpg,117,162,9026.0,train
037029.jpg,234,324,9026.0,train
140481.jpg,109,151,9026.0,train
156078.jpg,86,119,8966.0,train
083122.jpg,109,151,8966.0,train
051924.jpg,153,212,8966.0,train
131033.jpg,94,130,8966.0,train
041539.jpg,179,248,8966.0,train
045002.jpg,315,439,8966.0,train
129407.jpg,182,252,8966.0,train
020075.jpg,252,349,8966.0,train
152064.jpg,88,122,8966.0,train
060252.jpg,335,464,8966.0,train
079163.jpg,333,461,8966.0,train
049174.jpg,75,104,8966.0,train
096114.jpg,164,227,8966.0,train
020879.jpg,107,148,8966.0,train
039654.jpg,138,191,8966.0,train
040394.jpg,140,194,8966.0,train
022200.jpg,304,421,8966.0,train
142116.jpg,172,238,8966.0,train
024011.jpg,198,274,8966.0,train
138666.jpg,133,184,8966.0,train
154617.jpg,205,284,5529.0,train
103909.jpg,239,331,5529.0,train
064501.jpg,151,209,5529.0,train
131719.jpg,122,169,5529.0,train
038578.jpg,174,241,5529.0,train
052677.jpg,138,191,5529.0,train
129197.jpg,146,202,5529.0,train
004591.jpg,151,209,5529.0,train
154407.jpg,117,162,5529.0,train
070714.jpg,112,155,5529.0,train
087130.jpg,94,130,5529.0,train
055598.jpg,112,155,5529.0,train
104135.jpg,250,346,5529.0,train
005589.jpg,117,162,5529.0,train
023138.jpg,161,223,5529.0,train
030414.jpg,242,335,5529.0,train
010127.jpg,172,238,5529.0,train
134563.jpg,172,238,5529.0,train
018960.jpg,114,158,5529.0,train
132817.jpg,226,313,5529.0,train
153002.jpg,549,760,301.0,train
090219.jpg,109,151,301.0,train
071922.jpg,1030,1426,301.0,train
122801.jpg,148,205,301.0,train
037670.jpg,536,742,301.0,train
038652.jpg,671,929,301.0,train
121180.jpg,187,259,301.0,train
004632.jpg,263,364,301.0,train
143156.jpg,156,216,301.0,train
075743.jpg,728,1004,301.0,train
089377.jpg,213,295,301.0,train
071229.jpg,1092,1437,301.0,train
090462.jpg,1251,1732,301.0,train
008498.jpg,629,871,301.0,train
021134.jpg,156,216,301.0,train
024316.jpg,315,436,301.0,train
013108.jpg,244,338,301.0,train
132222.jpg,135,187,301.0,train
013688.jpg,330,457,301.0,train
128196.jpg,203,281,301.0,train
156803.jpg,153,212,5126.0,train
094515.jpg,83,115,5126.0,train
081451.jpg,174,241,5126.0,train
123182.jpg,172,238,5126.0,train
066222.jpg,211,292,5126.0,train
074138.jpg,125,173,5126.0,train
119623.jpg,114,158,5126.0,train
009693.jpg,148,205,5126.0,train
153511.jpg,138,191,5126.0,train
083859.jpg,107,148,5126.0,train
086028.jpg,138,191,5126.0,train
079336.jpg,135,187,5126.0,train
116218.jpg,185,256,5126.0,train
025944.jpg,133,184,5126.0,train
033196.jpg,88,122,5126.0,train
038987.jpg,161,223,5126.0,train
027704.jpg,133,184,5126.0,train
130480.jpg,75,104,5126.0,train
031352.jpg,166,230,5126.0,train
125555.jpg,133,184,5126.0,train
148114.jpg,151,209,8957.0,train
076449.jpg,169,234,8957.0,train
067142.jpg,177,245,8957.0,train
102011.jpg,208,288,8957.0,train
051627.jpg,159,220,8957.0,train
057886.jpg,161,223,8957.0,train
098513.jpg,164,227,8957.0,train
010857.jpg,130,180,8957.0,train
147210.jpg,127,176,8957.0,train
067256.jpg,88,122,8957.0,train
072195.jpg,117,162,8957.0,train
063740.jpg,88,122,8957.0,train
085550.jpg,166,230,8957.0,train
022016.jpg,239,331,8957.0,train
040786.jpg,135,187,8957.0,train
043310.jpg,135,187,8957.0,train
022830.jpg,133,184,8957.0,train
133794.jpg,140,194,8957.0,train
033941.jpg,133,184,8957.0,train
109031.jpg,120,166,8957.0,train
145705.jpg,218,302,5124.0,train
078935.jpg,172,238,5124.0,train
053734.jpg,226,313,5124.0,train
109289.jpg,135,187,5124.0,train
043570.jpg,104,144,5124.0,train
047702.jpg,239,331,5124.0,train
102327.jpg,99,137,5124.0,train
007518.jpg,458,634,5124.0,train
129146.jpg,172,238,5124.0,train
057276.jpg,166,230,5124.0,train
076783.jpg,242,335,5124.0,train
053564.jpg,221,306,5124.0,train
086570.jpg,166,230,5124.0,train
008783.jpg,109,151,5124.0,train
021380.jpg,874,1210,5124.0,train
023357.jpg,172,238,5124.0,train
015273.jpg,99,137,5124.0,train
119996.jpg,104,144,5124.0,train
019438.jpg,70,97,5124.0,train
115651.jpg,200,277,5124.0,train
138004.jpg,86,119,10003.0,train
083837.jpg,94,130,10003.0,train
069306.jpg,250,346,10003.0,train
123770.jpg,200,277,10003.0,train
061558.jpg,156,216,10003.0,train
063863.jpg,112,155,10003.0,train
120927.jpg,143,198,10003.0,train
006760.jpg,283,392,10003.0,train
135649.jpg,130,180,10003.0,train
072280.jpg,81,112,10003.0,train
083695.jpg,146,202,10003.0,train
068934.jpg,229,317,10003.0,train
088993.jpg,127,152,10003.0,train
011693.jpg,101,140,10003.0,train
023484.jpg,122,169,10003.0,train
025691.jpg,112,155,10003.0,train
019741.jpg,296,334,10003.0,train
134625.jpg,159,220,10003.0,train
023104.jpg,96,133,10003.0,train
126191.jpg,143,197,10003.0,train
143351.jpg,302,418,10000.0,train
087915.jpg,237,328,10000.0,train
054153.jpg,276,382,10000.0,train
128580.jpg,156,216,10000.0,train
028381.jpg,276,382,10000.0,train
029990.jpg,200,277,10000.0,train
124888.jpg,221,306,10000.0,train
000801.jpg,270,374,10000.0,train
142470.jpg,283,392,10000.0,train
059448.jpg,153,212,10000.0,train
082949.jpg,211,292,10000.0,train
040285.jpg,182,252,10000.0,train
112577.jpg,320,443,10000.0,train
001530.jpg,198,274,10000.0,train
011341.jpg,135,187,10000.0,train
011750.jpg,177,245,10000.0,train
003022.jpg,161,230,10000.0,train
138115.jpg,341,472,10000.0,train
008900.jpg,312,432,10000.0,train
133456.jpg,411,569,10000.0,train
155939.jpg,112,155,6199.0,train
101672.jpg,140,194,6199.0,train
075182.jpg,983,1361,6199.0,train
129464.jpg,156,216,6199.0,train
051821.jpg,229,317,6199.0,train
054662.jpg,146,202,6199.0,train
129270.jpg,146,202,6199.0,train
004170.jpg,112,155,6199.0,train
147560.jpg,424,587,6199.0,train
078922.jpg,166,230,6199.0,train
099577.jpg,192,266,6199.0,train
074184.jpg,140,194,6199.0,train
104929.jpg,387,536,6199.0,train
006415.jpg,239,331,6199.0,train
028860.jpg,962,1332,6199.0,train
030227.jpg,153,212,6199.0,train
012440.jpg,143,198,6199.0,train
134747.jpg,198,274,6199.0,train
022361.jpg,205,284,6199.0,train
130664.jpg,140,194,6199.0,train
150640.jpg,239,331,985.0,train
083971.jpg,231,320,985.0,train
078545.jpg,707,979,985.0,train
101254.jpg,268,371,985.0,train
061603.jpg,983,1361,985.0,train
068607.jpg,653,904,985.0,train
100888.jpg,658,874,985.0,train
014925.jpg,309,428,985.0,train
149135.jpg,827,1145,985.0,train
079817.jpg,182,252,985.0,train
083574.jpg,281,389,985.0,train
073428.jpg,1225,1696,985.0,train
085547.jpg,705,976,985.0,train
018476.jpg,229,317,985.0,train
025790.jpg,296,410,985.0,train
029963.jpg,224,310,985.0,train
019530.jpg,148,205,985.0,train
125037.jpg,517,716,985.0,train
024634.jpg,346,479,985.0,train
121185.jpg,244,338,985.0,train
161012.jpg,276,382,5488.0,train
094357.jpg,234,324,5488.0,train
070801.jpg,395,547,5488.0,train
148471.jpg,252,349,5488.0,train
056978.jpg,244,338,5488.0,train
061472.jpg,367,508,5488.0,train
130975.jpg,218,302,5488.0,train
005255.jpg,341,472,5488.0,train
159883.jpg,380,526,5488.0,train
079635.jpg,328,454,5488.0,train
094125.jpg,281,389,5488.0,train
065741.jpg,217,346,5488.0,train
094410.jpg,406,562,5488.0,train
010074.jpg,237,328,5488.0,train
030156.jpg,250,346,5488.0,train
035261.jpg,315,436,5488.0,train
013211.jpg,205,284,5488.0,train
155541.jpg,268,371,5488.0,train
022597.jpg,208,288,5488.0,train
149696.jpg,377,522,5488.0,train
143721.jpg,286,396,6147.0,train
103819.jpg,278,385,6147.0,train
085135.jpg,390,540,6147.0,train
130364.jpg,270,374,6147.0,train
058990.jpg,1136,1573,6147.0,train
066835.jpg,289,400,6147.0,train
121898.jpg,476,659,6147.0,train
010794.jpg,502,695,6147.0,train
138793.jpg,140,194,6147.0,train
085632.jpg,419,580,6147.0,train
097924.jpg,666,922,6147.0,train
083405.jpg,218,302,6147.0,train
105817.jpg,502,695,6147.0,train
016090.jpg,507,702,6147.0,train
029093.jpg,507,702,6147.0,train
035817.jpg,120,166,6147.0,train
019684.jpg,281,389,6147.0,train
132724.jpg,166,230,6147.0,train
025036.jpg,413,572,6147.0,train
131907.jpg,135,187,6147.0,train
161619.jpg,528,731,5173.0,train
099409.jpg,187,259,5173.0,train
088571.jpg,185,256,5173.0,train
142319.jpg,471,652,5173.0,train
059053.jpg,281,389,5173.0,train
071834.jpg,447,619,5173.0,train
137699.jpg,146,202,5173.0,train
000132.jpg,299,414,5173.0,train
149283.jpg,231,320,5173.0,train
090268.jpg,468,648,5173.0,train
097272.jpg,387,536,5173.0,train
087468.jpg,218,302,5173.0,train
101656.jpg,343,475,5173.0,train
005973.jpg,458,634,5173.0,train
011084.jpg,195,270,5173.0,train
027614.jpg,234,324,5173.0,train
010025.jpg,315,436,5173.0,train
148286.jpg,307,425,5173.0,train
010519.jpg,182,252,5173.0,train
145890.jpg,179,248,5173.0,train
159589.jpg,502,695,9056.0,train
088412.jpg,211,292,9056.0,train
066827.jpg,114,158,9056.0,train
137629.jpg,343,475,9056.0,train
047424.jpg,221,306,9056.0,train
049015.jpg,166,230,9056.0,train
111958.jpg,335,464,9056.0,train
008155.jpg,255,353,9056.0,train
158609.jpg,135,187,9056.0,train
072647.jpg,270,374,9056.0,train
083332.jpg,216,299,9056.0,train
066375.jpg,185,256,9056.0,train
095074.jpg,203,281,9056.0,train
013656.jpg,99,137,9056.0,train
038210.jpg,426,590,9056.0,train
043520.jpg,203,281,9056.0,train
019001.jpg,369,511,9056.0,train
153233.jpg,432,598,9056.0,train
021804.jpg,185,256,9056.0,train
151506.jpg,159,220,9056.0,train
155279.jpg,96,133,5491.0,train
120513.jpg,660,914,5491.0,train
075572.jpg,99,137,5491.0,train
145324.jpg,148,205,5491.0,train
060346.jpg,458,634,5491.0,train
064072.jpg,257,356,5491.0,train
140196.jpg,133,184,5491.0,train
003304.jpg,697,965,5491.0,train
154783.jpg,239,331,5491.0,train
081303.jpg,86,119,5491.0,train
117815.jpg,255,353,5491.0,train
074486.jpg,198,274,5491.0,train
121290.jpg,143,198,5491.0,train
014797.jpg,208,288,5491.0,train
041705.jpg,484,670,5491.0,train
042265.jpg,177,245,5491.0,train
019350.jpg,468,648,5491.0,train
151949.jpg,455,630,5491.0,train
036432.jpg,213,295,5491.0,train
146426.jpg,185,256,5491.0,train
151451.jpg,263,364,5165.0,train
098711.jpg,257,356,5165.0,train
086924.jpg,247,342,5165.0,train
134662.jpg,159,220,5165.0,train
034130.jpg,70,97,5165.0,train
037680.jpg,192,266,5165.0,train
133628.jpg,120,166,5165.0,train
003336.jpg,169,234,5165.0,train
150569.jpg,107,148,5165.0,train
088702.jpg,190,263,5165.0,train
092363.jpg,174,241,5165.0,train
085139.jpg,179,248,5165.0,train
100251.jpg,304,421,5165.0,train
004717.jpg,146,202,5165.0,train
015183.jpg,133,184,5165.0,train
016490.jpg,104,144,5165.0,train
007575.jpg,146,202,5165.0,train
147987.jpg,190,263,5165.0,train
012856.jpg,156,216,5165.0,train
136482.jpg,133,184,5165.0,train
147188.jpg,99,137,987.0,train
119970.jpg,252,349,987.0,train
089201.jpg,161,223,987.0,train
130578.jpg,112,155,987.0,train
065515.jpg,114,158,987.0,train
074570.jpg,143,181,987.0,train
129579.jpg,203,281,987.0,train
011287.jpg,364,504,987.0,train
144921.jpg,203,281,987.0,train
089224.jpg,153,212,987.0,train
117823.jpg,172,238,987.0,train
088217.jpg,138,191,987.0,train
121491.jpg,255,353,987.0,train
014206.jpg,143,198,987.0,train
033719.jpg,140,194,987.0,train
034797.jpg,224,310,987.0,train
015234.jpg,96,133,987.0,train
136034.jpg,135,187,987.0,train
026721.jpg,192,266,987.0,train
132787.jpg,283,392,987.0,train
154676.jpg,936,1296,6152.0,train
057441.jpg,299,414,6152.0,train
052959.jpg,138,191,6152.0,train
108964.jpg,315,436,6152.0,train
036106.jpg,226,313,6152.0,train
040282.jpg,247,342,6152.0,train
102311.jpg,234,324,6152.0,train
006004.jpg,242,335,6152.0,train
144141.jpg,109,151,6152.0,train
053225.jpg,400,554,6152.0,train
055720.jpg,135,187,6152.0,train
049884.jpg,107,148,6152.0,train
077902.jpg,1076,1490,6152.0,train
009305.jpg,231,320,6152.0,train
019299.jpg,242,335,6152.0,train
020436.jpg,234,324,6152.0,train
012161.jpg,88,122,6152.0,train
125294.jpg,133,184,6152.0,train
016538.jpg,229,317,6152.0,train
113677.jpg,343,475,6152.0,train
161302.jpg,153,212,988.0,train
116397.jpg,333,461,988.0,train
087613.jpg,182,252,988.0,train
147388.jpg,242,335,988.0,train
046911.jpg,257,356,988.0,train
057857.jpg,96,133,988.0,train
146034.jpg,296,410,988.0,train
010889.jpg,182,252,988.0,train
160905.jpg,164,227,988.0,train
088443.jpg,289,400,988.0,train
114422.jpg,299,414,988.0,train
076034.jpg,120,166,988.0,train
120855.jpg,351,486,988.0,train
011780.jpg,174,241,988.0,train
037366.jpg,140,194,988.0,train
041652.jpg,148,205,988.0,train
018099.jpg,101,140,988.0,train
149139.jpg,179,248,988.0,train
025246.jpg,135,187,988.0,train
148673.jpg,530,734,988.0,train
155863.jpg,109,151,991.0,train
119362.jpg,234,324,991.0,train
080347.jpg,226,313,991.0,train
144482.jpg,250,346,991.0,train
047600.jpg,447,619,991.0,train
055510.jpg,135,187,991.0,train
137276.jpg,723,1001,991.0,train
011865.jpg,1154,1598,991.0,train
152331.jpg,299,414,991.0,train
099295.jpg,1456,2016,991.0,train
107629.jpg,377,522,991.0,train
068808.jpg,244,338,991.0,train
119833.jpg,99,137,991.0,train
025478.jpg,109,151,991.0,train
032163.jpg,281,389,991.0,train
041298.jpg,148,205,991.0,train
030834.jpg,239,331,991.0,train
147370.jpg,213,295,991.0,train
031473.jpg,88,122,991.0,train
147216.jpg,666,922,991.0,train
151559.jpg,185,256,993.0,train
104639.jpg,333,461,993.0,train
101942.jpg,169,234,993.0,train
129001.jpg,273,378,993.0,train
040583.jpg,195,270,993.0,train
070429.jpg,174,241,993.0,train
126672.jpg,442,612,993.0,train
003767.jpg,1061,1469,993.0,train
146938.jpg,608,842,993.0,train
102095.jpg,229,317,993.0,train
102839.jpg,369,511,993.0,train
098849.jpg,208,288,993.0,train
107921.jpg,520,720,993.0,train
003971.jpg,203,281,993.0,train
018404.jpg,660,914,993.0,train
030244.jpg,317,439,993.0,train
008026.jpg,281,389,993.0,train
139874.jpg,164,227,993.0,train
018131.jpg,177,245,993.0,train
138154.jpg,348,482,993.0,train
158927.jpg,122,169,9040.0,train
082872.jpg,94,130,9040.0,train
052825.jpg,83,115,9040.0,train
133901.jpg,91,126,9040.0,train
045445.jpg,257,356,9040.0,train
046906.jpg,148,205,9040.0,train
111336.jpg,115,169,9040.0,train
000007.jpg,211,292,9040.0,train
156407.jpg,250,346,9040.0,train
055710.jpg,185,256,9040.0,train
077311.jpg,343,475,9040.0,train
051555.jpg,257,356,9040.0,train
087912.jpg,257,356,9040.0,train
008201.jpg,179,248,9040.0,train
025883.jpg,315,421,9040.0,train
033472.jpg,255,353,9040.0,train
013638.jpg,166,230,9040.0,train
136162.jpg,216,259,9040.0,train
015336.jpg,291,403,9040.0,train
134269.jpg,286,396,9040.0,train
158379.jpg,109,151,6151.0,train
093854.jpg,351,486,6151.0,train
087885.jpg,104,144,6151.0,train
140795.jpg,411,569,6151.0,train
050519.jpg,393,544,6151.0,train
078841.jpg,432,598,6151.0,train
140633.jpg,278,385,6151.0,train
007077.jpg,731,1012,6151.0,train
154462.jpg,114,158,6151.0,train
091030.jpg,424,587,6151.0,train
093291.jpg,221,306,6151.0,train
080570.jpg,247,342,6151.0,train
096208.jpg,403,558,6151.0,train
007931.jpg,390,540,6151.0,train
028878.jpg,166,230,6151.0,train
031640.jpg,322,446,6151.0,train
018047.jpg,265,367,6151.0,train
146070.jpg,338,468,6151.0,train
028769.jpg,62,86,6151.0,train
141301.jpg,523,724,6151.0,train
157029.jpg,148,205,9027.0,train
109371.jpg,99,137,9027.0,train
086740.jpg,78,108,9027.0,train
130674.jpg,88,122,9027.0,train
056540.jpg,125,173,9027.0,train
056648.jpg,177,245,9027.0,train
130420.jpg,216,299,9027.0,train
000281.jpg,694,961,9027.0,train
155236.jpg,398,551,9027.0,train
088566.jpg,88,122,9027.0,train
106728.jpg,317,439,9027.0,train
062950.jpg,889,1231,9027.0,train
113774.jpg,164,227,9027.0,train
021548.jpg,195,270,9027.0,train
027947.jpg,764,1058,9027.0,train
032223.jpg,224,310,9027.0,train
026069.jpg,185,256,9027.0,train
146468.jpg,174,241,9027.0,train
026787.jpg,192,266,9027.0,train
146027.jpg,660,914,9027.0,train
148457.jpg,242,335,8946.0,train
104934.jpg,187,259,8946.0,train
085519.jpg,190,263,8946.0,train
133281.jpg,512,709,8946.0,train
031944.jpg,346,479,8946.0,train
040061.jpg,260,360,8946.0,train
132462.jpg,341,472,8946.0,train
000781.jpg,203,281,8946.0,train
140028.jpg,208,288,8946.0,train
088796.jpg,114,158,8946.0,train
097296.jpg,187,259,8946.0,train
061084.jpg,393,544,8946.0,train
106814.jpg,265,367,8946.0,train
001829.jpg,224,310,8946.0,train
022411.jpg,234,324,8946.0,train
026039.jpg,307,425,8946.0,train
010367.jpg,146,202,8946.0,train
135090.jpg,341,472,8946.0,train
014365.jpg,387,536,8946.0,train
134807.jpg,273,378,8946.0,train
133953.jpg,603,835,291.0,train
093643.jpg,244,338,291.0,train
082874.jpg,749,1037,291.0,train
115951.jpg,312,432,291.0,train
057904.jpg,117,162,291.0,train
061976.jpg,244,338,291.0,train
109928.jpg,88,122,291.0,train
015440.jpg,99,137,291.0,train
132078.jpg,211,292,291.0,train
090672.jpg,153,212,291.0,train
092692.jpg,161,223,291.0,train
074698.jpg,107,148,291.0,train
103616.jpg,148,205,291.0,train
016719.jpg,146,202,291.0,train
030584.jpg,257,356,291.0,train
032993.jpg,239,331,291.0,train
018698.jpg,1066,1476,291.0,train
124413.jpg,83,115,291.0,train
027378.jpg,156,216,291.0,train
122331.jpg,910,1260,291.0,train
147786.jpg,177,245,1145.0,train
099387.jpg,260,360,1145.0,train
075893.jpg,335,464,1145.0,train
134881.jpg,250,346,1145.0,train
038180.jpg,276,382,1145.0,train
059455.jpg,333,461,1145.0,train
128157.jpg,273,378,1145.0,train
000163.jpg,559,705,1145.0,train
145760.jpg,398,551,1145.0,train
084038.jpg,172,238,1145.0,train
097419.jpg,559,764,1145.0,train
068743.jpg,351,486,1145.0,train
108801.jpg,460,637,1145.0,train
006912.jpg,250,315,1145.0,train
031348.jpg,133,184,1145.0,train
033715.jpg,416,576,1145.0,train
014442.jpg,192,266,1145.0,train
141627.jpg,367,508,1145.0,train
018769.jpg,286,396,1145.0,train
137083.jpg,247,342,1145.0,train
155533.jpg,185,256,6180.0,train
076188.jpg,94,130,6180.0,train
040375.jpg,257,356,6180.0,train
099614.jpg,218,302,6180.0,train
024593.jpg,174,241,6180.0,train
026312.jpg,174,241,6180.0,train
094885.jpg,317,439,6180.0,train
002783.jpg,177,245,6180.0,train
154585.jpg,387,536,6180.0,train
055187.jpg,120,166,6180.0,train
066908.jpg,234,324,6180.0,train
035946.jpg,588,814,6180.0,train
080771.jpg,187,259,6180.0,train
003578.jpg,151,209,6180.0,train
017518.jpg,135,187,6180.0,train
019534.jpg,148,205,6180.0,train
010112.jpg,130,180,6180.0,train
122616.jpg,112,155,6180.0,train
011903.jpg,229,317,6180.0,train
107221.jpg,320,443,6180.0,train
155707.jpg,471,652,248.0,train
124739.jpg,195,270,248.0,train
084192.jpg,733,1015,248.0,train
145028.jpg,387,536,248.0,train
063177.jpg,348,482,248.0,train
063504.jpg,528,731,248.0,train
135921.jpg,437,605,248.0,train
004900.jpg,413,572,248.0,train
154293.jpg,400,554,248.0,train
104737.jpg,413,572,248.0,train
123916.jpg,257,356,248.0,train
077559.jpg,634,878,248.0,train
131960.jpg,268,371,248.0,train
015514.jpg,507,702,248.0,train
034466.jpg,489,677,248.0,train
047509.jpg,317,439,248.0,train
021946.jpg,416,576,248.0,train
149521.jpg,499,691,248.0,train
031017.jpg,478,662,248.0,train
145043.jpg,936,1296,248.0,train
136510.jpg,164,227,239.0,train
081304.jpg,200,277,239.0,train
068362.jpg,273,378,239.0,train
098676.jpg,1053,1458,239.0,train
046642.jpg,983,1361,239.0,train
055726.jpg,242,335,239.0,train
092925.jpg,309,428,239.0,train
016919.jpg,468,648,239.0,train
125083.jpg,580,803,239.0,train
073969.jpg,489,677,239.0,train
077995.jpg,325,450,239.0,train
066637.jpg,790,1094,239.0,train
081640.jpg,354,490,239.0,train
023184.jpg,322,446,239.0,train
030374.jpg,728,969,239.0,train
030969.jpg,265,367,239.0,train
023946.jpg,1165,1613,239.0,train
106552.jpg,359,497,239.0,train
026320.jpg,478,662,239.0,train
099895.jpg,286,396,239.0,train
141249.jpg,229,317,234.0,train
069463.jpg,265,367,234.0,train
048763.jpg,172,238,234.0,train
095305.jpg,166,230,234.0,train
036049.jpg,239,331,234.0,train
037157.jpg,562,778,234.0,train
091315.jpg,226,313,234.0,train
001243.jpg,133,184,234.0,train
135193.jpg,117,162,234.0,train
048804.jpg,187,259,234.0,train
069085.jpg,265,367,234.0,train
045396.jpg,270,374,234.0,train
079639.jpg,153,212,234.0,train
004348.jpg,156,216,234.0,train
017428.jpg,104,144,234.0,train
017653.jpg,166,230,234.0,train
011509.jpg,151,209,234.0,train
116544.jpg,179,248,234.0,train
011721.jpg,312,432,234.0,train
110718.jpg,130,180,234.0,train
154251.jpg,133,184,5078.0,train
095377.jpg,161,223,5078.0,train
072462.jpg,104,144,5078.0,train
135027.jpg,81,112,5078.0,train
039791.jpg,632,875,5078.0,train
053392.jpg,224,310,5078.0,train
134582.jpg,190,263,5078.0,train
008252.jpg,75,104,5078.0,train
150169.jpg,161,223,5078.0,train
082043.jpg,385,533,5078.0,train
095208.jpg,359,497,5078.0,train
064994.jpg,169,218,5078.0,train
099795.jpg,125,173,5078.0,train
009018.jpg,221,278,5078.0,train
020880.jpg,211,292,5078.0,train
021521.jpg,208,288,5078.0,train
012385.jpg,244,338,5078.0,train
147594.jpg,161,223,5078.0,train
013860.jpg,107,148,5078.0,train
141675.jpg,112,155,5078.0,train
159763.jpg,278,385,226.0,train
079373.jpg,278,385,226.0,train
065145.jpg,190,263,226.0,train
126345.jpg,122,169,226.0,train
046644.jpg,127,176,226.0,train
048177.jpg,304,421,226.0,train
119573.jpg,161,223,226.0,train
000242.jpg,296,410,226.0,train
156315.jpg,169,234,226.0,train
074688.jpg,304,421,226.0,train
075888.jpg,148,205,226.0,train
062960.jpg,200,277,226.0,train
084624.jpg,268,371,226.0,train
001201.jpg,244,338,226.0,train
019894.jpg,237,328,226.0,train
029354.jpg,741,1026,226.0,train
003541.jpg,169,234,226.0,train
135473.jpg,549,760,226.0,train
013631.jpg,221,306,226.0,train
129682.jpg,619,763,226.0,train
155584.jpg,169,234,5069.0,train
093094.jpg,143,198,5069.0,train
072098.jpg,242,335,5069.0,train
122874.jpg,281,389,5069.0,train
035898.jpg,148,205,5069.0,train
038104.jpg,192,266,5069.0,train
119489.jpg,99,137,5069.0,train
001951.jpg,104,144,5069.0,train
144643.jpg,169,234,5069.0,train
084790.jpg,229,317,5069.0,train
089503.jpg,304,421,5069.0,train
054163.jpg,224,310,5069.0,train
100793.jpg,302,418,5069.0,train
010598.jpg,234,324,5069.0,train
020329.jpg,122,169,5069.0,train
025613.jpg,325,450,5069.0,train
014938.jpg,96,133,5069.0,train
134036.jpg,148,205,5069.0,train
018880.jpg,127,176,5069.0,train
130947.jpg,166,230,5069.0,train
160035.jpg,270,374,1245.0,train
102550.jpg,177,245,1245.0,train
087005.jpg,91,126,1245.0,train
132953.jpg,255,353,1245.0,train
053707.jpg,283,392,1245.0,train
064192.jpg,242,335,1245.0,train
130175.jpg,130,180,1245.0,train
002519.jpg,244,338,1245.0,train
158755.jpg,374,518,1245.0,train
091572.jpg,205,284,1245.0,train
099496.jpg,151,209,1245.0,train
077789.jpg,153,212,1245.0,train
122227.jpg,104,144,1245.0,train
008469.jpg,208,288,1245.0,train
030770.jpg,96,133,1245.0,train
032243.jpg,263,364,1245.0,train
008669.jpg,99,137,1245.0,train
155648.jpg,296,410,1245.0,train
010084.jpg,268,371,1245.0,train
154530.jpg,151,209,1245.0,train
158244.jpg,257,356,8943.0,train
094477.jpg,268,371,8943.0,train
063076.jpg,335,464,8943.0,train
114412.jpg,200,277,8943.0,train
045048.jpg,208,288,8943.0,train
049356.jpg,138,191,8943.0,train
110064.jpg,273,378,8943.0,train
001760.jpg,234,324,8943.0,train
143779.jpg,133,184,8943.0,train
074808.jpg,710,983,8943.0,train
087591.jpg,164,227,8943.0,train
056710.jpg,107,148,8943.0,train
094581.jpg,294,407,8943.0,train
006500.jpg,312,432,8943.0,train
010094.jpg,234,324,8943.0,train
010960.jpg,367,508,8943.0,train
007341.jpg,234,324,8943.0,train
125769.jpg,213,295,8943.0,train
009530.jpg,289,400,8943.0,train
114647.jpg,182,252,8943.0,train
144547.jpg,138,191,10055.0,train
087374.jpg,156,216,10055.0,train
077321.jpg,257,356,10055.0,train
130286.jpg,159,220,10055.0,train
060713.jpg,637,882,10055.0,train
062191.jpg,143,198,10055.0,train
110500.jpg,640,886,10055.0,train
010554.jpg,283,392,10055.0,train
142000.jpg,593,809,10055.0,train
079483.jpg,211,292,10055.0,train
085064.jpg,169,234,10055.0,train
070536.jpg,78,108,10055.0,train
098141.jpg,237,328,10055.0,train
016200.jpg,221,306,10055.0,train
041900.jpg,382,529,10055.0,train
042973.jpg,346,479,10055.0,train
019656.jpg,112,155,10055.0,train
138000.jpg,229,317,10055.0,train
020579.jpg,294,407,10055.0,train
132447.jpg,250,346,10055.0,train
150284.jpg,99,137,6181.0,train
092170.jpg,120,166,6181.0,train
071954.jpg,252,349,6181.0,train
130804.jpg,161,223,6181.0,train
034498.jpg,213,295,6181.0,train
051240.jpg,315,436,6181.0,train
126914.jpg,185,256,6181.0,train
002129.jpg,94,130,6181.0,train
148564.jpg,83,115,6181.0,train
078546.jpg,369,511,6181.0,train
083111.jpg,146,202,6181.0,train
060086.jpg,151,209,6181.0,train
092609.jpg,122,169,6181.0,train
003018.jpg,205,284,6181.0,train
016153.jpg,151,209,6181.0,train
017609.jpg,117,162,6181.0,train
009294.jpg,127,176,6181.0,train
134666.jpg,120,166,6181.0,train
015331.jpg,244,338,6181.0,train
132566.jpg,120,166,6181.0,train
159101.jpg,122,169,5047.0,train
106284.jpg,120,166,5047.0,train
062520.jpg,182,252,5047.0,train
134250.jpg,138,191,5047.0,train
040939.jpg,130,180,5047.0,train
055566.jpg,99,137,5047.0,train
130394.jpg,81,112,5047.0,train
001331.jpg,138,191,5047.0,train
147544.jpg,99,137,5047.0,train
066852.jpg,216,299,5047.0,train
084532.jpg,109,151,5047.0,train
059868.jpg,208,288,5047.0,train
112932.jpg,143,198,5047.0,train
007750.jpg,57,79,5047.0,train
031826.jpg,177,245,5047.0,train
035831.jpg,133,184,5047.0,train
022162.jpg,127,176,5047.0,train
144513.jpg,122,169,5047.0,train
023018.jpg,153,212,5047.0,train
140137.jpg,263,364,5047.0,train
158162.jpg,250,346,8887.0,train
086591.jpg,109,151,8887.0,train
069559.jpg,122,169,8887.0,train
122326.jpg,127,176,8887.0,train
043169.jpg,250,346,8887.0,train
046753.jpg,190,263,8887.0,train
122034.jpg,281,389,8887.0,train
001473.jpg,112,155,8887.0,train
151316.jpg,166,230,8887.0,train
071548.jpg,364,504,8887.0,train
085725.jpg,382,529,8887.0,train
062616.jpg,640,886,8887.0,train
089618.jpg,140,194,8887.0,train
001603.jpg,117,162,8887.0,train
016444.jpg,208,288,8887.0,train
018224.jpg,281,389,8887.0,train
014510.jpg,205,284,8887.0,train
137239.jpg,354,490,8887.0,train
015484.jpg,187,259,8887.0,train
128008.jpg,224,310,8887.0,train
162574.jpg,200,277,10060.0,train
096285.jpg,330,457,10060.0,train
077969.jpg,146,202,10060.0,train
138030.jpg,205,284,10060.0,train
052619.jpg,174,241,10060.0,train
059145.jpg,130,180,10060.0,train
137003.jpg,312,432,10060.0,train
020676.jpg,94,130,10060.0,train
160201.jpg,83,115,10060.0,train
089162.jpg,120,166,10060.0,train
093846.jpg,140,194,10060.0,train
072855.jpg,174,241,10060.0,train
097612.jpg,151,209,10060.0,train
027043.jpg,177,245,10060.0,train
038659.jpg,213,295,10060.0,train
043059.jpg,135,187,10060.0,train
034249.jpg,138,191,10060.0,train
154701.jpg,109,151,10060.0,train
037819.jpg,309,428,10060.0,train
150654.jpg,109,151,10060.0,train
149020.jpg,117,162,1289.0,train
074162.jpg,78,108,1289.0,train
067104.jpg,86,119,1289.0,train
100158.jpg,146,202,1289.0,train
049082.jpg,307,425,1289.0,train
057001.jpg,88,122,1289.0,train
095659.jpg,88,122,1289.0,train
001277.jpg,133,184,1289.0,train
142020.jpg,156,216,1289.0,train
067628.jpg,172,238,1289.0,train
071466.jpg,211,292,1289.0,train
066546.jpg,255,353,1289.0,train
077855.jpg,133,184,1289.0,train
005334.jpg,156,216,1289.0,train
022478.jpg,198,274,1289.0,train
030402.jpg,114,158,1289.0,train
007218.jpg,161,223,1289.0,train
126718.jpg,187,259,1289.0,train
012715.jpg,125,173,1289.0,train
119554.jpg,442,612,1289.0,train
150185.jpg,439,608,250.0,train
082064.jpg,216,299,250.0,train
068198.jpg,268,371,250.0,train
118801.jpg,278,385,250.0,train
054062.jpg,133,184,250.0,train
055368.jpg,218,302,250.0,train
118320.jpg,177,245,250.0,train
001013.jpg,221,306,250.0,train
145515.jpg,179,248,250.0,train
069116.jpg,749,1037,250.0,train
078368.jpg,133,184,250.0,train
059004.jpg,406,562,250.0,train
086931.jpg,130,180,250.0,train
006619.jpg,211,292,250.0,train
029835.jpg,208,288,250.0,train
033387.jpg,325,450,250.0,train
012682.jpg,192,266,250.0,train
143806.jpg,107,148,250.0,train
022299.jpg,933,1292,250.0,train
131618.jpg,164,227,250.0,train
158328.jpg,94,130,5092.0,train
102658.jpg,104,144,5092.0,train
082759.jpg,148,205,5092.0,train
119229.jpg,317,439,5092.0,train
064389.jpg,211,292,5092.0,train
070752.jpg,221,306,5092.0,train
115050.jpg,133,184,5092.0,train
013228.jpg,179,248,5092.0,train
154237.jpg,164,227,5092.0,train
083520.jpg,276,382,5092.0,train
087505.jpg,198,274,5092.0,train
072461.jpg,151,209,5092.0,train
104202.jpg,216,299,5092.0,train
015104.jpg,107,148,5092.0,train
041845.jpg,140,194,5092.0,train
051776.jpg,286,396,5092.0,train
016474.jpg,81,112,5092.0,train
150676.jpg,156,216,5092.0,train
037972.jpg,151,209,5092.0,train
132103.jpg,148,205,5092.0,train
161020.jpg,229,317,5094.0,train
099003.jpg,335,464,5094.0,train
075752.jpg,390,540,5094.0,train
143530.jpg,296,410,5094.0,train
051370.jpg,198,274,5094.0,train
052526.jpg,172,238,5094.0,train
131059.jpg,372,515,5094.0,train
002174.jpg,203,281,5094.0,train
151419.jpg,372,515,5094.0,train
075797.jpg,161,223,5094.0,train
089050.jpg,226,313,5094.0,train
068402.jpg,356,493,5094.0,train
116155.jpg,367,508,5094.0,train
003795.jpg,421,583,5094.0,train
025481.jpg,338,468,5094.0,train
028821.jpg,239,331,5094.0,train
016452.jpg,341,472,5094.0,train
143900.jpg,218,302,5094.0,train
020823.jpg,515,713,5094.0,train
143815.jpg,416,576,5094.0,train
159572.jpg,432,598,10042.0,train
069489.jpg,112,155,10042.0,train
056500.jpg,192,266,10042.0,train
115742.jpg,143,198,10042.0,train
035873.jpg,216,299,10042.0,train
040689.jpg,205,284,10042.0,train
105281.jpg,94,130,10042.0,train
000609.jpg,244,338,10042.0,train
158408.jpg,309,428,10042.0,train
060333.jpg,109,151,10042.0,train
066568.jpg,107,148,10042.0,train
052027.jpg,341,472,10042.0,train
082278.jpg,159,220,10042.0,train
002460.jpg,174,241,10042.0,train
019242.jpg,135,187,10042.0,train
020233.jpg,296,410,10042.0,train
006308.jpg,125,173,10042.0,train
121177.jpg,325,450,10042.0,train
012670.jpg,101,140,10042.0,train
116449.jpg,161,223,10042.0,train
158877.jpg,304,421,5927.0,train
111729.jpg,138,191,5927.0,train
085980.jpg,117,162,5927.0,train
149384.jpg,117,162,5927.0,train
043241.jpg,99,137,5927.0,train
052681.jpg,117,162,5927.0,train
143740.jpg,133,184,5927.0,train
000098.jpg,101,140,5927.0,train
157339.jpg,99,137,5927.0,train
093442.jpg,114,158,5927.0,train
108835.jpg,99,137,5927.0,train
069522.jpg,177,245,5927.0,train
116600.jpg,148,205,5927.0,train
002619.jpg,125,173,5927.0,train
016689.jpg,224,310,5927.0,train
022575.jpg,172,238,5927.0,train
005413.jpg,127,176,5927.0,train
154037.jpg,114,158,5927.0,train
016552.jpg,42,58,5927.0,train
149842.jpg,96,133,5927.0,train
158459.jpg,351,486,1194.0,train
094759.jpg,296,410,1194.0,train
066294.jpg,291,403,1194.0,train
147432.jpg,78,108,1194.0,train
039262.jpg,224,310,1194.0,train
056223.jpg,413,572,1194.0,train
143077.jpg,200,277,1194.0,train
006899.jpg,208,288,1194.0,train
156636.jpg,86,119,1194.0,train
074237.jpg,263,364,1194.0,train
091450.jpg,200,277,1194.0,train
060915.jpg,229,317,1194.0,train
111213.jpg,190,263,1194.0,train
014318.jpg,198,274,1194.0,train
029461.jpg,117,162,1194.0,train
033225.jpg,140,194,1194.0,train
017352.jpg,335,464,1194.0,train
148662.jpg,88,122,1194.0,train
025585.jpg,177,245,1194.0,train
148293.jpg,216,299,1194.0,train
160523.jpg,107,148,6162.0,train
076720.jpg,109,151,6162.0,train
068529.jpg,127,176,6162.0,train
130644.jpg,198,274,6162.0,train
053219.jpg,96,133,6162.0,train
054602.jpg,221,306,6162.0,train
125835.jpg,133,184,6162.0,train
000824.jpg,96,133,6162.0,train
159907.jpg,127,176,6162.0,train
071120.jpg,140,194,6162.0,train
074256.jpg,114,158,6162.0,train
059091.jpg,101,140,6162.0,train
098193.jpg,177,245,6162.0,train
006707.jpg,112,155,6162.0,train
025956.jpg,125,173,6162.0,train
026863.jpg,83,115,6162.0,train
013054.jpg,130,180,6162.0,train
140656.jpg,96,133,6162.0,train
014513.jpg,94,130,6162.0,train
140248.jpg,109,151,6162.0,train
147881.jpg,122,169,5932.0,train
081184.jpg,114,158,5932.0,train
062428.jpg,140,194,5932.0,train
113085.jpg,216,299,5932.0,train
034825.jpg,307,425,5932.0,train
037152.jpg,221,306,5932.0,train
107839.jpg,164,227,5932.0,train
000883.jpg,135,187,5932.0,train
146195.jpg,185,256,5932.0,train
071455.jpg,109,151,5932.0,train
073158.jpg,62,86,5932.0,train
037759.jpg,250,346,5932.0,train
087690.jpg,57,79,5932.0,train
001067.jpg,156,216,5932.0,train
007704.jpg,416,576,5932.0,train
009234.jpg,174,241,5932.0,train
001320.jpg,195,270,5932.0,train
125253.jpg,146,202,5932.0,train
001940.jpg,107,148,5932.0,train
114144.jpg,263,364,5932.0,train
140792.jpg,419,580,1180.0,train
084297.jpg,216,299,1180.0,train
074356.jpg,260,360,1180.0,train
123137.jpg,187,259,1180.0,train
048130.jpg,234,324,1180.0,train
055245.jpg,182,252,1180.0,train
120265.jpg,252,349,1180.0,train
006162.jpg,226,313,1180.0,train
140404.jpg,198,274,1180.0,train
076047.jpg,234,324,1180.0,train
079230.jpg,224,310,1180.0,train
058637.jpg,151,209,1180.0,train
092589.jpg,343,475,1180.0,train
007696.jpg,265,367,1180.0,train
025397.jpg,195,270,1180.0,train
029013.jpg,307,425,1180.0,train
008299.jpg,203,281,1180.0,train
128162.jpg,244,338,1180.0,train
012317.jpg,309,428,1180.0,train
127744.jpg,260,360,1180.0,train
159288.jpg,309,428,5096.0,train
075073.jpg,179,248,5096.0,train
067883.jpg,416,576,5096.0,train
121061.jpg,208,288,5096.0,train
055323.jpg,335,464,5096.0,train
060055.jpg,182,252,5096.0,train
109500.jpg,517,688,5096.0,train
015052.jpg,252,349,5096.0,train
152707.jpg,185,256,5096.0,train
069533.jpg,247,342,5096.0,train
074067.jpg,595,824,5096.0,train
062687.jpg,533,738,5096.0,train
081565.jpg,265,367,5096.0,train
023558.jpg,250,346,5096.0,train
030358.jpg,177,245,5096.0,train
037789.jpg,221,306,5096.0,train
027209.jpg,174,241,5096.0,train
133724.jpg,156,216,5096.0,train
027807.jpg,315,436,5096.0,train
127628.jpg,205,284,5096.0,train
157693.jpg,348,482,8928.0,train
096091.jpg,187,259,8928.0,train
072599.jpg,101,140,8928.0,train
134010.jpg,166,230,8928.0,train
062366.jpg,307,425,8928.0,train
063448.jpg,247,342,8928.0,train
130628.jpg,109,151,8928.0,train
001102.jpg,146,202,8928.0,train
151129.jpg,239,331,8928.0,train
073952.jpg,172,238,8928.0,train
094437.jpg,94,130,8928.0,train
070056.jpg,117,162,8928.0,train
104011.jpg,122,169,8928.0,train
002218.jpg,138,191,8928.0,train
026639.jpg,161,223,8928.0,train
030002.jpg,107,148,8928.0,train
012742.jpg,434,601,8928.0,train
149935.jpg,304,421,8928.0,train
019555.jpg,343,475,8928.0,train
138473.jpg,81,112,8928.0,train
152937.jpg,153,212,273.0,train
094740.jpg,510,706,273.0,train
086045.jpg,783,1084,273.0,train
133552.jpg,486,673,273.0,train
041216.jpg,372,515,273.0,train
045871.jpg,530,734,273.0,train
128046.jpg,114,158,273.0,train
000103.jpg,237,328,273.0,train
144857.jpg,104,144,273.0,train
086926.jpg,770,1066,273.0,train
091632.jpg,494,684,273.0,train
070373.jpg,179,248,273.0,train
106949.jpg,148,205,273.0,train
002822.jpg,588,814,273.0,train
015069.jpg,962,1332,273.0,train
024891.jpg,172,238,273.0,train
005864.jpg,403,558,273.0,train
138272.jpg,276,382,273.0,train
013191.jpg,559,774,273.0,train
137651.jpg,642,889,273.0,train
156909.jpg,140,194,1170.0,train
062761.jpg,112,155,1170.0,train
052041.jpg,143,198,1170.0,train
103744.jpg,208,288,1170.0,train
037616.jpg,127,176,1170.0,train
038899.jpg,296,410,1170.0,train
098980.jpg,146,202,1170.0,train
001905.jpg,455,603,1170.0,train
131755.jpg,226,313,1170.0,train
053644.jpg,265,367,1170.0,train
060933.jpg,265,367,1170.0,train
046479.jpg,322,446,1170.0,train
069259.jpg,346,479,1170.0,train
006518.jpg,205,284,1170.0,train
015352.jpg,169,234,1170.0,train
016096.jpg,153,212,1170.0,train
009420.jpg,362,507,1170.0,train
107676.jpg,312,432,1170.0,train
009729.jpg,143,198,1170.0,train
104760.jpg,192,266,1170.0,train
161814.jpg,385,533,5537.0,train
104465.jpg,294,407,5537.0,train
054567.jpg,94,130,5537.0,train
140839.jpg,94,130,5537.0,train
032394.jpg,364,504,5537.0,train
036119.jpg,320,443,5537.0,train
131485.jpg,107,148,5537.0,train
002986.jpg,166,230,5537.0,train
158647.jpg,234,324,5537.0,train
084309.jpg,190,263,5537.0,train
103358.jpg,161,223,5537.0,train
050326.jpg,382,529,5537.0,train
110658.jpg,120,166,5537.0,train
009301.jpg,112,155,5537.0,train
017048.jpg,133,184,5537.0,train
019692.jpg,83,115,5537.0,train
011953.jpg,153,212,5537.0,train
156624.jpg,247,342,5537.0,train
015725.jpg,156,216,5537.0,train
153979.jpg,133,184,5537.0,train
146548.jpg,273,378,284.0,train
079678.jpg,104,144,284.0,train
065843.jpg,406,562,284.0,train
101625.jpg,127,176,284.0,train
041083.jpg,218,302,284.0,train
058524.jpg,133,184,284.0,train
097115.jpg,120,166,284.0,train
012049.jpg,307,425,284.0,train
145830.jpg,130,180,284.0,train
066919.jpg,120,166,284.0,train
073941.jpg,203,281,284.0,train
064592.jpg,112,155,284.0,train
082848.jpg,416,576,284.0,train
012252.jpg,148,205,284.0,train
024160.jpg,200,277,284.0,train
025104.jpg,229,317,284.0,train
014049.jpg,107,148,284.0,train
113580.jpg,203,281,284.0,train
018982.jpg,104,144,284.0,train
101634.jpg,109,151,284.0,train
152630.jpg,135,187,8933.0,train
073917.jpg,99,137,8933.0,train
053866.jpg,114,158,8933.0,train
127469.jpg,161,223,8933.0,train
023891.jpg,278,385,8933.0,train
024171.jpg,81,112,8933.0,train
109754.jpg,114,158,8933.0,train
004095.jpg,140,194,8933.0,train
152216.jpg,213,295,8933.0,train
062180.jpg,143,198,8933.0,train
072257.jpg,107,148,8933.0,train
043374.jpg,125,173,8933.0,train
074853.jpg,169,234,8933.0,train
005348.jpg,156,216,8933.0,train
009688.jpg,117,162,8933.0,train
013805.jpg,229,317,8933.0,train
006540.jpg,151,209,8933.0,train
138735.jpg,138,191,8933.0,train
008211.jpg,101,140,8933.0,train
133210.jpg,122,169,8933.0,train
137529.jpg,172,238,8942.0,train
078653.jpg,185,256,8942.0,train
054887.jpg,127,176,8942.0,train
109957.jpg,140,194,8942.0,train
029447.jpg,228,320,8942.0,train
037672.jpg,156,216,8942.0,train
106743.jpg,408,565,8942.0,train
001478.jpg,452,626,8942.0,train
127537.jpg,273,378,8942.0,train
061557.jpg,361,500,8942.0,train
064593.jpg,182,252,8942.0,train
043485.jpg,216,299,8942.0,train
081069.jpg,172,238,8942.0,train
002462.jpg,99,137,8942.0,train
013348.jpg,816,1130,8942.0,train
019853.jpg,861,1210,8942.0,train
002956.jpg,125,173,8942.0,train
118702.jpg,146,202,8942.0,train
008836.jpg,107,148,8942.0,train
111129.jpg,192,266,8942.0,train
147801.jpg,192,266,5180.0,train
074797.jpg,140,194,5180.0,train
066284.jpg,346,475,5180.0,train
108575.jpg,218,302,5180.0,train
053870.jpg,192,266,5180.0,train
061638.jpg,81,112,5180.0,train
105408.jpg,153,212,5180.0,train
011765.jpg,122,169,5180.0,train
124035.jpg,239,331,5180.0,train
070157.jpg,187,259,5180.0,train
073716.jpg,177,245,5180.0,train
065485.jpg,112,155,5180.0,train
080806.jpg,133,184,5180.0,train
023554.jpg,148,205,5180.0,train
036622.jpg,325,450,5180.0,train
046068.jpg,73,101,5180.0,train
033793.jpg,208,288,5180.0,train
122565.jpg,255,353,5180.0,train
035004.jpg,231,320,5180.0,train
121529.jpg,161,223,5180.0,train
148863.jpg,96,133,9116.0,train
077122.jpg,96,133,9116.0,train
067591.jpg,179,248,9116.0,train
134018.jpg,200,277,9116.0,train
055164.jpg,151,209,9116.0,train
061957.jpg,278,385,9116.0,train
132101.jpg,226,313,9116.0,train
006025.jpg,91,126,9116.0,train
148253.jpg,107,148,9116.0,train
068124.jpg,114,158,9116.0,train
076664.jpg,70,97,9116.0,train
067314.jpg,153,212,9116.0,train
088472.jpg,133,184,9116.0,train
013514.jpg,112,155,9116.0,train
041731.jpg,143,198,9116.0,train
043069.jpg,250,346,9116.0,train
016484.jpg,203,281,9116.0,train
140262.jpg,143,193,9116.0,train
033684.jpg,112,155,9116.0,train
135490.jpg,70,97,9116.0,train
142226.jpg,151,209,5182.0,train
088104.jpg,109,151,5182.0,train
071442.jpg,213,295,5182.0,train
120885.jpg,91,126,5182.0,train
047992.jpg,242,335,5182.0,train
053533.jpg,148,205,5182.0,train
120549.jpg,127,176,5182.0,train
003287.jpg,234,324,5182.0,train
141238.jpg,182,252,5182.0,train
074924.jpg,211,292,5182.0,train
086623.jpg,83,115,5182.0,train
059878.jpg,270,374,5182.0,train
100204.jpg,99,137,5182.0,train
019303.jpg,252,349,5182.0,train
029427.jpg,159,220,5182.0,train
035837.jpg,231,320,5182.0,train
019653.jpg,120,166,5182.0,train
131206.jpg,224,310,5182.0,train
025349.jpg,216,299,5182.0,train
121524.jpg,257,356,5182.0,train
149027.jpg,424,587,9794.0,train
085429.jpg,328,454,9794.0,train
057818.jpg,166,230,9794.0,train
125971.jpg,413,572,9794.0,train
046298.jpg,216,299,9794.0,train
047664.jpg,174,241,9794.0,train
120073.jpg,192,266,9794.0,train
002448.jpg,83,115,9794.0,train
145038.jpg,161,223,9794.0,train
064242.jpg,112,155,9794.0,train
082112.jpg,1495,2070,9794.0,train
057374.jpg,372,515,9794.0,train
085458.jpg,88,122,9794.0,train
004151.jpg,192,266,9794.0,train
013362.jpg,289,400,9794.0,train
023513.jpg,265,367,9794.0,train
005684.jpg,125,173,9794.0,train
133157.jpg,133,184,9794.0,train
012982.jpg,200,277,9794.0,train
127293.jpg,452,626,9794.0,train
154631.jpg,81,112,6087.0,train
095064.jpg,260,360,6087.0,train
062859.jpg,247,342,6087.0,train
125208.jpg,112,155,6087.0,train
049989.jpg,185,256,6087.0,train
059110.jpg,289,400,6087.0,train
123608.jpg,88,122,6087.0,train
003103.jpg,130,180,6087.0,train
145483.jpg,156,216,6087.0,train
073103.jpg,122,169,6087.0,train
078888.jpg,179,248,6087.0,train
061133.jpg,81,112,6087.0,train
104154.jpg,127,176,6087.0,train
005252.jpg,185,256,6087.0,train
017197.jpg,211,292,6087.0,train
018385.jpg,307,425,6087.0,train
014058.jpg,75,104,6087.0,train
139548.jpg,205,284,6087.0,train
016217.jpg,270,374,6087.0,train
138947.jpg,107,148,6087.0,train
132696.jpg,390,540,9601.0,train
087801.jpg,195,270,9601.0,train
072080.jpg,221,306,9601.0,train
110552.jpg,260,360,9601.0,train
033511.jpg,101,140,9601.0,train
042534.jpg,135,187,9601.0,train
110031.jpg,299,414,9601.0,train
009056.jpg,538,745,9601.0,train
126935.jpg,341,472,9601.0,train
080185.jpg,270,374,9601.0,train
085007.jpg,237,328,9601.0,train
070270.jpg,133,184,9601.0,train
091205.jpg,247,342,9601.0,train
012399.jpg,265,367,9601.0,train
018342.jpg,341,472,9601.0,train
019420.jpg,471,652,9601.0,train
012642.jpg,166,230,9601.0,train
120487.jpg,208,288,9601.0,train
014375.jpg,211,292,9601.0,train
114127.jpg,234,324,9601.0,train
154048.jpg,104,144,6036.0,train
114758.jpg,83,115,6036.0,train
079231.jpg,164,227,6036.0,train
136661.jpg,104,144,6036.0,train
043209.jpg,83,115,6036.0,train
047322.jpg,276,382,6036.0,train
129288.jpg,330,457,6036.0,train
001229.jpg,159,220,6036.0,train
151069.jpg,169,234,6036.0,train
098880.jpg,107,148,6036.0,train
110612.jpg,172,245,6036.0,train
061480.jpg,55,76,6036.0,train
116481.jpg,387,536,6036.0,train
019199.jpg,205,284,6036.0,train
025524.jpg,151,209,6036.0,train
028064.jpg,265,365,6036.0,train
021844.jpg,192,266,6036.0,train
143126.jpg,120,166,6036.0,train
025304.jpg,166,230,6036.0,train
142863.jpg,148,205,6036.0,train
157027.jpg,161,223,9790.0,train
111784.jpg,213,295,9790.0,train
101904.jpg,114,158,9790.0,train
141582.jpg,203,281,9790.0,train
056407.jpg,471,652,9790.0,train
061533.jpg,143,198,9790.0,train
139035.jpg,133,184,9790.0,train
001673.jpg,569,788,9790.0,train
149803.jpg,450,623,9790.0,train
101999.jpg,203,281,9790.0,train
111754.jpg,203,281,9790.0,train
101851.jpg,655,907,9790.0,train
129458.jpg,408,565,9790.0,train
006775.jpg,302,418,9790.0,train
039633.jpg,109,151,9790.0,train
042581.jpg,252,349,9790.0,train
022182.jpg,190,263,9790.0,train
146132.jpg,86,119,9790.0,train
027152.jpg,809,1120,9790.0,train
144451.jpg,478,629,9790.0,train
156787.jpg,309,428,9542.0,train
118304.jpg,239,331,9542.0,train
078234.jpg,1464,2027,9542.0,train
139254.jpg,270,374,9542.0,train
061972.jpg,627,868,9542.0,train
072372.jpg,775,1073,9542.0,train
136194.jpg,562,731,9542.0,train
001843.jpg,218,302,9542.0,train
151345.jpg,75,104,9542.0,train
088309.jpg,276,382,9542.0,train
111335.jpg,226,313,9542.0,train
076469.jpg,185,256,9542.0,train
118887.jpg,351,486,9542.0,train
005173.jpg,629,871,9542.0,train
025715.jpg,208,288,9542.0,train
027333.jpg,270,374,9542.0,train
016321.jpg,731,1012,9542.0,train
139662.jpg,369,511,9542.0,train
019715.jpg,213,295,9542.0,train
139326.jpg,432,598,9542.0,train
154444.jpg,252,349,9791.0,train
086786.jpg,127,176,9791.0,train
065451.jpg,582,806,9791.0,train
128635.jpg,234,324,9791.0,train
051363.jpg,143,198,9791.0,train
051373.jpg,205,284,9791.0,train
128083.jpg,99,137,9791.0,train
000692.jpg,369,511,9791.0,train
149179.jpg,179,248,9791.0,train
068295.jpg,400,554,9791.0,train
080296.jpg,218,302,9791.0,train
059220.jpg,198,274,9791.0,train
108274.jpg,213,295,9791.0,train
002801.jpg,520,720,9791.0,train
032713.jpg,244,338,9791.0,train
036320.jpg,172,238,9791.0,train
007347.jpg,281,389,9791.0,train
135371.jpg,874,1210,9791.0,train
025224.jpg,281,389,9791.0,train
131056.jpg,315,436,9791.0,train
143118.jpg,101,140,8570.0,train
072166.jpg,315,436,8570.0,train
050005.jpg,244,338,8570.0,train
108547.jpg,289,400,8570.0,train
037992.jpg,213,295,8570.0,train
039360.jpg,229,317,8570.0,train
095404.jpg,231,320,8570.0,train
003313.jpg,140,194,8570.0,train
119081.jpg,140,194,8570.0,train
052618.jpg,260,360,8570.0,train
055456.jpg,299,414,8570.0,train
047805.jpg,268,371,8570.0,train
073505.jpg,174,241,8570.0,train
008938.jpg,328,454,8570.0,train
016941.jpg,179,248,8570.0,train
026888.jpg,213,295,8570.0,train
010501.jpg,159,220,8570.0,train
113773.jpg,179,248,8570.0,train
012169.jpg,257,356,8570.0,train
111787.jpg,317,439,8570.0,train
142764.jpg,702,972,6110.0,train
091170.jpg,380,526,6110.0,train
058553.jpg,133,184,6110.0,train
116332.jpg,109,151,6110.0,train
037421.jpg,205,284,6110.0,train
039020.jpg,83,115,6110.0,train
115645.jpg,211,292,6110.0,train
001336.jpg,593,821,6110.0,train
135247.jpg,122,169,6110.0,train
064313.jpg,380,526,6110.0,train
090058.jpg,260,360,6110.0,train
058348.jpg,291,403,6110.0,train
095518.jpg,140,194,6110.0,train
007853.jpg,377,522,6110.0,train
024149.jpg,489,677,6110.0,train
025905.jpg,130,180,6110.0,train
020520.jpg,239,331,6110.0,train
124962.jpg,190,263,6110.0,train
021276.jpg,179,248,6110.0,train
118223.jpg,476,659,6110.0,train
154219.jpg,166,230,9795.0,train
091849.jpg,192,266,9795.0,train
079763.jpg,166,230,9795.0,train
110071.jpg,88,122,9795.0,train
062226.jpg,231,320,9795.0,train
064761.jpg,234,324,9795.0,train
108958.jpg,157,259,9795.0,train
005567.jpg,208,288,9795.0,train
137682.jpg,161,223,9795.0,train
081874.jpg,117,162,9795.0,train
083747.jpg,177,245,9795.0,train
074789.jpg,179,248,9795.0,train
092731.jpg,307,425,9795.0,train
008231.jpg,133,184,9795.0,train
026394.jpg,166,230,9795.0,train
032293.jpg,198,274,9795.0,train
014197.jpg,268,371,9795.0,train
122385.jpg,146,202,9795.0,train
023479.jpg,187,259,9795.0,train
117530.jpg,190,263,9795.0,train
154501.jpg,148,205,6024.0,train
090247.jpg,120,166,6024.0,train
074336.jpg,283,392,6024.0,train
115243.jpg,1108,1534,6024.0,train
064711.jpg,114,158,6024.0,train
064973.jpg,169,234,6024.0,train
109277.jpg,161,223,6024.0,train
007249.jpg,203,281,6024.0,train
152635.jpg,146,202,6024.0,train
077621.jpg,182,252,6024.0,train
081187.jpg,211,292,6024.0,train
073063.jpg,143,198,6024.0,train
090825.jpg,242,335,6024.0,train
011181.jpg,151,209,6024.0,train
031328.jpg,127,176,6024.0,train
031383.jpg,177,245,6024.0,train
017036.jpg,205,284,6024.0,train
138404.jpg,185,256,6024.0,train
026018.jpg,83,115,6024.0,train
121025.jpg,343,475,6024.0,train
139360.jpg,159,220,9797.0,train
115730.jpg,361,500,9797.0,train
102916.jpg,286,396,9797.0,train
119883.jpg,585,810,9797.0,train
083994.jpg,408,565,9797.0,train
085482.jpg,567,785,9797.0,train
119688.jpg,346,479,9797.0,train
001492.jpg,130,180,9797.0,train
139269.jpg,393,544,9797.0,train
103287.jpg,239,331,9797.0,train
111896.jpg,421,576,9797.0,train
102247.jpg,484,670,9797.0,train
118263.jpg,346,479,9797.0,train
004424.jpg,252,349,9797.0,train
054393.jpg,437,605,9797.0,train
055260.jpg,216,299,9797.0,train
005786.jpg,229,317,9797.0,train
134886.jpg,146,202,9797.0,train
019403.jpg,484,670,9797.0,train
133315.jpg,133,184,9797.0,train
148405.jpg,161,223,5272.0,train
085695.jpg,697,965,5272.0,train
052822.jpg,166,230,5272.0,train
114234.jpg,200,277,5272.0,train
035519.jpg,603,835,5272.0,train
038735.jpg,559,774,5272.0,train
108336.jpg,460,637,5272.0,train
009914.jpg,213,295,5272.0,train
141570.jpg,624,864,5272.0,train
057671.jpg,333,461,5272.0,train
081103.jpg,536,742,5272.0,train
047262.jpg,598,828,5272.0,train
090686.jpg,276,382,5272.0,train
010551.jpg,465,644,5272.0,train
029737.jpg,294,407,5272.0,train
030485.jpg,161,223,5272.0,train
020072.jpg,224,310,5272.0,train
126531.jpg,216,299,5272.0,train
028549.jpg,1347,1865,5272.0,train
122062.jpg,226,313,5272.0,train
152281.jpg,208,288,5264.0,train
092410.jpg,148,205,5264.0,train
069069.jpg,250,346,5264.0,train
135657.jpg,96,133,5264.0,train
049243.jpg,122,169,5264.0,train
053055.jpg,426,590,5264.0,train
130070.jpg,83,115,5264.0,train
002360.jpg,81,112,5264.0,train
151974.jpg,205,284,5264.0,train
075863.jpg,99,137,5264.0,train
088517.jpg,159,220,5264.0,train
066118.jpg,216,299,5264.0,train
104152.jpg,112,155,5264.0,train
025354.jpg,166,230,5264.0,train
037433.jpg,117,162,5264.0,train
037521.jpg,213,295,5264.0,train
027545.jpg,159,220,5264.0,train
150164.jpg,117,162,5264.0,train
032633.jpg,107,148,5264.0,train
142607.jpg,172,238,5264.0,train
145566.jpg,190,263,5415.0,train
104859.jpg,299,414,5415.0,train
084974.jpg,117,162,5415.0,train
123490.jpg,172,238,5415.0,train
040443.jpg,148,205,5415.0,train
058786.jpg,179,248,5415.0,train
119956.jpg,190,263,5415.0,train
000645.jpg,148,205,5415.0,train
138403.jpg,190,263,5415.0,train
086352.jpg,237,328,5415.0,train
101134.jpg,169,234,5415.0,train
070924.jpg,114,158,5415.0,train
113300.jpg,86,119,5415.0,train
006666.jpg,172,238,5415.0,train
018230.jpg,161,223,5415.0,train
034526.jpg,156,216,5415.0,train
010016.jpg,174,241,5415.0,train
131840.jpg,200,277,5415.0,train
018188.jpg,237,328,5415.0,train
126361.jpg,159,220,5415.0,train
146640.jpg,91,126,9669.0,train
088855.jpg,86,119,9669.0,train
085664.jpg,283,380,9669.0,train
114295.jpg,127,176,9669.0,train
062124.jpg,179,248,9669.0,train
070181.jpg,182,252,9669.0,train
109416.jpg,88,122,9669.0,train
002262.jpg,185,256,9669.0,train
139584.jpg,117,162,9669.0,train
086407.jpg,273,378,9669.0,train
088835.jpg,187,259,9669.0,train
080227.jpg,73,101,9669.0,train
092086.jpg,203,281,9669.0,train
014391.jpg,309,393,9669.0,train
035081.jpg,247,342,9669.0,train
038215.jpg,90,110,9669.0,train
033558.jpg,109,151,9669.0,train
121952.jpg,86,119,9669.0,train
034771.jpg,75,104,9669.0,train
118916.jpg,65,90,9669.0,train
150154.jpg,325,450,6042.0,train
061303.jpg,270,374,6042.0,train
050651.jpg,169,234,6042.0,train
128099.jpg,161,223,6042.0,train
026205.jpg,109,151,6042.0,train
041605.jpg,112,155,6042.0,train
113490.jpg,174,241,6042.0,train
004078.jpg,140,194,6042.0,train
138864.jpg,96,133,6042.0,train
051912.jpg,237,328,6042.0,train
060972.jpg,211,292,6042.0,train
047501.jpg,138,191,6042.0,train
067345.jpg,218,302,6042.0,train
007799.jpg,1316,1822,6042.0,train
017296.jpg,114,158,6042.0,train
022064.jpg,278,385,6042.0,train
011982.jpg,416,576,6042.0,train
131529.jpg,156,216,6042.0,train
014937.jpg,117,162,6042.0,train
129256.jpg,138,191,6042.0,train
152756.jpg,179,248,6077.0,train
107033.jpg,289,400,6077.0,train
065224.jpg,153,212,6077.0,train
142595.jpg,603,835,6077.0,train
051398.jpg,104,144,6077.0,train
056768.jpg,255,353,6077.0,train
135352.jpg,200,277,6077.0,train
001298.jpg,309,428,6077.0,train
152626.jpg,161,223,6077.0,train
071547.jpg,138,191,6077.0,train
104958.jpg,151,209,6077.0,train
060330.jpg,211,292,6077.0,train
115066.jpg,242,335,6077.0,train
005922.jpg,231,320,6077.0,train
026109.jpg,226,313,6077.0,train
028516.jpg,151,209,6077.0,train
013699.jpg,380,526,6077.0,train
144340.jpg,216,299,6077.0,train
018903.jpg,439,608,6077.0,train
143939.jpg,281,389,6077.0,train
153720.jpg,57,79,679.0,train
115676.jpg,192,266,679.0,train
095312.jpg,325,450,679.0,train
132010.jpg,294,407,679.0,train
067028.jpg,224,310,679.0,train
073579.jpg,208,288,679.0,train
130413.jpg,424,587,679.0,train
003811.jpg,224,310,679.0,train
151409.jpg,257,356,679.0,train
103855.jpg,211,292,679.0,train
108001.jpg,140,194,679.0,train
092562.jpg,122,169,679.0,train
116773.jpg,208,288,679.0,train
009776.jpg,177,245,679.0,train
039589.jpg,811,1123,679.0,train
055758.jpg,218,302,679.0,train
015087.jpg,406,562,679.0,train
134853.jpg,374,518,679.0,train
029823.jpg,655,907,679.0,train
132858.jpg,824,1141,679.0,train
155040.jpg,88,122,5370.0,train
088495.jpg,143,198,5370.0,train
058631.jpg,146,202,5370.0,train
120307.jpg,224,310,5370.0,train
037742.jpg,122,169,5370.0,train
055944.jpg,221,306,5370.0,train
114440.jpg,198,274,5370.0,train
013407.jpg,130,180,5370.0,train
153053.jpg,268,371,5370.0,train
063402.jpg,75,104,5370.0,train
080484.jpg,260,360,5370.0,train
057089.jpg,242,335,5370.0,train
098300.jpg,107,148,5370.0,train
015768.jpg,242,335,5370.0,train
021206.jpg,195,270,5370.0,train
023133.jpg,159,220,5370.0,train
016339.jpg,211,292,5370.0,train
132792.jpg,86,119,5370.0,train
019919.jpg,146,202,5370.0,train
121255.jpg,166,230,5370.0,train
162425.jpg,239,331,5369.0,train
114354.jpg,94,130,5369.0,train
088768.jpg,208,288,5369.0,train
133943.jpg,905,1253,5369.0,train
064887.jpg,127,176,5369.0,train
070119.jpg,231,320,5369.0,train
133346.jpg,130,180,5369.0,train
005379.jpg,247,342,5369.0,train
162362.jpg,133,184,5369.0,train
092484.jpg,1079,1494,5369.0,train
103626.jpg,146,202,5369.0,train
087909.jpg,237,328,5369.0,train
119226.jpg,159,220,5369.0,train
012897.jpg,112,155,5369.0,train
024030.jpg,172,238,5369.0,train
033020.jpg,143,198,5369.0,train
014241.jpg,159,220,5369.0,train
148501.jpg,101,140,5369.0,train
017255.jpg,138,191,5369.0,train
143233.jpg,140,194,5369.0,train
156953.jpg,140,194,674.0,train
107344.jpg,125,173,674.0,train
088871.jpg,533,738,674.0,train
134129.jpg,198,274,674.0,train
049681.jpg,611,846,674.0,train
071642.jpg,473,655,674.0,train
133801.jpg,387,536,674.0,train
004690.jpg,213,295,674.0,train
156440.jpg,221,306,674.0,train
094364.jpg,507,702,674.0,train
103799.jpg,671,929,674.0,train
087592.jpg,790,1094,674.0,train
115586.jpg,224,310,674.0,train
005843.jpg,1378,1908,674.0,train
031667.jpg,494,684,674.0,train
040236.jpg,273,378,674.0,train
021036.jpg,320,443,674.0,train
150237.jpg,255,353,674.0,train
022690.jpg,1123,1555,674.0,train
140463.jpg,260,360,674.0,train
162123.jpg,96,133,6076.0,train
100292.jpg,205,284,6076.0,train
071937.jpg,148,205,6076.0,train
124508.jpg,229,317,6076.0,train
044175.jpg,122,169,6076.0,train
049007.jpg,114,158,6076.0,train
120890.jpg,133,184,6076.0,train
006934.jpg,120,166,6076.0,train
145727.jpg,135,187,6076.0,train
085290.jpg,164,227,6076.0,train
091196.jpg,146,202,6076.0,train
058370.jpg,224,310,6076.0,train
105400.jpg,65,90,6076.0,train
011621.jpg,198,274,6076.0,train
012948.jpg,122,169,6076.0,train
017254.jpg,153,212,6076.0,train
012226.jpg,99,137,6076.0,train
144873.jpg,133,184,6076.0,train
012323.jpg,96,133,6076.0,train
134451.jpg,94,130,6076.0,train
142976.jpg,164,227,5326.0,train
091594.jpg,146,202,5326.0,train
077129.jpg,437,605,5326.0,train
113050.jpg,445,616,5326.0,train
053065.jpg,231,320,5326.0,train
057795.jpg,827,1145,5326.0,train
107702.jpg,499,691,5326.0,train
001915.jpg,551,763,5326.0,train
142806.jpg,234,324,5326.0,train
079672.jpg,177,245,5326.0,train
084407.jpg,138,191,5326.0,train
074740.jpg,312,432,5326.0,train
095498.jpg,117,162,5326.0,train
012045.jpg,749,1037,5326.0,train
032494.jpg,117,162,5326.0,train
042033.jpg,164,227,5326.0,train
023345.jpg,153,212,5326.0,train
116616.jpg,138,191,5326.0,train
029655.jpg,159,220,5326.0,train
113869.jpg,179,248,5326.0,train
147683.jpg,185,256,9689.0,train
102882.jpg,250,346,9689.0,train
081800.jpg,302,497,9689.0,train
114776.jpg,91,126,9689.0,train
063564.jpg,88,122,9689.0,train
074679.jpg,395,547,9689.0,train
111363.jpg,346,479,9689.0,train
008686.jpg,273,378,9689.0,train
138476.jpg,348,482,9689.0,train
083868.jpg,278,385,9689.0,train
089078.jpg,218,302,9689.0,train
077080.jpg,283,392,9689.0,train
103451.jpg,192,266,9689.0,train
019173.jpg,187,259,9689.0,train
032936.jpg,190,263,9689.0,train
036056.jpg,185,256,9689.0,train
026780.jpg,185,256,9689.0,train
132279.jpg,172,238,9689.0,train
032262.jpg,148,205,9689.0,train
125244.jpg,185,256,9689.0,train
152719.jpg,242,335,5329.0,train
107707.jpg,260,360,5329.0,train
093539.jpg,104,144,5329.0,train
141520.jpg,114,158,5329.0,train
041568.jpg,177,245,5329.0,train
055754.jpg,291,403,5329.0,train
140528.jpg,335,464,5329.0,train
000431.jpg,398,551,5329.0,train
148414.jpg,309,428,5329.0,train
095607.jpg,135,187,5329.0,train
106645.jpg,208,288,5329.0,train
085321.jpg,195,270,5329.0,train
108509.jpg,211,292,5329.0,train
006906.jpg,114,158,5329.0,train
022170.jpg,187,259,5329.0,train
023880.jpg,187,259,5329.0,train
018055.jpg,177,245,5329.0,train
145280.jpg,234,324,5329.0,train
018842.jpg,203,281,5329.0,train
141552.jpg,216,299,5329.0,train
145422.jpg,179,248,6050.0,train
108149.jpg,83,115,6050.0,train
075298.jpg,182,252,6050.0,train
130497.jpg,70,97,6050.0,train
042196.jpg,86,119,6050.0,train
043548.jpg,382,529,6050.0,train
119678.jpg,73,101,6050.0,train
006932.jpg,385,533,6050.0,train
142590.jpg,187,259,6050.0,train
080926.jpg,127,176,6050.0,train
089306.jpg,83,115,6050.0,train
074192.jpg,177,245,6050.0,train
108881.jpg,94,130,6050.0,train
007219.jpg,289,400,6050.0,train
019865.jpg,94,130,6050.0,train
031063.jpg,265,367,6050.0,train
011817.jpg,88,122,6050.0,train
130614.jpg,153,212,6050.0,train
012583.jpg,114,158,6050.0,train
130589.jpg,185,256,6050.0,train
144240.jpg,213,295,5361.0,train
062406.jpg,208,288,5361.0,train
051743.jpg,117,162,5361.0,train
097600.jpg,226,313,5361.0,train
041165.jpg,234,324,5361.0,train
045777.jpg,174,241,5361.0,train
096518.jpg,148,205,5361.0,train
000871.jpg,185,256,5361.0,train
133263.jpg,237,328,5361.0,train
053653.jpg,203,281,5361.0,train
056419.jpg,218,302,5361.0,train
049046.jpg,265,367,5361.0,train
062773.jpg,125,173,5361.0,train
002978.jpg,218,302,5361.0,train
021340.jpg,270,374,5361.0,train
034427.jpg,218,302,5361.0,train
006863.jpg,130,180,5361.0,train
105055.jpg,148,205,5361.0,train
012718.jpg,221,306,5361.0,train
102536.jpg,195,270,5361.0,train
158132.jpg,283,392,5341.0,train
128527.jpg,224,310,5341.0,train
095717.jpg,237,328,5341.0,train
150442.jpg,270,374,5341.0,train
062841.jpg,252,349,5341.0,train
068001.jpg,140,194,5341.0,train
140980.jpg,231,320,5341.0,train
000649.jpg,166,230,5341.0,train
157396.jpg,107,148,5341.0,train
097425.jpg,424,587,5341.0,train
123197.jpg,203,281,5341.0,train
086815.jpg,159,220,5341.0,train
131018.jpg,229,317,5341.0,train
009818.jpg,224,310,5341.0,train
029870.jpg,151,209,5341.0,train
031080.jpg,83,115,5341.0,train
023258.jpg,218,302,5341.0,train
155392.jpg,242,335,5341.0,train
028646.jpg,190,263,5341.0,train
151204.jpg,234,324,5341.0,train
158036.jpg,229,317,9697.0,train
089879.jpg,263,364,9697.0,train
075449.jpg,224,310,9697.0,train
124165.jpg,133,184,9697.0,train
066658.jpg,179,248,9697.0,train
068504.jpg,484,670,9697.0,train
124067.jpg,325,450,9697.0,train
001887.jpg,200,277,9697.0,train
150381.jpg,122,169,9697.0,train
080820.jpg,211,292,9697.0,train
089520.jpg,161,223,9697.0,train
073893.jpg,286,396,9697.0,train
104419.jpg,237,328,9697.0,train
008347.jpg,270,374,9697.0,train
020129.jpg,247,342,9697.0,train
040920.jpg,421,583,9697.0,train
009897.jpg,107,148,9697.0,train
139267.jpg,1066,1476,9697.0,train
016858.jpg,159,220,9697.0,train
125247.jpg,151,209,9697.0,train
154867.jpg,192,266,9698.0,train
095970.jpg,109,151,9698.0,train
088405.jpg,270,374,9698.0,train
129555.jpg,348,427,9698.0,train
069515.jpg,107,148,9698.0,train
070269.jpg,263,364,9698.0,train
119968.jpg,208,288,9698.0,train
009753.jpg,304,421,9698.0,train
149005.jpg,112,155,9698.0,train
089612.jpg,276,382,9698.0,train
095580.jpg,190,263,9698.0,train
085093.jpg,195,270,9698.0,train
104111.jpg,182,252,9698.0,train
020608.jpg,151,209,9698.0,train
048683.jpg,294,407,9698.0,train
054290.jpg,185,256,9698.0,train
033369.jpg,273,378,9698.0,train
137748.jpg,94,130,9698.0,train
036313.jpg,374,518,9698.0,train
135070.jpg,177,245,9698.0,train
157295.jpg,114,158,9703.0,train
080725.jpg,315,436,9703.0,train
068256.jpg,213,295,9703.0,train
125925.jpg,185,256,9703.0,train
054034.jpg,312,432,9703.0,train
058995.jpg,143,198,9703.0,train
120348.jpg,270,374,9703.0,train
000305.jpg,211,292,9703.0,train
136197.jpg,122,169,9703.0,train
068266.jpg,328,454,9703.0,train
074148.jpg,192,266,9703.0,train
067824.jpg,190,263,9703.0,train
083282.jpg,135,187,9703.0,train
000610.jpg,138,191,9703.0,train
009407.jpg,169,234,9703.0,train
009813.jpg,205,284,9703.0,train
003889.jpg,265,367,9703.0,train
130663.jpg,452,626,9703.0,train
004474.jpg,104,144,9703.0,train
126681.jpg,335,464,9703.0,train
137730.jpg,536,742,5262.0,train
102643.jpg,465,644,5262.0,train
088293.jpg,265,367,5262.0,train
119530.jpg,1264,1750,5262.0,train
072801.jpg,364,504,5262.0,train
074322.jpg,328,454,5262.0,train
118758.jpg,294,407,5262.0,train
002903.jpg,135,187,5262.0,train
132120.jpg,400,554,5262.0,train
097260.jpg,182,252,5262.0,train
101399.jpg,213,295,5262.0,train
078131.jpg,302,418,5262.0,train
107980.jpg,283,392,5262.0,train
012728.jpg,114,158,5262.0,train
027326.jpg,788,1091,5262.0,train
046317.jpg,281,389,5262.0,train
021011.jpg,179,248,5262.0,train
126118.jpg,239,331,5262.0,train
024125.jpg,218,302,5262.0,train
122554.jpg,252,349,5262.0,train
155068.jpg,166,230,9818.0,train
104496.jpg,138,191,9818.0,train
078583.jpg,213,295,9818.0,train
134740.jpg,237,328,9818.0,train
056616.jpg,182,252,9818.0,train
058395.jpg,122,169,9818.0,train
129340.jpg,148,205,9818.0,train
002219.jpg,325,450,9818.0,train
152252.jpg,309,428,9818.0,train
081246.jpg,120,166,9818.0,train
101102.jpg,190,263,9818.0,train
074037.jpg,177,245,9818.0,train
106659.jpg,169,234,9818.0,train
004676.jpg,268,371,9818.0,train
009786.jpg,174,241,9818.0,train
021578.jpg,281,389,9818.0,train
005156.jpg,309,428,9818.0,train
148754.jpg,294,407,9818.0,train
005472.jpg,148,205,9818.0,train
148423.jpg,255,353,9818.0,train
155033.jpg,172,238,9144.0,train
112183.jpg,673,932,9144.0,train
105095.jpg,491,680,9144.0,train
131541.jpg,424,587,9144.0,train
071290.jpg,187,259,9144.0,train
071366.jpg,174,241,9144.0,train
130978.jpg,458,634,9144.0,train
003484.jpg,218,302,9144.0,train
154548.jpg,252,349,9144.0,train
110373.jpg,307,425,9144.0,train
111403.jpg,148,205,9144.0,train
101583.jpg,112,155,9144.0,train
112261.jpg,408,565,9144.0,train
010123.jpg,252,349,9144.0,train
044524.jpg,244,338,9144.0,train
055694.jpg,385,533,9144.0,train
028061.jpg,122,169,9144.0,train
146542.jpg,322,446,9144.0,train
038746.jpg,169,234,9144.0,train
138210.jpg,247,342,9144.0,train
159197.jpg,130,180,5473.0,train
109535.jpg,515,713,5473.0,train
080986.jpg,208,288,5473.0,train
130679.jpg,291,403,5473.0,train
061866.jpg,322,446,5473.0,train
070132.jpg,289,400,5473.0,train
125318.jpg,471,652,5473.0,train
005019.jpg,127,176,5473.0,train
157623.jpg,257,356,5473.0,train
084223.jpg,242,335,5473.0,train
104260.jpg,538,745,5473.0,train
077539.jpg,86,119,5473.0,train
110594.jpg,153,212,5473.0,train
008811.jpg,250,346,5473.0,train
022949.jpg,473,655,5473.0,train
025708.jpg,528,731,5473.0,train
011847.jpg,231,320,5473.0,train
136980.jpg,83,115,5473.0,train
022346.jpg,104,144,5473.0,train
132138.jpg,88,122,5473.0,train
154518.jpg,133,184,423.0,train
091879.jpg,234,324,423.0,train
071162.jpg,195,270,423.0,train
130798.jpg,78,108,423.0,train
053076.jpg,205,284,423.0,train
057148.jpg,88,122,423.0,train
125145.jpg,161,223,423.0,train
012546.jpg,182,252,423.0,train
148643.jpg,257,356,423.0,train
073156.jpg,143,198,423.0,train
082259.jpg,190,263,423.0,train
064139.jpg,88,122,423.0,train
093677.jpg,112,155,423.0,train
023094.jpg,114,158,423.0,train
039887.jpg,135,187,423.0,train
040579.jpg,143,198,423.0,train
023973.jpg,117,162,423.0,train
135770.jpg,281,389,423.0,train
035683.jpg,169,234,423.0,train
132159.jpg,135,187,423.0,train
161448.jpg,569,788,5459.0,train
085709.jpg,185,256,5459.0,train
073152.jpg,1633,2261,5459.0,train
128862.jpg,387,536,5459.0,train
060281.jpg,294,395,5459.0,train
060314.jpg,278,385,5459.0,train
128124.jpg,216,299,5459.0,train
002107.jpg,290,410,5459.0,train
152515.jpg,385,533,5459.0,train
075621.jpg,359,497,5459.0,train
081898.jpg,140,194,5459.0,train
063794.jpg,260,360,5459.0,train
093122.jpg,270,373,5459.0,train
009920.jpg,216,299,5459.0,train
043696.jpg,315,436,5459.0,train
052888.jpg,421,583,5459.0,train
030578.jpg,286,396,5459.0,train
139117.jpg,88,122,5459.0,train
038045.jpg,1347,1865,5459.0,train
129358.jpg,101,140,5459.0,train
153226.jpg,244,338,5207.0,train
073265.jpg,255,353,5207.0,train
058948.jpg,270,374,5207.0,train
129055.jpg,307,425,5207.0,train
034907.jpg,182,252,5207.0,train
054315.jpg,177,245,5207.0,train
115004.jpg,213,295,5207.0,train
007747.jpg,172,238,5207.0,train
153185.jpg,309,428,5207.0,train
064378.jpg,507,702,5207.0,train
065637.jpg,133,184,5207.0,train
055305.jpg,330,457,5207.0,train
076272.jpg,390,540,5207.0,train
017961.jpg,962,1332,5207.0,train
024911.jpg,218,302,5207.0,train
029689.jpg,200,277,5207.0,train
018034.jpg,543,752,5207.0,train
140604.jpg,153,212,5207.0,train
020564.jpg,169,234,5207.0,train
137673.jpg,465,644,5207.0,train
157920.jpg,205,284,886.0,train
095540.jpg,400,554,886.0,train
068145.jpg,203,281,886.0,train
145500.jpg,387,536,886.0,train
046710.jpg,458,634,886.0,train
053766.jpg,538,596,886.0,train
130884.jpg,302,418,886.0,train
009684.jpg,354,490,886.0,train
150697.jpg,146,202,886.0,train
082930.jpg,299,414,886.0,train
083500.jpg,450,623,886.0,train
067708.jpg,416,576,886.0,train
105364.jpg,413,572,886.0,train
016331.jpg,374,518,886.0,train
035694.jpg,179,248,886.0,train
037713.jpg,333,461,886.0,train
020723.jpg,182,252,886.0,train
148539.jpg,348,482,886.0,train
028062.jpg,250,346,886.0,train
147613.jpg,250,346,886.0,train
156040.jpg,146,202,9177.0,train
084870.jpg,208,288,9177.0,train
058079.jpg,81,112,9177.0,train
126463.jpg,130,180,9177.0,train
042426.jpg,96,133,9177.0,train
043216.jpg,161,223,9177.0,train
126392.jpg,96,133,9177.0,train
000047.jpg,203,281,9177.0,train
151388.jpg,91,126,9177.0,train
064519.jpg,75,104,9177.0,train
080925.jpg,172,238,9177.0,train
047840.jpg,101,140,9177.0,train
085647.jpg,88,122,9177.0,train
004323.jpg,104,144,9177.0,train
018118.jpg,153,212,9177.0,train
024922.jpg,94,130,9177.0,train
004741.jpg,101,140,9177.0,train
130913.jpg,94,130,9177.0,train
007404.jpg,151,209,9177.0,train
126975.jpg,96,133,9177.0,train
148103.jpg,276,382,9962.0,train
095755.jpg,484,670,9962.0,train
077350.jpg,138,191,9962.0,train
129051.jpg,432,598,9962.0,train
068850.jpg,200,277,9962.0,train
069757.jpg,283,392,9962.0,train
127274.jpg,195,270,9962.0,train
008366.jpg,983,1361,9962.0,train
146667.jpg,143,198,9962.0,train
078029.jpg,109,151,9962.0,train
088282.jpg,185,256,9962.0,train
072668.jpg,481,666,9962.0,train
099765.jpg,198,274,9962.0,train
019598.jpg,263,364,9962.0,train
043674.jpg,112,155,9962.0,train
046483.jpg,406,562,9962.0,train
019879.jpg,364,504,9962.0,train
140963.jpg,1248,1728,9962.0,train
030150.jpg,247,342,9962.0,train
139080.jpg,328,454,9962.0,train
152175.jpg,780,1080,9165.0,train
095675.jpg,88,122,9165.0,train
062496.jpg,107,148,9165.0,train
121528.jpg,159,220,9165.0,train
046912.jpg,117,162,9165.0,train
047547.jpg,192,266,9165.0,train
119915.jpg,218,302,9165.0,train
007957.jpg,289,400,9165.0,train
151676.jpg,221,306,9165.0,train
066592.jpg,242,335,9165.0,train
089159.jpg,172,238,9165.0,train
054427.jpg,263,364,9165.0,train
098332.jpg,1061,1469,9165.0,train
008255.jpg,135,187,9165.0,train
033180.jpg,96,121,9165.0,train
039011.jpg,957,1325,9165.0,train
026301.jpg,551,763,9165.0,train
137938.jpg,151,209,9165.0,train
027874.jpg,140,194,9165.0,train
121795.jpg,166,230,9165.0,train
150002.jpg,133,184,516.0,train
096902.jpg,161,223,516.0,train
055201.jpg,200,277,516.0,train
117115.jpg,218,302,516.0,train
039407.jpg,161,223,516.0,train
045107.jpg,684,947,516.0,train
109102.jpg,218,302,516.0,train
002666.jpg,637,882,516.0,train
145751.jpg,286,396,516.0,train
075839.jpg,86,119,516.0,train
083326.jpg,169,234,516.0,train
052871.jpg,239,331,516.0,train
100342.jpg,224,310,516.0,train
016972.jpg,421,583,516.0,train
031245.jpg,380,526,516.0,train
031543.jpg,130,180,516.0,train
020027.jpg,198,274,516.0,train
131654.jpg,317,439,516.0,train
027108.jpg,239,331,516.0,train
129475.jpg,341,472,516.0,train
156765.jpg,125,173,404.0,train
095270.jpg,380,526,404.0,train
071056.jpg,120,166,404.0,train
120651.jpg,120,166,404.0,train
062754.jpg,179,248,404.0,train
064794.jpg,78,108,404.0,train
120591.jpg,146,202,404.0,train
029846.jpg,369,511,404.0,train
154903.jpg,182,252,404.0,train
078162.jpg,338,468,404.0,train
086302.jpg,127,176,404.0,train
070638.jpg,221,306,404.0,train
096127.jpg,70,97,404.0,train
035459.jpg,138,191,404.0,train
049411.jpg,150,180,404.0,train
055373.jpg,276,382,404.0,train
042454.jpg,159,220,404.0,train
138470.jpg,127,176,404.0,train
043414.jpg,125,173,404.0,train
128896.jpg,91,126,404.0,train
158374.jpg,133,184,901.0,train
073226.jpg,195,270,901.0,train
068484.jpg,278,385,901.0,train
133635.jpg,663,918,901.0,train
047891.jpg,187,259,901.0,train
049703.jpg,536,742,901.0,train
118568.jpg,151,209,901.0,train
004333.jpg,1030,1426,901.0,train
154851.jpg,796,1102,901.0,train
069868.jpg,239,331,901.0,train
073146.jpg,146,202,901.0,train
058093.jpg,343,475,901.0,train
095037.jpg,309,428,901.0,train
006301.jpg,237,328,901.0,train
022737.jpg,328,454,901.0,train
036864.jpg,536,742,901.0,train
011096.jpg,250,346,901.0,train
141974.jpg,283,392,901.0,train
012753.jpg,226,313,901.0,train
139470.jpg,294,407,901.0,train
157493.jpg,294,407,904.0,train
073304.jpg,156,216,904.0,train
045774.jpg,159,220,904.0,train
123229.jpg,247,342,904.0,train
039405.jpg,185,256,904.0,train
041253.jpg,99,137,904.0,train
121752.jpg,640,886,904.0,train
000831.jpg,166,230,904.0,train
151192.jpg,153,212,904.0,train
047607.jpg,187,259,904.0,train
073112.jpg,109,151,904.0,train
045249.jpg,166,230,904.0,train
084098.jpg,114,158,904.0,train
002064.jpg,307,425,904.0,train
024102.jpg,148,205,904.0,train
030012.jpg,127,176,904.0,train
007046.jpg,68,94,904.0,train
131572.jpg,614,850,904.0,train
010011.jpg,237,328,904.0,train
127791.jpg,135,187,904.0,train
160438.jpg,278,385,5193.0,train
119108.jpg,120,166,5193.0,train
084229.jpg,257,356,5193.0,train
138720.jpg,224,310,5193.0,train
053406.jpg,250,346,5193.0,train
066462.jpg,216,299,5193.0,train
134041.jpg,216,299,5193.0,train
000424.jpg,169,234,5193.0,train
154507.jpg,172,238,5193.0,train
094474.jpg,117,162,5193.0,train
111527.jpg,710,983,5193.0,train
083980.jpg,400,554,5193.0,train
121073.jpg,195,270,5193.0,train
004534.jpg,325,450,5193.0,train
030599.jpg,276,382,5193.0,train
042859.jpg,302,418,5193.0,train
017862.jpg,265,367,5193.0,train
149046.jpg,406,562,5193.0,train
019628.jpg,211,292,5193.0,train
140295.jpg,281,389,5193.0,train
160685.jpg,400,554,397.0,train
110732.jpg,242,335,397.0,train
086659.jpg,192,266,397.0,train
131199.jpg,166,230,397.0,train
066880.jpg,395,547,397.0,train
067877.jpg,400,554,397.0,train
129534.jpg,320,443,397.0,train
000721.jpg,385,533,397.0,train
153649.jpg,182,252,397.0,train
090496.jpg,263,364,397.0,train
110647.jpg,359,497,397.0,train
076241.jpg,1131,1566,397.0,train
111687.jpg,650,900,397.0,train
026350.jpg,543,752,397.0,train
035025.jpg,62,86,397.0,train
035330.jpg,564,781,397.0,train
027077.jpg,198,274,397.0,train
141268.jpg,291,403,397.0,train
029757.jpg,198,274,397.0,train
131318.jpg,478,662,397.0,train
153292.jpg,153,212,5189.0,train
102184.jpg,78,108,5189.0,train
064454.jpg,153,212,5189.0,train
118998.jpg,166,230,5189.0,train
043252.jpg,107,148,5189.0,train
053622.jpg,330,457,5189.0,train
118069.jpg,203,281,5189.0,train
000174.jpg,260,360,5189.0,train
149451.jpg,112,155,5189.0,train
068898.jpg,273,378,5189.0,train
076542.jpg,257,356,5189.0,train
053986.jpg,174,241,5189.0,train
102930.jpg,270,374,5189.0,train
003542.jpg,195,270,5189.0,train
028155.jpg,239,331,5189.0,train
029454.jpg,159,220,5189.0,train
016584.jpg,81,112,5189.0,train
133678.jpg,130,180,5189.0,train
021808.jpg,455,630,5189.0,train
127256.jpg,247,342,5189.0,train
152898.jpg,174,241,6141.0,train
086054.jpg,265,367,6141.0,train
053452.jpg,75,104,6141.0,train
135194.jpg,138,191,6141.0,train
040666.jpg,125,173,6141.0,train
044139.jpg,169,234,6141.0,train
130638.jpg,88,122,6141.0,train
003362.jpg,78,108,6141.0,train
149727.jpg,96,133,6141.0,train
059811.jpg,49,68,6141.0,train
080577.jpg,86,119,6141.0,train
051758.jpg,112,155,6141.0,train
091704.jpg,57,79,6141.0,train
006505.jpg,60,83,6141.0,train
013268.jpg,91,126,6141.0,train
017112.jpg,75,104,6141.0,train
007891.jpg,112,155,6141.0,train
148110.jpg,169,234,6141.0,train
011250.jpg,198,274,6141.0,train
138837.jpg,153,212,6141.0,train
151097.jpg,211,292,5210.0,train
092738.jpg,185,256,5210.0,train
078109.jpg,172,238,5210.0,train
123925.jpg,452,626,5210.0,train
044165.jpg,250,346,5210.0,train
046412.jpg,226,313,5210.0,train
112151.jpg,159,220,5210.0,train
013229.jpg,138,191,5210.0,train
139141.jpg,161,223,5210.0,train
079338.jpg,408,565,5210.0,train
090441.jpg,159,220,5210.0,train
075674.jpg,146,202,5210.0,train
105561.jpg,247,342,5210.0,train
018534.jpg,182,252,5210.0,train
027582.jpg,208,288,5210.0,train
029876.jpg,127,176,5210.0,train
020151.jpg,135,187,5210.0,train
133623.jpg,169,234,5210.0,train
024714.jpg,104,144,5210.0,train
130819.jpg,177,245,5210.0,train
149274.jpg,177,245,9211.0,train
068973.jpg,491,680,9211.0,train
054843.jpg,692,958,9211.0,train
113419.jpg,996,1379,9211.0,train
040163.jpg,572,792,9211.0,train
040293.jpg,99,137,9211.0,train
111326.jpg,109,151,9211.0,train
002823.jpg,135,187,9211.0,train
146778.jpg,395,547,9211.0,train
056281.jpg,699,959,9211.0,train
068233.jpg,499,691,9211.0,train
053972.jpg,177,245,9211.0,train
072957.jpg,169,234,9211.0,train
009261.jpg,1069,1480,9211.0,train
013969.jpg,668,925,9211.0,train
015382.jpg,161,223,9211.0,train
010265.jpg,572,792,9211.0,train
133323.jpg,408,565,9211.0,train
010987.jpg,588,814,9211.0,train
127125.jpg,325,450,9211.0,train
143633.jpg,291,403,9923.0,train
068531.jpg,304,421,9923.0,train
053715.jpg,159,220,9923.0,train
115589.jpg,705,928,9923.0,train
040976.jpg,400,554,9923.0,train
042142.jpg,257,356,9923.0,train
113061.jpg,549,760,9923.0,train
001299.jpg,450,623,9923.0,train
139164.jpg,567,785,9923.0,train
053744.jpg,276,333,9923.0,train
058138.jpg,439,608,9923.0,train
052659.jpg,112,155,9923.0,train
079568.jpg,127,176,9923.0,train
002628.jpg,270,374,9923.0,train
026428.jpg,268,371,9923.0,train
027237.jpg,372,515,9923.0,train
011643.jpg,458,634,9923.0,train
126533.jpg,564,781,9923.0,train
015367.jpg,151,209,9923.0,train
119545.jpg,468,648,9923.0,train
156278.jpg,936,1296,9918.0,train
093411.jpg,270,374,9918.0,train
073259.jpg,216,299,9918.0,train
139119.jpg,177,245,9918.0,train
055981.jpg,239,331,9918.0,train
066280.jpg,190,263,9918.0,train
136446.jpg,146,202,9918.0,train
005212.jpg,151,209,9918.0,train
155058.jpg,198,274,9918.0,train
074246.jpg,135,187,9918.0,train
092815.jpg,104,144,9918.0,train
073057.jpg,242,335,9918.0,train
106220.jpg,263,364,9918.0,train
009801.jpg,114,158,9918.0,train
032987.jpg,159,220,9918.0,train
046853.jpg,195,270,9918.0,train
017306.jpg,244,338,9918.0,train
139943.jpg,187,259,9918.0,train
018825.jpg,247,342,9918.0,train
139274.jpg,343,475,9918.0,train
148734.jpg,229,317,5234.0,train
098538.jpg,231,320,5234.0,train
086292.jpg,229,317,5234.0,train
121104.jpg,224,310,5234.0,train
036404.jpg,296,410,5234.0,train
041576.jpg,229,317,5234.0,train
118578.jpg,541,760,5234.0,train
003564.jpg,234,324,5234.0,train
146480.jpg,211,292,5234.0,train
088170.jpg,237,328,5234.0,train
092542.jpg,133,184,5234.0,train
081889.jpg,138,191,5234.0,train
103170.jpg,270,374,5234.0,train
003937.jpg,252,349,5234.0,train
032916.jpg,296,410,5234.0,train
033567.jpg,234,324,5234.0,train
005460.jpg,307,425,5234.0,train
139439.jpg,146,202,5234.0,train
022637.jpg,304,421,5234.0,train
131921.jpg,224,310,5234.0,train
151961.jpg,140,194,5235.0,train
082875.jpg,192,266,5235.0,train
069688.jpg,169,234,5235.0,train
117488.jpg,221,306,5235.0,train
047839.jpg,250,346,5235.0,train
049948.jpg,159,220,5235.0,train
112562.jpg,692,958,5235.0,train
000631.jpg,109,151,5235.0,train
137070.jpg,130,180,5235.0,train
071770.jpg,161,223,5235.0,train
073982.jpg,96,133,5235.0,train
067671.jpg,96,133,5235.0,train
087480.jpg,244,338,5235.0,train
005487.jpg,125,173,5235.0,train
039618.jpg,174,241,5235.0,train
041239.jpg,172,238,5235.0,train
007659.jpg,211,292,5235.0,train
122211.jpg,120,166,5235.0,train
013146.jpg,166,230,5235.0,train
118611.jpg,203,281,5235.0,train
155882.jpg,198,274,5239.0,train
080727.jpg,182,252,5239.0,train
060584.jpg,140,194,5239.0,train
137879.jpg,247,342,5239.0,train
041154.jpg,125,173,5239.0,train
044493.jpg,81,112,5239.0,train
136346.jpg,192,266,5239.0,train
000043.jpg,133,184,5239.0,train
153428.jpg,177,245,5239.0,train
065585.jpg,257,356,5239.0,train
077123.jpg,182,252,5239.0,train
057680.jpg,187,259,5239.0,train
083040.jpg,185,256,5239.0,train
002569.jpg,320,443,5239.0,train
011105.jpg,213,295,5239.0,train
022601.jpg,148,205,5239.0,train
008545.jpg,231,320,5239.0,train
149051.jpg,107,148,5239.0,train
009990.jpg,88,122,5239.0,train
139079.jpg,140,194,5239.0,train
149198.jpg,135,187,5240.0,train
088504.jpg,419,580,5240.0,train
058802.jpg,174,241,5240.0,train
113883.jpg,192,266,5240.0,train
047618.jpg,177,245,5240.0,train
050726.jpg,424,587,5240.0,train
111024.jpg,140,194,5240.0,train
001600.jpg,218,302,5240.0,train
148324.jpg,291,403,5240.0,train
070438.jpg,112,155,5240.0,train
080902.jpg,117,162,5240.0,train
055876.jpg,218,302,5240.0,train
102899.jpg,185,256,5240.0,train
002530.jpg,203,281,5240.0,train
024731.jpg,205,284,5240.0,train
033531.jpg,114,158,5240.0,train
008432.jpg,148,205,5240.0,train
139569.jpg,120,166,5240.0,train
010208.jpg,177,245,5240.0,train
135139.jpg,270,374,5240.0,train
155041.jpg,83,115,9290.0,train
099341.jpg,133,184,9290.0,train
068937.jpg,140,194,9290.0,train
136558.jpg,138,191,9290.0,train
048303.jpg,122,169,9290.0,train
049517.jpg,99,137,9290.0,train
135653.jpg,114,158,9290.0,train
000024.jpg,114,158,9290.0,train
154231.jpg,146,202,9290.0,train
076152.jpg,164,227,9290.0,train
096181.jpg,125,173,9290.0,train
064189.jpg,205,284,9290.0,train
110493.jpg,216,299,9290.0,train
016890.jpg,99,137,9290.0,train
026539.jpg,133,184,9290.0,train
032843.jpg,117,162,9290.0,train
018377.jpg,143,198,9290.0,train
147756.jpg,125,173,9290.0,train
018424.jpg,166,230,9290.0,train
138103.jpg,156,216,9290.0,train
160796.jpg,845,1170,800.0,train
116224.jpg,738,1022,800.0,train
103078.jpg,190,263,800.0,train
128075.jpg,892,1235,800.0,train
068175.jpg,278,385,800.0,train
095932.jpg,398,551,800.0,train
127609.jpg,270,374,800.0,train
000155.jpg,458,634,800.0,train
145319.jpg,211,292,800.0,train
108392.jpg,1321,1829,800.0,train
114212.jpg,198,274,800.0,train
100470.jpg,759,1051,800.0,train
116666.jpg,127,176,800.0,train
008179.jpg,707,840,800.0,train
035508.jpg,198,274,800.0,train
038490.jpg,421,583,800.0,train
009277.jpg,322,446,800.0,train
138880.jpg,263,364,800.0,train
026792.jpg,439,608,800.0,train
136091.jpg,416,576,800.0,train
159648.jpg,120,166,471.0,train
088530.jpg,140,194,471.0,train
072119.jpg,281,389,471.0,train
142405.jpg,125,173,471.0,train
051041.jpg,104,144,471.0,train
051285.jpg,88,122,471.0,train
124198.jpg,580,803,471.0,train
001931.jpg,247,342,471.0,train
159139.jpg,1485,2056,471.0,train
075535.jpg,179,248,471.0,train
087590.jpg,302,418,471.0,train
062742.jpg,138,191,471.0,train
092424.jpg,247,342,471.0,train
008705.jpg,164,227,471.0,train
017456.jpg,127,176,471.0,train
018183.jpg,169,234,471.0,train
013335.jpg,190,263,471.0,train
149532.jpg,411,569,471.0,train
013484.jpg,146,202,471.0,train
149405.jpg,510,706,471.0,train
154964.jpg,268,371,6127.0,train
102093.jpg,380,526,6127.0,train
088444.jpg,203,281,6127.0,train
126350.jpg,86,119,6127.0,train
064901.jpg,88,122,6127.0,train
082730.jpg,109,151,6127.0,train
124134.jpg,174,241,6127.0,train
026179.jpg,96,133,6127.0,train
151904.jpg,109,151,6127.0,train
092797.jpg,333,457,6127.0,train
101447.jpg,94,130,6127.0,train
088338.jpg,104,144,6127.0,train
103497.jpg,83,115,6127.0,train
027304.jpg,107,148,6127.0,train
037910.jpg,156,216,6127.0,train
047678.jpg,57,79,6127.0,train
033063.jpg,172,238,6127.0,train
148544.jpg,57,79,6127.0,train
037298.jpg,229,317,6127.0,train
136946.jpg,211,292,6127.0,train
138786.jpg,244,338,475.0,train
056147.jpg,252,349,475.0,train
046619.jpg,237,328,475.0,train
080211.jpg,161,223,475.0,train
023779.jpg,299,414,475.0,train
033090.jpg,156,216,475.0,train
078561.jpg,140,194,475.0,train
000877.jpg,317,439,475.0,train
137446.jpg,302,418,475.0,train
048065.jpg,237,328,475.0,train
055762.jpg,585,791,475.0,train
044177.jpg,330,457,475.0,train
059175.jpg,125,173,475.0,train
000896.jpg,512,709,475.0,train
010800.jpg,343,475,475.0,train
013026.jpg,156,216,475.0,train
003671.jpg,676,936,475.0,train
115237.jpg,399,565,475.0,train
004981.jpg,182,252,475.0,train
090702.jpg,94,130,475.0,train
142493.jpg,187,259,775.0,train
125000.jpg,460,637,775.0,train
106165.jpg,510,706,775.0,train
131449.jpg,174,241,775.0,train
076742.jpg,671,929,775.0,train
077045.jpg,208,288,775.0,train
129142.jpg,668,925,775.0,train
004236.jpg,221,306,775.0,train
136087.jpg,109,151,775.0,train
112350.jpg,299,414,775.0,train
120393.jpg,507,702,775.0,train
084397.jpg,99,137,775.0,train
126049.jpg,686,950,775.0,train
010644.jpg,257,356,775.0,train
052978.jpg,198,274,775.0,train
059806.jpg,704,986,775.0,train
025494.jpg,593,821,775.0,train
133710.jpg,655,907,775.0,train
030685.jpg,127,176,775.0,train
133159.jpg,187,259,775.0,train
148565.jpg,341,472,496.0,train
056440.jpg,541,749,496.0,train
045654.jpg,164,227,496.0,train
116938.jpg,218,302,496.0,train
030848.jpg,229,317,496.0,train
037249.jpg,224,310,496.0,train
111251.jpg,273,378,496.0,train
001346.jpg,270,374,496.0,train
143606.jpg,356,493,496.0,train
051265.jpg,224,310,496.0,train
056050.jpg,140,194,496.0,train
042385.jpg,213,295,496.0,train
060505.jpg,208,288,496.0,train
012251.jpg,81,112,496.0,train
027216.jpg,208,288,496.0,train
029136.jpg,182,252,496.0,train
015671.jpg,224,310,496.0,train
134433.jpg,156,216,496.0,train
015865.jpg,424,587,496.0,train
125407.jpg,125,173,496.0,train
156290.jpg,249,346,5250.0,train
087060.jpg,788,1091,5250.0,train
064419.jpg,125,173,5250.0,train
131436.jpg,156,216,5250.0,train
048016.jpg,224,310,5250.0,train
056491.jpg,455,630,5250.0,train
131429.jpg,127,169,5250.0,train
006233.jpg,182,252,5250.0,train
152973.jpg,94,130,5250.0,train
068287.jpg,96,133,5250.0,train
086795.jpg,99,137,5250.0,train
062199.jpg,130,180,5250.0,train
091901.jpg,991,1372,5250.0,train
032984.jpg,151,209,5250.0,train
036816.jpg,120,166,5250.0,train
037054.jpg,426,590,5250.0,train
034985.jpg,299,414,5250.0,train
138041.jpg,252,349,5250.0,train
036138.jpg,166,230,5250.0,train
136301.jpg,151,209,5250.0,train
150326.jpg,673,932,6188.0,train
097583.jpg,156,216,6188.0,train
082304.jpg,211,292,6188.0,train
142743.jpg,117,162,6188.0,train
057876.jpg,239,331,6188.0,train
065745.jpg,278,385,6188.0,train
134538.jpg,302,418,6188.0,train
002514.jpg,481,666,6188.0,train
147213.jpg,320,443,6188.0,train
085261.jpg,151,209,6188.0,train
097262.jpg,343,475,6188.0,train
079974.jpg,211,292,6188.0,train
119296.jpg,679,940,6188.0,train
016635.jpg,328,454,6188.0,train
039210.jpg,211,292,6188.0,train
040991.jpg,372,515,6188.0,train
020532.jpg,697,965,6188.0,train
144996.jpg,432,598,6188.0,train
038457.jpg,195,270,6188.0,train
143941.jpg,278,385,6188.0,train
151084.jpg,265,367,6161.0,train
082531.jpg,146,202,6161.0,train
055133.jpg,260,360,6161.0,train
122068.jpg,205,284,6161.0,train
044315.jpg,286,396,6161.0,train
045390.jpg,112,155,6161.0,train
113952.jpg,140,194,6161.0,train
002833.jpg,101,140,6161.0,train
150920.jpg,83,115,6161.0,train
055472.jpg,73,101,6161.0,train
062640.jpg,255,353,6161.0,train
050272.jpg,101,140,6161.0,train
084202.jpg,211,292,6161.0,train
023724.jpg,114,158,6161.0,train
039324.jpg,101,140,6161.0,train
040106.jpg,244,338,6161.0,train
029807.jpg,109,151,6161.0,train
138230.jpg,296,410,6161.0,train
030280.jpg,234,324,6161.0,train
122419.jpg,208,288,6161.0,train
153872.jpg,120,166,1305.0,train
103327.jpg,114,158,1305.0,train
081793.jpg,195,270,1305.0,train
135917.jpg,211,292,1305.0,train
041960.jpg,200,277,1305.0,train
049157.jpg,247,342,1305.0,train
130386.jpg,538,745,1305.0,train
006510.jpg,114,158,1305.0,train
153481.jpg,359,497,1305.0,train
083832.jpg,130,180,1305.0,train
088614.jpg,174,241,1305.0,train
080306.jpg,104,144,1305.0,train
113145.jpg,117,162,1305.0,train
006704.jpg,138,191,1305.0,train
013895.jpg,182,252,1305.0,train
013951.jpg,195,270,1305.0,train
010939.jpg,367,508,1305.0,train
143893.jpg,140,194,1305.0,train
011448.jpg,205,284,1305.0,train
143857.jpg,122,169,1305.0,train
141769.jpg,153,212,8788.0,train
095993.jpg,83,115,8788.0,train
075351.jpg,185,256,8788.0,train
117879.jpg,83,115,8788.0,train
047091.jpg,83,115,8788.0,train
055616.jpg,172,238,8788.0,train
117270.jpg,156,216,8788.0,train
003882.jpg,156,216,8788.0,train
132374.jpg,148,205,8788.0,train
082343.jpg,195,270,8788.0,train
093034.jpg,169,234,8788.0,train
056707.jpg,213,295,8788.0,train
103068.jpg,130,180,8788.0,train
005559.jpg,99,137,8788.0,train
030957.jpg,153,212,8788.0,train
037591.jpg,109,151,8788.0,train
006477.jpg,348,482,8788.0,train
130435.jpg,109,151,8788.0,train
020312.jpg,146,202,8788.0,train
123817.jpg,109,151,8788.0,train
122903.jpg,224,310,10134.0,train
079781.jpg,205,284,10134.0,train
064616.jpg,268,371,10134.0,train
103306.jpg,403,558,10134.0,train
046602.jpg,252,349,10134.0,train
049236.jpg,330,457,10134.0,train
101943.jpg,146,202,10134.0,train
002116.jpg,164,227,10134.0,train
120485.jpg,239,331,10134.0,train
066241.jpg,153,212,10134.0,train
076964.jpg,146,202,10134.0,train
055715.jpg,478,634,10134.0,train
083007.jpg,218,302,10134.0,train
005620.jpg,224,310,10134.0,train
024193.jpg,361,500,10134.0,train
027672.jpg,213,295,10134.0,train
018577.jpg,182,252,10134.0,train
107523.jpg,387,569,10134.0,train
020055.jpg,159,220,10134.0,train
104870.jpg,153,212,10134.0,train
155532.jpg,177,245,5705.0,train
077762.jpg,133,184,5705.0,train
067299.jpg,88,122,5705.0,train
133245.jpg,174,241,5705.0,train
052039.jpg,133,184,5705.0,train
052525.jpg,226,313,5705.0,train
132375.jpg,125,173,5705.0,train
006850.jpg,374,518,5705.0,train
154575.jpg,159,220,5705.0,train
067503.jpg,190,263,5705.0,train
076303.jpg,190,263,5705.0,train
063141.jpg,81,112,5705.0,train
078697.jpg,75,104,5705.0,train
021138.jpg,96,133,5705.0,train
046601.jpg,169,234,5705.0,train
046963.jpg,148,205,5705.0,train
032118.jpg,226,313,5705.0,train
148014.jpg,140,194,5705.0,train
036358.jpg,234,324,5705.0,train
136444.jpg,169,234,5705.0,train
154563.jpg,286,396,78.0,train
106750.jpg,299,414,78.0,train
092232.jpg,312,432,78.0,train
124670.jpg,822,1138,78.0,train
060385.jpg,278,385,78.0,train
066051.jpg,213,295,78.0,train
124505.jpg,343,475,78.0,train
000171.jpg,250,346,78.0,train
153153.jpg,174,241,78.0,train
096664.jpg,221,306,78.0,train
101612.jpg,302,418,78.0,train
077301.jpg,99,137,78.0,train
108302.jpg,442,612,78.0,train
013908.jpg,216,299,78.0,train
030021.jpg,257,356,78.0,train
031013.jpg,385,533,78.0,train
014387.jpg,278,385,78.0,train
142958.jpg,247,342,78.0,train
017635.jpg,302,418,78.0,train
137171.jpg,177,245,78.0,train
148951.jpg,156,216,5702.0,train
083393.jpg,179,248,5702.0,train
057456.jpg,161,223,5702.0,train
117788.jpg,328,454,5702.0,train
037676.jpg,125,173,5702.0,train
048491.jpg,211,292,5702.0,train
116158.jpg,148,205,5702.0,train
000707.jpg,122,169,5702.0,train
140411.jpg,328,454,5702.0,train
064655.jpg,330,457,5702.0,train
077435.jpg,406,562,5702.0,train
055506.jpg,278,385,5702.0,train
097005.jpg,55,76,5702.0,train
002051.jpg,153,212,5702.0,train
013383.jpg,164,227,5702.0,train
020030.jpg,203,281,5702.0,train
004079.jpg,242,335,5702.0,train
127696.jpg,276,382,5702.0,train
012919.jpg,125,173,5702.0,train
120810.jpg,169,234,5702.0,train
153371.jpg,827,1145,81.0,train
115602.jpg,112,155,81.0,train
095465.jpg,291,403,81.0,train
135078.jpg,351,486,81.0,train
039280.jpg,380,526,81.0,train
039520.jpg,312,432,81.0,train
126658.jpg,185,256,81.0,train
006514.jpg,307,425,81.0,train
152894.jpg,549,760,81.0,train
098411.jpg,343,475,81.0,train
102633.jpg,294,407,81.0,train
063492.jpg,450,623,81.0,train
120765.jpg,879,1217,81.0,train
014890.jpg,135,187,81.0,train
021066.jpg,120,166,81.0,train
028299.jpg,429,594,81.0,train
017242.jpg,481,666,81.0,train
146933.jpg,322,446,81.0,train
020674.jpg,281,389,81.0,train
143036.jpg,273,378,81.0,train
157430.jpg,411,569,1568.0,train
100324.jpg,601,832,1568.0,train
066469.jpg,164,227,1568.0,train
128237.jpg,689,954,1568.0,train
035301.jpg,94,130,1568.0,train
040844.jpg,346,479,1568.0,train
128020.jpg,122,169,1568.0,train
002938.jpg,161,223,1568.0,train
143167.jpg,858,1188,1568.0,train
074327.jpg,169,234,1568.0,train
099071.jpg,169,234,1568.0,train
063904.jpg,130,180,1568.0,train
106583.jpg,343,475,1568.0,train
009025.jpg,325,450,1568.0,train
020996.jpg,393,544,1568.0,train
028612.jpg,198,274,1568.0,train
013265.jpg,140,194,1568.0,train
141959.jpg,385,533,1568.0,train
020893.jpg,205,284,1568.0,train
128904.jpg,218,302,1568.0,train
154614.jpg,156,216,1566.0,train
083911.jpg,198,274,1566.0,train
076417.jpg,208,288,1566.0,train
116494.jpg,221,306,1566.0,train
055824.jpg,530,734,1566.0,train
061403.jpg,91,126,1566.0,train
109168.jpg,247,342,1566.0,train
000746.jpg,117,162,1566.0,train
138461.jpg,465,644,1566.0,train
079408.jpg,125,173,1566.0,train
082353.jpg,369,511,1566.0,train
063891.jpg,231,320,1566.0,train
084302.jpg,172,238,1566.0,train
022444.jpg,309,428,1566.0,train
036535.jpg,182,252,1566.0,train
038265.jpg,380,526,1566.0,train
024698.jpg,151,209,1566.0,train
123583.jpg,153,212,1566.0,train
031929.jpg,107,148,1566.0,train
116665.jpg,122,169,1566.0,train
155705.jpg,195,270,1559.0,train
097594.jpg,109,151,1559.0,train
060236.jpg,286,396,1559.0,train
127210.jpg,452,626,1559.0,train
050269.jpg,234,324,1559.0,train
052665.jpg,101,140,1559.0,train
122927.jpg,125,173,1559.0,train
004009.jpg,265,367,1559.0,train
152550.jpg,190,263,1559.0,train
074933.jpg,239,331,1559.0,train
085667.jpg,164,227,1559.0,train
053713.jpg,276,382,1559.0,train
105738.jpg,135,187,1559.0,train
005946.jpg,385,533,1559.0,train
024784.jpg,109,151,1559.0,train
031591.jpg,1591,2203,1559.0,train
006656.jpg,156,216,1559.0,train
144125.jpg,198,274,1559.0,train
007863.jpg,229,317,1559.0,train
137396.jpg,140,194,1559.0,train
152780.jpg,247,342,85.0,train
106233.jpg,507,702,85.0,train
085643.jpg,372,515,85.0,train
137869.jpg,211,292,85.0,train
067740.jpg,151,209,85.0,train
072046.jpg,127,176,85.0,train
136140.jpg,195,270,85.0,train
007222.jpg,606,839,85.0,train
152221.jpg,419,580,85.0,train
090022.jpg,192,266,85.0,train
105209.jpg,203,281,85.0,train
078260.jpg,208,288,85.0,train
107081.jpg,263,364,85.0,train
017992.jpg,213,295,85.0,train
036087.jpg,148,205,85.0,train
057206.jpg,205,284,85.0,train
018106.jpg,244,338,85.0,train
142415.jpg,598,828,85.0,train
032416.jpg,348,482,85.0,train
140471.jpg,972,1346,85.0,train
158611.jpg,218,302,1549.0,train
097700.jpg,395,547,1549.0,train
075626.jpg,650,900,1549.0,train
137366.jpg,169,234,1549.0,train
029679.jpg,185,256,1549.0,train
032436.jpg,338,468,1549.0,train
127485.jpg,653,904,1549.0,train
004033.jpg,333,461,1549.0,train
157397.jpg,442,612,1549.0,train
084748.jpg,385,533,1549.0,train
094738.jpg,185,256,1549.0,train
065678.jpg,153,212,1549.0,train
116078.jpg,296,410,1549.0,train
007943.jpg,117,162,1549.0,train
010881.jpg,185,256,1549.0,train
016843.jpg,112,155,1549.0,train
008665.jpg,369,511,1549.0,train
149933.jpg,458,634,1549.0,train
010575.jpg,159,220,1549.0,train
144447.jpg,205,284,1549.0,train
140406.jpg,328,454,8682.0,train
074359.jpg,166,230,8682.0,train
063945.jpg,109,151,8682.0,train
130989.jpg,159,220,8682.0,train
030647.jpg,133,184,8682.0,train
038827.jpg,86,119,8682.0,train
130223.jpg,81,112,8682.0,train
005159.jpg,153,212,8682.0,train
138117.jpg,114,158,8682.0,train
067193.jpg,91,126,8682.0,train
068132.jpg,146,202,8682.0,train
062860.jpg,91,126,8682.0,train
089178.jpg,148,205,8682.0,train
006743.jpg,161,223,8682.0,train
020736.jpg,88,122,8682.0,train
021865.jpg,140,194,8682.0,train
014234.jpg,122,169,8682.0,train
137308.jpg,302,418,8682.0,train
020216.jpg,153,212,8682.0,train
132344.jpg,153,212,8682.0,train
152957.jpg,1201,1663,1538.0,train
095203.jpg,109,151,1538.0,train
069729.jpg,1069,1480,1538.0,train
121477.jpg,299,414,1538.0,train
030815.jpg,179,248,1538.0,train
037715.jpg,143,198,1538.0,train
118974.jpg,101,140,1538.0,train
007286.jpg,468,648,1538.0,train
151775.jpg,237,328,1538.0,train
075256.jpg,294,407,1538.0,train
089833.jpg,140,194,1538.0,train
068895.jpg,1576,2182,1538.0,train
102384.jpg,120,166,1538.0,train
012571.jpg,720,997,1538.0,train
016260.jpg,276,382,1538.0,train
020211.jpg,114,158,1538.0,train
014426.jpg,91,126,1538.0,train
137230.jpg,538,745,1538.0,train
015910.jpg,307,425,1538.0,train
137198.jpg,351,486,1538.0,train
129943.jpg,283,392,4899.0,train
057341.jpg,276,382,4899.0,train
042862.jpg,179,248,4899.0,train
085843.jpg,283,392,4899.0,train
036924.jpg,185,256,4899.0,train
039604.jpg,317,439,4899.0,train
076903.jpg,283,392,4899.0,train
010146.jpg,122,169,4899.0,train
122613.jpg,257,356,4899.0,train
048490.jpg,122,169,4899.0,train
053143.jpg,190,263,4899.0,train
040409.jpg,133,184,4899.0,train
060498.jpg,234,324,4899.0,train
012371.jpg,832,1152,4899.0,train
019601.jpg,146,202,4899.0,train
027157.jpg,302,418,4899.0,train
013808.jpg,133,184,4899.0,train
093783.jpg,78,108,4899.0,train
019312.jpg,257,356,4899.0,train
088817.jpg,299,414,4899.0,train
161825.jpg,304,421,8702.0,train
095422.jpg,185,256,8702.0,train
071854.jpg,1092,1512,8702.0,train
122193.jpg,185,256,8702.0,train
058572.jpg,359,497,8702.0,train
059493.jpg,369,511,8702.0,train
121172.jpg,333,461,8702.0,train
001362.jpg,138,191,8702.0,train
158785.jpg,247,342,8702.0,train
087651.jpg,224,310,8702.0,train
094822.jpg,218,302,8702.0,train
066970.jpg,671,929,8702.0,train
095687.jpg,224,310,8702.0,train
003134.jpg,385,533,8702.0,train
035715.jpg,299,414,8702.0,train
038528.jpg,491,680,8702.0,train
013303.jpg,455,630,8702.0,train
144029.jpg,317,439,8702.0,train
021199.jpg,447,619,8702.0,train
128801.jpg,234,324,8702.0,train
152013.jpg,104,144,6286.0,train
070926.jpg,55,76,6286.0,train
056097.jpg,231,320,6286.0,train
092807.jpg,114,158,6286.0,train
050301.jpg,73,101,6286.0,train
050615.jpg,78,108,6286.0,train
081939.jpg,276,382,6286.0,train
000717.jpg,948,1422,6286.0,train
132804.jpg,88,122,6286.0,train
056976.jpg,91,126,6286.0,train
066463.jpg,101,140,6286.0,train
055667.jpg,341,472,6286.0,train
077113.jpg,146,202,6286.0,train
003581.jpg,120,166,6286.0,train
024618.jpg,83,115,6286.0,train
041704.jpg,65,90,6286.0,train
009532.jpg,100,100,6286.0,train
111583.jpg,551,763,6286.0,train
023719.jpg,411,569,6286.0,train
100829.jpg,73,101,6286.0,train
154922.jpg,1329,1840,6282.0,train
066814.jpg,894,1238,6282.0,train
055871.jpg,192,266,6282.0,train
124121.jpg,177,245,6282.0,train
038060.jpg,164,227,6282.0,train
038117.jpg,658,911,6282.0,train
121450.jpg,200,277,6282.0,train
000161.jpg,268,371,6282.0,train
150880.jpg,577,799,6282.0,train
058285.jpg,897,1242,6282.0,train
060276.jpg,114,158,6282.0,train
045260.jpg,876,1213,6282.0,train
074477.jpg,185,256,6282.0,train
007627.jpg,1238,1714,6282.0,train
021466.jpg,421,583,6282.0,train
023287.jpg,278,385,6282.0,train
019135.jpg,445,616,6282.0,train
135093.jpg,229,317,6282.0,train
020409.jpg,268,371,6282.0,train
134634.jpg,117,162,6282.0,train
152751.jpg,143,198,8710.0,train
080439.jpg,247,342,8710.0,train
061389.jpg,192,266,8710.0,train
122273.jpg,278,385,8710.0,train
039105.jpg,179,248,8710.0,train
047834.jpg,120,166,8710.0,train
103157.jpg,148,205,8710.0,train
016496.jpg,187,259,8710.0,train
151333.jpg,177,245,8710.0,train
072111.jpg,177,245,8710.0,train
078148.jpg,146,202,8710.0,train
061204.jpg,291,403,8710.0,train
082705.jpg,226,313,8710.0,train
023219.jpg,133,184,8710.0,train
026703.jpg,208,288,8710.0,train
030256.jpg,213,295,8710.0,train
025529.jpg,140,194,8710.0,train
133604.jpg,166,230,8710.0,train
026228.jpg,213,295,8710.0,train
125683.jpg,135,187,8710.0,train
161804.jpg,153,212,1508.0,train
105619.jpg,218,302,1508.0,train
055604.jpg,294,407,1508.0,train
139941.jpg,96,133,1508.0,train
041540.jpg,827,1145,1508.0,train
042233.jpg,125,173,1508.0,train
137603.jpg,824,1141,1508.0,train
006933.jpg,159,220,1508.0,train
160610.jpg,96,133,1508.0,train
076018.jpg,946,1310,1508.0,train
090799.jpg,120,166,1508.0,train
048064.jpg,75,104,1508.0,train
105932.jpg,161,223,1508.0,train
010619.jpg,203,281,1508.0,train
022342.jpg,86,119,1508.0,train
030084.jpg,153,212,1508.0,train
010740.jpg,117,162,1508.0,train
149568.jpg,998,1382,1508.0,train
013766.jpg,663,918,1508.0,train
143772.jpg,130,180,1508.0,train
149345.jpg,177,245,5827.0,train
081847.jpg,1235,1710,5827.0,train
064547.jpg,330,457,5827.0,train
123768.jpg,824,1141,5827.0,train
048138.jpg,198,274,5827.0,train
049115.jpg,135,187,5827.0,train
120496.jpg,166,230,5827.0,train
004008.jpg,164,227,5827.0,train
138184.jpg,354,490,5827.0,train
065886.jpg,382,529,5827.0,train
070761.jpg,226,313,5827.0,train
053832.jpg,151,209,5827.0,train
090037.jpg,426,590,5827.0,train
005262.jpg,369,511,5827.0,train
030323.jpg,343,475,5827.0,train
039190.jpg,270,374,5827.0,train
015706.jpg,107,148,5827.0,train
124756.jpg,190,263,5827.0,train
029412.jpg,148,205,5827.0,train
124656.jpg,177,245,5827.0,train
156035.jpg,146,202,1490.0,train
086885.jpg,364,504,1490.0,train
067952.jpg,330,457,1490.0,train
122855.jpg,312,432,1490.0,train
052421.jpg,182,252,1490.0,train
060195.jpg,221,306,1490.0,train
113099.jpg,333,461,1490.0,train
007291.jpg,174,241,1490.0,train
143642.jpg,177,245,1490.0,train
074926.jpg,133,184,1490.0,train
086285.jpg,484,670,1490.0,train
067066.jpg,153,212,1490.0,train
097421.jpg,231,320,1490.0,train
008539.jpg,174,241,1490.0,train
030028.jpg,268,371,1490.0,train
030206.jpg,192,266,1490.0,train
015807.jpg,114,158,1490.0,train
131298.jpg,174,241,1490.0,train
016954.jpg,122,169,1490.0,train
129263.jpg,146,202,1490.0,train
152815.jpg,408,565,8727.0,train
083784.jpg,182,252,8727.0,train
059822.jpg,151,209,8727.0,train
127762.jpg,382,529,8727.0,train
031067.jpg,291,403,8727.0,train
034561.jpg,226,313,8727.0,train
126489.jpg,96,133,8727.0,train
002663.jpg,385,533,8727.0,train
146649.jpg,109,151,8727.0,train
062799.jpg,333,461,8727.0,train
078498.jpg,78,108,8727.0,train
041407.jpg,78,108,8727.0,train
089938.jpg,307,425,8727.0,train
004116.jpg,299,414,8727.0,train
018848.jpg,333,461,8727.0,train
023017.jpg,192,266,8727.0,train
005613.jpg,164,227,8727.0,train
138640.jpg,224,310,8727.0,train
017545.jpg,190,263,8727.0,train
129384.jpg,351,486,8727.0,train
149018.jpg,239,331,8742.0,train
079177.jpg,255,353,8742.0,train
062622.jpg,234,324,8742.0,train
113620.jpg,205,284,8742.0,train
043065.jpg,1063,1472,8742.0,train
043354.jpg,190,263,8742.0,train
102547.jpg,198,274,8742.0,train
002608.jpg,265,367,8742.0,train
131495.jpg,250,346,8742.0,train
068684.jpg,213,295,8742.0,train
078048.jpg,395,547,8742.0,train
056047.jpg,239,331,8742.0,train
080695.jpg,205,284,8742.0,train
003020.jpg,229,317,8742.0,train
018306.jpg,172,238,8742.0,train
036638.jpg,198,274,8742.0,train
012853.jpg,255,353,8742.0,train
126238.jpg,195,270,8742.0,train
017375.jpg,283,392,8742.0,train
121851.jpg,185,256,8742.0,train
159216.jpg,177,245,5833.0,train
108391.jpg,151,209,5833.0,train
080594.jpg,289,400,5833.0,train
130182.jpg,169,234,5833.0,train
062677.jpg,143,198,5833.0,train
063812.jpg,104,144,5833.0,train
128264.jpg,166,230,5833.0,train
000840.jpg,101,140,5833.0,train
148347.jpg,156,216,5833.0,train
090592.jpg,159,220,5833.0,train
106999.jpg,881,1220,5833.0,train
074537.jpg,159,220,5833.0,train
113034.jpg,140,194,5833.0,train
001567.jpg,143,198,5833.0,train
031287.jpg,164,227,5833.0,train
043314.jpg,94,130,5833.0,train
004335.jpg,65,90,5833.0,train
144932.jpg,151,209,5833.0,train
024173.jpg,130,180,5833.0,train
141242.jpg,153,212,5833.0,train
149974.jpg,203,281,5672.0,train
103634.jpg,153,212,5672.0,train
079133.jpg,174,241,5672.0,train
131804.jpg,510,706,5672.0,train
044464.jpg,200,277,5672.0,train
060447.jpg,239,331,5672.0,train
130620.jpg,156,216,5672.0,train
001460.jpg,130,180,5672.0,train
141269.jpg,140,194,5672.0,train
091878.jpg,81,112,5672.0,train
101068.jpg,49,68,5672.0,train
078302.jpg,200,277,5672.0,train
106760.jpg,192,266,5672.0,train
006012.jpg,244,338,5672.0,train
016144.jpg,250,346,5672.0,train
039336.jpg,133,184,5672.0,train
006482.jpg,538,745,5672.0,train
132781.jpg,658,911,5672.0,train
008183.jpg,624,864,5672.0,train
131984.jpg,146,202,5672.0,train
152655.jpg,96,133,10095.0,train
097747.jpg,796,1102,10095.0,train
068845.jpg,239,331,10095.0,train
136353.jpg,143,198,10095.0,train
035632.jpg,120,166,10095.0,train
038998.jpg,1277,1768,10095.0,train
127615.jpg,112,155,10095.0,train
000698.jpg,88,122,10095.0,train
143195.jpg,213,295,10095.0,train
069859.jpg,127,176,10095.0,train
096186.jpg,86,119,10095.0,train
061408.jpg,146,202,10095.0,train
100413.jpg,164,227,10095.0,train
018158.jpg,101,140,10095.0,train
024101.jpg,88,122,10095.0,train
032738.jpg,159,220,10095.0,train
018965.jpg,127,176,10095.0,train
140318.jpg,81,112,10095.0,train
021408.jpg,81,112,10095.0,train
139528.jpg,70,97,10095.0,train
151758.jpg,510,706,1472.0,train
087152.jpg,590,817,1472.0,train
045724.jpg,580,803,1472.0,train
128108.jpg,385,533,1472.0,train
036886.jpg,312,432,1472.0,train
039137.jpg,166,230,1472.0,train
125241.jpg,205,284,1472.0,train
000183.jpg,242,335,1472.0,train
147798.jpg,226,313,1472.0,train
057929.jpg,562,778,1472.0,train
075014.jpg,190,263,1472.0,train
045001.jpg,450,623,1472.0,train
096613.jpg,530,734,1472.0,train
002387.jpg,177,245,1472.0,train
020839.jpg,127,176,1472.0,train
028122.jpg,530,734,1472.0,train
002712.jpg,140,194,1472.0,train
145667.jpg,172,238,1472.0,train
010345.jpg,211,292,1472.0,train
138170.jpg,426,590,1472.0,train
140207.jpg,127,176,10089.0,train
063434.jpg,143,198,10089.0,train
056442.jpg,315,436,10089.0,train
108701.jpg,107,148,10089.0,train
035801.jpg,304,421,10089.0,train
042389.jpg,99,137,10089.0,train
095613.jpg,114,158,10089.0,train
001282.jpg,120,166,10089.0,train
139253.jpg,112,155,10089.0,train
059605.jpg,200,277,10089.0,train
063245.jpg,177,245,10089.0,train
055596.jpg,125,173,10089.0,train
079526.jpg,320,443,10089.0,train
005335.jpg,99,137,10089.0,train
015930.jpg,112,155,10089.0,train
016695.jpg,111,158,10089.0,train
005733.jpg,627,868,10089.0,train
133973.jpg,122,169,10089.0,train
007287.jpg,187,259,10089.0,train
109736.jpg,211,292,10089.0,train
150771.jpg,182,252,1454.0,train
101865.jpg,174,241,1454.0,train
061641.jpg,312,432,1454.0,train
118367.jpg,96,133,1454.0,train
050500.jpg,101,140,1454.0,train
050947.jpg,273,378,1454.0,train
114554.jpg,91,126,1454.0,train
010343.jpg,166,230,1454.0,train
143834.jpg,143,198,1454.0,train
063241.jpg,117,162,1454.0,train
094121.jpg,143,198,1454.0,train
059328.jpg,151,209,1454.0,train
104533.jpg,122,169,1454.0,train
017269.jpg,73,101,1454.0,train
037050.jpg,281,389,1454.0,train
040228.jpg,309,428,1454.0,train
019358.jpg,73,101,1454.0,train
131928.jpg,341,472,1454.0,train
024287.jpg,120,166,1454.0,train
130312.jpg,190,263,1454.0,train
156710.jpg,99,137,8783.0,train
089502.jpg,229,317,8783.0,train
072866.jpg,203,281,8783.0,train
129269.jpg,190,263,8783.0,train
045535.jpg,104,144,8783.0,train
050909.jpg,133,184,8783.0,train
122434.jpg,299,414,8783.0,train
004592.jpg,133,184,8783.0,train
145008.jpg,328,454,8783.0,train
074224.jpg,216,299,8783.0,train
088050.jpg,211,292,8783.0,train
069294.jpg,83,115,8783.0,train
102134.jpg,161,223,8783.0,train
007299.jpg,156,216,8783.0,train
026168.jpg,107,148,8783.0,train
029861.jpg,122,169,8783.0,train
010976.jpg,135,187,8783.0,train
132928.jpg,109,151,8783.0,train
019819.jpg,125,173,8783.0,train
130377.jpg,146,202,8783.0,train
152706.jpg,135,187,1607.0,train
089260.jpg,182,252,1607.0,train
078649.jpg,159,220,1607.0,train
129937.jpg,203,281,1607.0,train
060828.jpg,237,328,1607.0,train
064534.jpg,213,295,1607.0,train
129559.jpg,307,425,1607.0,train
013858.jpg,135,187,1607.0,train
151989.jpg,429,594,1607.0,train
079420.jpg,86,119,1607.0,train
086556.jpg,211,292,1607.0,train
073940.jpg,73,101,1607.0,train
089937.jpg,159,220,1607.0,train
022080.jpg,91,126,1607.0,train
037371.jpg,112,155,1607.0,train
038743.jpg,159,220,1607.0,train
028699.jpg,164,227,1607.0,train
133929.jpg,177,245,1607.0,train
032773.jpg,86,119,1607.0,train
131300.jpg,153,212,1607.0,train
146566.jpg,91,126,5706.0,train
116071.jpg,148,205,5706.0,train
080627.jpg,174,241,5706.0,train
129006.jpg,135,187,5706.0,train
034071.jpg,198,274,5706.0,train
059841.jpg,187,259,5706.0,train
128128.jpg,143,198,5706.0,train
000895.jpg,148,205,5706.0,train
141025.jpg,260,360,5706.0,train
091703.jpg,252,349,5706.0,train
113332.jpg,94,130,5706.0,train
079372.jpg,135,187,5706.0,train
117684.jpg,114,158,5706.0,train
001157.jpg,109,151,5706.0,train
022692.jpg,198,274,5706.0,train
030699.jpg,143,198,5706.0,train
010293.jpg,52,72,5706.0,train
138033.jpg,146,202,5706.0,train
017618.jpg,125,173,5706.0,train
132681.jpg,858,1188,5706.0,train
155047.jpg,143,198,8656.0,train
089144.jpg,174,241,8656.0,train
068984.jpg,114,158,8656.0,train
125859.jpg,133,184,8656.0,train
055114.jpg,190,263,8656.0,train
056841.jpg,294,407,8656.0,train
119569.jpg,101,140,8656.0,train
011355.jpg,276,382,8656.0,train
151156.jpg,302,418,8656.0,train
070017.jpg,143,198,8656.0,train
074871.jpg,151,209,8656.0,train
066950.jpg,125,173,8656.0,train
091584.jpg,205,284,8656.0,train
012197.jpg,127,176,8656.0,train
038749.jpg,122,169,8656.0,train
045635.jpg,299,414,8656.0,train
033595.jpg,174,219,8656.0,train
134480.jpg,177,245,8656.0,train
038312.jpg,112,155,8656.0,train
127441.jpg,146,202,8656.0,train
147775.jpg,140,194,6343.0,train
096100.jpg,140,194,6343.0,train
044330.jpg,114,158,6343.0,train
134254.jpg,169,234,6343.0,train
034637.jpg,153,212,6343.0,train
036683.jpg,140,194,6343.0,train
132227.jpg,179,248,6343.0,train
010766.jpg,148,205,6343.0,train
147491.jpg,213,295,6343.0,train
060311.jpg,250,346,6343.0,train
092823.jpg,91,126,6343.0,train
044043.jpg,398,551,6343.0,train
104223.jpg,114,158,6343.0,train
014494.jpg,135,187,6343.0,train
025098.jpg,156,216,6343.0,train
025465.jpg,120,166,6343.0,train
020081.jpg,242,334,6343.0,train
136443.jpg,99,137,6343.0,train
021985.jpg,156,216,6343.0,train
134766.jpg,239,331,6343.0,train
155830.jpg,179,248,10175.0,train
099662.jpg,120,166,10175.0,train
086274.jpg,91,126,10175.0,train
122920.jpg,148,205,10175.0,train
061273.jpg,153,212,10175.0,train
071116.jpg,109,151,10175.0,train
118516.jpg,213,295,10175.0,train
004287.jpg,138,191,10175.0,train
146956.jpg,208,288,10175.0,train
093063.jpg,177,245,10175.0,train
096932.jpg,57,79,10175.0,train
074035.jpg,309,428,10175.0,train
101731.jpg,86,119,10175.0,train
022028.jpg,135,187,10175.0,train
042600.jpg,169,234,10175.0,train
048192.jpg,161,223,10175.0,train
024268.jpg,507,702,10175.0,train
141731.jpg,166,230,10175.0,train
036589.jpg,161,223,10175.0,train
131679.jpg,174,241,10175.0,train
158296.jpg,224,310,1749.0,train
095241.jpg,91,126,1749.0,train
077428.jpg,322,446,1749.0,train
133979.jpg,172,238,1749.0,train
053781.jpg,432,598,1749.0,train
055080.jpg,177,245,1749.0,train
133556.jpg,117,162,1749.0,train
006040.jpg,133,184,1749.0,train
156412.jpg,153,212,1749.0,train
077518.jpg,244,338,1749.0,train
084095.jpg,190,263,1749.0,train
077363.jpg,203,281,1749.0,train
097161.jpg,125,173,1749.0,train
019609.jpg,343,475,1749.0,train
027917.jpg,304,421,1749.0,train
034674.jpg,497,688,1749.0,train
021832.jpg,606,839,1749.0,train
148830.jpg,325,450,1749.0,train
022654.jpg,478,662,1749.0,train
143969.jpg,156,216,1749.0,train
154855.jpg,218,302,8586.0,train
103726.jpg,159,220,8586.0,train
087530.jpg,109,151,8586.0,train
138187.jpg,234,324,8586.0,train
044526.jpg,348,482,8586.0,train
044994.jpg,198,274,8586.0,train
136773.jpg,120,166,8586.0,train
001601.jpg,107,148,8586.0,train
151830.jpg,208,288,8586.0,train
093599.jpg,268,371,8586.0,train
103344.jpg,203,281,8586.0,train
086898.jpg,195,270,8586.0,train
114602.jpg,213,295,8586.0,train
006151.jpg,94,130,8586.0,train
023003.jpg,681,943,8586.0,train
026800.jpg,447,619,8586.0,train
011979.jpg,120,166,8586.0,train
146393.jpg,185,252,8586.0,train
012279.jpg,515,713,8586.0,train
143255.jpg,250,346,8586.0,train
160503.jpg,109,151,5750.0,train
099738.jpg,221,306,5750.0,train
069682.jpg,335,464,5750.0,train
119348.jpg,265,367,5750.0,train
028836.jpg,190,263,5750.0,train
028902.jpg,294,407,5750.0,train
112111.jpg,229,317,5750.0,train
006329.jpg,315,436,5750.0,train
155603.jpg,330,359,5750.0,train
085234.jpg,216,299,5750.0,train
095314.jpg,312,432,5750.0,train
055660.jpg,243,371,5750.0,train
101508.jpg,673,932,5750.0,train
013776.jpg,393,544,5750.0,train
020041.jpg,187,259,5750.0,train
022583.jpg,255,353,5750.0,train
014379.jpg,312,400,5750.0,train
136602.jpg,424,587,5750.0,train
019586.jpg,345,493,5750.0,train
135974.jpg,320,443,5750.0,train
151917.jpg,229,317,1731.0,train
068177.jpg,120,166,1731.0,train
048371.jpg,166,230,1731.0,train
112721.jpg,234,324,1731.0,train
037066.jpg,247,342,1731.0,train
038609.jpg,463,641,1731.0,train
103866.jpg,91,126,1731.0,train
001212.jpg,127,176,1731.0,train
135771.jpg,140,194,1731.0,train
053122.jpg,200,277,1731.0,train
063585.jpg,114,158,1731.0,train
043282.jpg,153,212,1731.0,train
094362.jpg,182,252,1731.0,train
015388.jpg,195,270,1731.0,train
030079.jpg,107,148,1731.0,train
030654.jpg,96,133,1731.0,train
017336.jpg,169,234,1731.0,train
126023.jpg,177,245,1731.0,train
026885.jpg,190,263,1731.0,train
124219.jpg,109,151,1731.0,train
153313.jpg,159,220,1728.0,train
089409.jpg,99,137,1728.0,train
057887.jpg,348,482,1728.0,train
121715.jpg,127,176,1728.0,train
040253.jpg,104,144,1728.0,train
046490.jpg,86,119,1728.0,train
120800.jpg,135,187,1728.0,train
002592.jpg,164,227,1728.0,train
152500.jpg,166,230,1728.0,train
070874.jpg,86,119,1728.0,train
075128.jpg,60,83,1728.0,train
057040.jpg,120,166,1728.0,train
097694.jpg,88,122,1728.0,train
010334.jpg,182,252,1728.0,train
025800.jpg,88,122,1728.0,train
028630.jpg,114,158,1728.0,train
011014.jpg,151,209,1728.0,train
149150.jpg,122,169,1728.0,train
012543.jpg,112,155,1728.0,train
135820.jpg,153,212,1728.0,train
156763.jpg,185,256,6354.0,train
074481.jpg,101,140,6354.0,train
049008.jpg,192,266,6354.0,train
103384.jpg,109,151,6354.0,train
041962.jpg,283,391,6354.0,train
043166.jpg,224,310,6354.0,train
089060.jpg,198,274,6354.0,train
002278.jpg,567,785,6354.0,train
146782.jpg,96,133,6354.0,train
050620.jpg,156,216,6354.0,train
066719.jpg,273,378,6354.0,train
047200.jpg,130,180,6354.0,train
077721.jpg,244,338,6354.0,train
003673.jpg,127,176,6354.0,train
013592.jpg,187,259,6354.0,train
024124.jpg,421,583,6354.0,train
005818.jpg,229,317,6354.0,train
125064.jpg,489,677,6354.0,train
007130.jpg,148,205,6354.0,train
111866.jpg,159,220,6354.0,train
134281.jpg,153,212,1723.0,train
069816.jpg,143,198,1723.0,train
052910.jpg,276,382,1723.0,train
107396.jpg,161,223,1723.0,train
037500.jpg,114,158,1723.0,train
040439.jpg,255,353,1723.0,train
107316.jpg,117,162,1723.0,train
000485.jpg,161,223,1723.0,train
134252.jpg,283,392,1723.0,train
059706.jpg,382,529,1723.0,train
060638.jpg,140,194,1723.0,train
046221.jpg,668,925,1723.0,train
070182.jpg,88,144,1723.0,train
007011.jpg,424,587,1723.0,train
025114.jpg,785,1087,1723.0,train
026559.jpg,120,166,1723.0,train
016325.jpg,250,346,1723.0,train
114275.jpg,515,713,1723.0,train
021048.jpg,242,335,1723.0,train
110885.jpg,634,878,1723.0,train
152310.jpg,218,302,1711.0,train
058694.jpg,221,306,1711.0,train
046727.jpg,81,112,1711.0,train
125173.jpg,208,288,1711.0,train
029899.jpg,320,443,1711.0,train
035530.jpg,307,425,1711.0,train
121536.jpg,107,148,1711.0,train
001369.jpg,125,173,1711.0,train
151216.jpg,320,443,1711.0,train
052896.jpg,125,173,1711.0,train
057249.jpg,283,392,1711.0,train
039583.jpg,416,576,1711.0,train
076669.jpg,117,162,1711.0,train
004656.jpg,224,310,1711.0,train
010819.jpg,166,230,1711.0,train
013647.jpg,619,857,1711.0,train
007462.jpg,255,353,1711.0,train
140823.jpg,231,320,1711.0,train
007888.jpg,114,158,1711.0,train
131094.jpg,590,817,1711.0,train
154178.jpg,356,493,21.0,train
083029.jpg,242,335,21.0,train
069652.jpg,247,342,21.0,train
122037.jpg,281,389,21.0,train
023508.jpg,151,223,21.0,train
036240.jpg,276,382,21.0,train
115356.jpg,304,421,21.0,train
003039.jpg,130,180,21.0,train
137574.jpg,62,86,21.0,train
069675.jpg,312,432,21.0,train
075517.jpg,226,313,21.0,train
055752.jpg,107,148,21.0,train
087818.jpg,335,464,21.0,train
004568.jpg,104,144,21.0,train
012938.jpg,229,317,21.0,train
013428.jpg,250,346,21.0,train
005330.jpg,278,385,21.0,train
130852.jpg,247,342,21.0,train
011022.jpg,1032,1429,21.0,train
124672.jpg,91,126,21.0,train
144167.jpg,107,148,6346.0,train
069814.jpg,400,554,6346.0,train
064026.jpg,179,248,6346.0,train
108551.jpg,317,439,6346.0,train
044025.jpg,211,292,6346.0,train
048472.jpg,159,220,6346.0,train
087704.jpg,127,176,6346.0,train
000910.jpg,96,133,6346.0,train
130559.jpg,88,122,6346.0,train
066027.jpg,166,230,6346.0,train
067965.jpg,468,648,6346.0,train
062609.jpg,122,169,6346.0,train
070468.jpg,151,209,6346.0,train
011823.jpg,320,443,6346.0,train
017714.jpg,83,115,6346.0,train
018250.jpg,99,137,6346.0,train
014062.jpg,642,889,6346.0,train
127577.jpg,200,277,6346.0,train
015011.jpg,211,292,6346.0,train
118864.jpg,143,198,6346.0,train
154793.jpg,361,500,22.0,train
115672.jpg,582,806,22.0,train
077617.jpg,125,173,22.0,train
147229.jpg,489,767,22.0,train
065422.jpg,385,533,22.0,train
073133.jpg,205,284,22.0,train
129568.jpg,382,529,22.0,train
000481.jpg,655,907,22.0,train
148959.jpg,291,403,22.0,train
087477.jpg,120,166,22.0,train
101169.jpg,257,356,22.0,train
076966.jpg,226,308,22.0,train
119032.jpg,304,421,22.0,train
001677.jpg,320,443,22.0,train
023894.jpg,507,702,22.0,train
025925.jpg,250,321,22.0,train
006085.jpg,304,421,22.0,train
147449.jpg,312,432,22.0,train
020549.jpg,328,454,22.0,train
147379.jpg,377,522,22.0,train
136441.jpg,146,202,4811.0,train
092668.jpg,257,356,4811.0,train
069288.jpg,138,191,4811.0,train
109960.jpg,629,871,4811.0,train
037796.jpg,757,1048,4811.0,train
050881.jpg,536,742,4811.0,train
100682.jpg,1248,1728,4811.0,train
000205.jpg,569,788,4811.0,train
130851.jpg,151,209,4811.0,train
075681.jpg,224,310,4811.0,train
083349.jpg,1186,1642,4811.0,train
063085.jpg,1092,1512,4811.0,train
094152.jpg,252,349,4811.0,train
006524.jpg,603,835,4811.0,train
012734.jpg,302,418,4811.0,train
018819.jpg,203,281,4811.0,train
007410.jpg,203,281,4811.0,train
117164.jpg,174,241,4811.0,train
011183.jpg,304,421,4811.0,train
112379.jpg,250,346,4811.0,train
135840.jpg,107,148,8636.0,train
084884.jpg,117,162,8636.0,train
073237.jpg,229,317,8636.0,train
106521.jpg,96,133,8636.0,train
058033.jpg,127,176,8636.0,train
058401.jpg,143,198,8636.0,train
103933.jpg,135,187,8636.0,train
007376.jpg,122,169,8636.0,train
130956.jpg,88,122,8636.0,train
079346.jpg,130,180,8636.0,train
083993.jpg,62,86,8636.0,train
071860.jpg,78,108,8636.0,train
086342.jpg,294,407,8636.0,train
010532.jpg,187,259,8636.0,train
032787.jpg,65,90,8636.0,train
034273.jpg,208,288,8636.0,train
028357.jpg,107,148,8636.0,train
120917.jpg,166,230,8636.0,train
028366.jpg,101,140,8636.0,train
112119.jpg,255,353,8636.0,train
137568.jpg,130,180,1624.0,train
077854.jpg,205,284,1624.0,train
060944.jpg,127,176,1624.0,train
105842.jpg,68,94,1624.0,train
043228.jpg,81,112,1624.0,train
044596.jpg,96,133,1624.0,train
104413.jpg,211,292,1624.0,train
017027.jpg,86,119,1624.0,train
130503.jpg,55,76,1624.0,train
062452.jpg,117,162,1624.0,train
077605.jpg,62,86,1624.0,train
048740.jpg,55,76,1624.0,train
082520.jpg,107,148,1624.0,train
017391.jpg,70,97,1624.0,train
029569.jpg,138,191,1624.0,train
034162.jpg,120,166,1624.0,train
018016.jpg,182,252,1624.0,train
108130.jpg,179,248,1624.0,train
027442.jpg,135,187,1624.0,train
107356.jpg,161,223,1624.0,train
149160.jpg,112,155,5788.0,train
075511.jpg,62,86,5788.0,train
058921.jpg,88,122,5788.0,train
109657.jpg,229,317,5788.0,train
036316.jpg,101,140,5788.0,train
036929.jpg,159,220,5788.0,train
098012.jpg,190,263,5788.0,train
003382.jpg,512,709,5788.0,train
145741.jpg,312,432,5788.0,train
066573.jpg,169,234,5788.0,train
071864.jpg,169,234,5788.0,train
054411.jpg,133,184,5788.0,train
075872.jpg,122,169,5788.0,train
007839.jpg,143,198,5788.0,train
018086.jpg,83,115,5788.0,train
019594.jpg,221,306,5788.0,train
009392.jpg,218,302,5788.0,train
139415.jpg,62,86,5788.0,train
011492.jpg,174,241,5788.0,train
123356.jpg,809,1120,5788.0,train
152503.jpg,146,202,5729.0,train
081532.jpg,335,464,5729.0,train
068350.jpg,99,137,5729.0,train
119761.jpg,278,385,5729.0,train
052656.jpg,866,1199,5729.0,train
062235.jpg,135,187,5729.0,train
112897.jpg,174,241,5729.0,train
001056.jpg,283,392,5729.0,train
152343.jpg,120,166,5729.0,train
071653.jpg,120,166,5729.0,train
079011.jpg,153,212,5729.0,train
063040.jpg,161,223,5729.0,train
096838.jpg,109,151,5729.0,train
001392.jpg,78,108,5729.0,train
018233.jpg,117,162,5729.0,train
019230.jpg,200,277,5729.0,train
012033.jpg,120,166,5729.0,train
133070.jpg,91,126,5729.0,train
018221.jpg,452,626,5729.0,train
129267.jpg,114,158,5729.0,train
157694.jpg,338,468,6335.0,train
082104.jpg,239,331,6335.0,train
072400.jpg,125,173,6335.0,train
117234.jpg,143,198,6335.0,train
050714.jpg,208,288,6335.0,train
051899.jpg,226,313,6335.0,train
112009.jpg,187,259,6335.0,train
009552.jpg,203,281,6335.0,train
140290.jpg,317,439,6335.0,train
072547.jpg,166,230,6335.0,train
080762.jpg,304,421,6335.0,train
058640.jpg,153,212,6335.0,train
088459.jpg,122,169,6335.0,train
017275.jpg,169,234,6335.0,train
024064.jpg,198,274,6335.0,train
025861.jpg,161,223,6335.0,train
017434.jpg,114,158,6335.0,train
126712.jpg,127,176,6335.0,train
018383.jpg,174,241,6335.0,train
122358.jpg,86,119,6335.0,train
158710.jpg,172,238,38.0,train
088361.jpg,164,227,38.0,train
066422.jpg,169,234,38.0,train
126578.jpg,291,403,38.0,train
053823.jpg,200,277,38.0,train
058196.jpg,263,364,38.0,train
113388.jpg,208,288,38.0,train
028286.jpg,161,223,38.0,train
139498.jpg,153,212,38.0,train
070287.jpg,179,248,38.0,train
082354.jpg,309,428,38.0,train
066165.jpg,276,382,38.0,train
100720.jpg,203,281,38.0,train
029417.jpg,296,410,38.0,train
043917.jpg,218,302,38.0,train
048247.jpg,330,457,38.0,train
039495.jpg,190,263,38.0,train
129018.jpg,671,929,38.0,train
041240.jpg,416,576,38.0,train
128822.jpg,946,1310,38.0,train
160710.jpg,125,173,1649.0,train
087300.jpg,304,421,1649.0,train
060077.jpg,226,313,1649.0,train
127079.jpg,192,260,1649.0,train
038447.jpg,138,191,1649.0,train
042609.jpg,166,230,1649.0,train
110558.jpg,107,148,1649.0,train
002849.jpg,216,299,1649.0,train
157207.jpg,218,302,1649.0,train
063452.jpg,122,169,1649.0,train
085284.jpg,101,140,1649.0,train
054956.jpg,130,180,1649.0,train
099796.jpg,138,191,1649.0,train
005715.jpg,216,299,1649.0,train
014791.jpg,104,144,1649.0,train
015313.jpg,104,144,1649.0,train
011582.jpg,554,767,1649.0,train
130252.jpg,195,270,1649.0,train
011820.jpg,104,144,1649.0,train
127945.jpg,159,220,1649.0,train
153788.jpg,153,212,1646.0,train
101605.jpg,1271,1760,1646.0,train
076008.jpg,198,274,1646.0,train
131531.jpg,187,259,1646.0,train
052364.jpg,161,223,1646.0,train
067013.jpg,211,292,1646.0,train
129618.jpg,96,133,1646.0,train
002440.jpg,164,227,1646.0,train
150961.jpg,1552,2149,1646.0,train
084333.jpg,122,169,1646.0,train
090738.jpg,151,209,1646.0,train
075295.jpg,211,292,1646.0,train
102561.jpg,211,292,1646.0,train
003838.jpg,187,259,1646.0,train
026003.jpg,203,281,1646.0,train
033179.jpg,216,299,1646.0,train
020270.jpg,1310,1814,1646.0,train
145440.jpg,1238,1714,1646.0,train
020892.jpg,216,299,1646.0,train
144252.jpg,299,414,1646.0,train
142382.jpg,229,317,8644.0,train
092762.jpg,255,353,8644.0,train
078418.jpg,148,205,8644.0,train
111699.jpg,146,202,8644.0,train
038498.jpg,151,209,8644.0,train
050499.jpg,255,353,8644.0,train
109396.jpg,122,169,8644.0,train
004152.jpg,208,288,8644.0,train
135478.jpg,252,349,8644.0,train
084728.jpg,112,155,8644.0,train
090629.jpg,252,349,8644.0,train
063886.jpg,229,317,8644.0,train
099349.jpg,177,245,8644.0,train
007578.jpg,226,313,8644.0,train
027367.jpg,164,227,8644.0,train
028088.jpg,208,288,8644.0,train
017920.jpg,125,173,8644.0,train
124506.jpg,177,245,8644.0,train
021735.jpg,122,169,8644.0,train
115342.jpg,200,277,8644.0,train
155351.jpg,114,158,1634.0,train
088905.jpg,304,421,1634.0,train
077727.jpg,195,270,1634.0,train
126518.jpg,159,220,1634.0,train
050401.jpg,268,371,1634.0,train
052950.jpg,221,306,1634.0,train
118752.jpg,395,547,1634.0,train
000255.jpg,286,396,1634.0,train
146026.jpg,299,414,1634.0,train
079252.jpg,125,173,1634.0,train
081837.jpg,177,245,1634.0,train
072136.jpg,211,292,1634.0,train
095750.jpg,229,317,1634.0,train
007395.jpg,198,274,1634.0,train
026851.jpg,161,223,1634.0,train
031881.jpg,135,187,1634.0,train
015918.jpg,190,263,1634.0,train
136273.jpg,208,288,1634.0,train
023381.jpg,250,346,1634.0,train
129301.jpg,348,482,1634.0,train
152558.jpg,159,220,47.0,train
076968.jpg,263,364,47.0,train
061996.jpg,224,310,47.0,train
113769.jpg,273,378,47.0,train
044748.jpg,125,173,47.0,train
052395.jpg,876,1213,47.0,train
107125.jpg,198,274,47.0,train
002733.jpg,260,360,47.0,train
149463.jpg,393,544,47.0,train
064834.jpg,1180,1634,47.0,train
072553.jpg,341,472,47.0,train
056818.jpg,220,317,47.0,train
079480.jpg,148,205,47.0,train
002766.jpg,250,346,47.0,train
018619.jpg,130,180,47.0,train
025063.jpg,517,716,47.0,train
006570.jpg,159,220,47.0,train
142711.jpg,146,202,47.0,train
011625.jpg,161,223,47.0,train
135781.jpg,265,367,47.0,train
155482.jpg,185,256,5715.0,train
056696.jpg,229,317,5715.0,train
034733.jpg,109,151,5715.0,train
110045.jpg,91,126,5715.0,train
019994.jpg,138,191,5715.0,train
022054.jpg,190,263,5715.0,train
105691.jpg,125,173,5715.0,train
001498.jpg,86,119,5715.0,train
154299.jpg,179,248,5715.0,train
034760.jpg,187,259,5715.0,train
049915.jpg,161,223,5715.0,train
024904.jpg,185,256,5715.0,train
067864.jpg,96,133,5715.0,train
007131.jpg,143,198,5715.0,train
012480.jpg,127,176,5715.0,train
014460.jpg,195,270,5715.0,train
008449.jpg,182,252,5715.0,train
128704.jpg,224,310,5715.0,train
009758.jpg,151,209,5715.0,train
128681.jpg,179,248,5715.0,train
133621.jpg,169,234,55.0,train
109293.jpg,200,277,55.0,train
072926.jpg,224,310,55.0,train
123656.jpg,179,248,55.0,train
060771.jpg,216,299,55.0,train
063636.jpg,198,274,55.0,train
122553.jpg,231,320,55.0,train
013204.jpg,315,436,55.0,train
132750.jpg,252,349,55.0,train
078192.jpg,218,302,55.0,train
100556.jpg,148,205,55.0,train
072384.jpg,192,266,55.0,train
110844.jpg,250,346,55.0,train
016354.jpg,250,346,55.0,train
028931.jpg,203,281,55.0,train
031679.jpg,205,284,55.0,train
018823.jpg,161,223,55.0,train
127092.jpg,120,166,55.0,train
024795.jpg,263,364,55.0,train
123765.jpg,247,342,55.0,train
134617.jpg,250,346,6325.0,train
095816.jpg,198,274,6325.0,train
053875.jpg,268,371,6325.0,train
124972.jpg,299,414,6325.0,train
037444.jpg,645,893,6325.0,train
044504.jpg,138,191,6325.0,train
117228.jpg,273,378,6325.0,train
013558.jpg,374,518,6325.0,train
133923.jpg,122,169,6325.0,train
059624.jpg,185,256,6325.0,train
095456.jpg,78,108,6325.0,train
051548.jpg,309,428,6325.0,train
098909.jpg,143,198,6325.0,train
017540.jpg,112,155,6325.0,train
020686.jpg,218,302,6325.0,train
021404.jpg,83,115,6325.0,train
018984.jpg,156,216,6325.0,train
129061.jpg,94,130,6325.0,train
019500.jpg,234,324,6325.0,train
126783.jpg,289,400,6325.0,train
144460.jpg,182,252,5805.0,train
082762.jpg,390,540,5805.0,train
068650.jpg,499,691,5805.0,train
113983.jpg,580,803,5805.0,train
032973.jpg,122,169,5805.0,train
041166.jpg,338,468,5805.0,train
108897.jpg,169,234,5805.0,train
000004.jpg,564,781,5805.0,train
140829.jpg,276,382,5805.0,train
071572.jpg,198,274,5805.0,train
079295.jpg,356,493,5805.0,train
057460.jpg,335,464,5805.0,train
083588.jpg,185,256,5805.0,train
001778.jpg,302,418,5805.0,train
027057.jpg,338,468,5805.0,train
027559.jpg,281,389,5805.0,train
010191.jpg,489,677,5805.0,train
136792.jpg,497,688,5805.0,train
013676.jpg,798,1105,5805.0,train
130481.jpg,208,288,5805.0,train
157502.jpg,437,605,5866.0,train
086500.jpg,221,306,5866.0,train
079489.jpg,252,349,5866.0,train
111256.jpg,247,342,5866.0,train
041479.jpg,192,266,5866.0,train
053106.jpg,263,364,5866.0,train
109367.jpg,281,389,5866.0,train
001410.jpg,413,572,5866.0,train
143862.jpg,1433,1984,5866.0,train
081657.jpg,411,569,5866.0,train
083702.jpg,148,205,5866.0,train
067851.jpg,811,1123,5866.0,train
087413.jpg,164,227,5866.0,train
001459.jpg,224,310,5866.0,train
022332.jpg,161,223,5866.0,train
023913.jpg,385,533,5866.0,train
008699.jpg,114,158,5866.0,train
124237.jpg,138,191,5866.0,train
013018.jpg,156,216,5866.0,train
115952.jpg,560,420,5866.0,train
156206.jpg,811,1123,6063.0,train
106180.jpg,580,803,6063.0,train
083162.jpg,538,745,6063.0,train
133535.jpg,107,148,6063.0,train
052731.jpg,265,367,6063.0,train
059597.jpg,177,245,6063.0,train
127972.jpg,520,720,6063.0,train
025187.jpg,182,252,6063.0,train
155610.jpg,304,421,6063.0,train
098603.jpg,221,306,6063.0,train
103639.jpg,151,209,6063.0,train
071833.jpg,161,223,6063.0,train
107971.jpg,463,641,6063.0,train
030347.jpg,601,832,6063.0,train
048382.jpg,718,994,6063.0,train
048970.jpg,263,364,6063.0,train
033831.jpg,354,490,6063.0,train
139575.jpg,348,482,6063.0,train
034754.jpg,517,716,6063.0,train
137910.jpg,387,536,6063.0,train
132837.jpg,250,346,5600.0,train
084693.jpg,198,274,5600.0,train
076342.jpg,177,245,5600.0,train
123054.jpg,174,241,5600.0,train
062049.jpg,244,338,5600.0,train
065934.jpg,198,274,5600.0,train
122004.jpg,247,342,5600.0,train
010114.jpg,242,335,5600.0,train
131588.jpg,138,191,5600.0,train
077002.jpg,182,252,5600.0,train
083582.jpg,127,176,5600.0,train
074023.jpg,265,367,5600.0,train
115642.jpg,226,313,5600.0,train
015535.jpg,138,191,5600.0,train
023967.jpg,164,227,5600.0,train
024952.jpg,169,234,5600.0,train
016420.jpg,94,130,5600.0,train
123341.jpg,185,256,5600.0,train
019951.jpg,234,324,5600.0,train
123213.jpg,200,277,5600.0,train
153950.jpg,234,324,4988.0,train
083360.jpg,146,202,4988.0,train
080749.jpg,278,385,4988.0,train
139016.jpg,268,371,4988.0,train
052425.jpg,159,220,4988.0,train
061891.jpg,101,140,4988.0,train
132687.jpg,341,472,4988.0,train
000101.jpg,91,126,4988.0,train
151737.jpg,187,259,4988.0,train
081466.jpg,387,467,4988.0,train
082176.jpg,221,306,4988.0,train
077170.jpg,933,1292,4988.0,train
089066.jpg,177,245,4988.0,train
002941.jpg,244,338,4988.0,train
026025.jpg,169,234,4988.0,train
026055.jpg,439,608,4988.0,train
003911.jpg,244,338,4988.0,train
145294.jpg,177,245,4988.0,train
024031.jpg,281,389,4988.0,train
139838.jpg,211,292,4988.0,train
153304.jpg,91,126,5884.0,train
091957.jpg,424,587,5884.0,train
073291.jpg,450,623,5884.0,train
115674.jpg,234,324,5884.0,train
039398.jpg,333,461,5884.0,train
056163.jpg,346,479,5884.0,train
112385.jpg,476,659,5884.0,train
013472.jpg,286,396,5884.0,train
153250.jpg,442,612,5884.0,train
074156.jpg,226,313,5884.0,train
078786.jpg,411,569,5884.0,train
068814.jpg,205,284,5884.0,train
093850.jpg,523,724,5884.0,train
014361.jpg,208,288,5884.0,train
022713.jpg,556,770,5884.0,train
023431.jpg,499,691,5884.0,train
018054.jpg,907,1292,5884.0,train
132851.jpg,796,1102,5884.0,train
020772.jpg,317,439,5884.0,train
118456.jpg,611,846,5884.0,train
158316.jpg,200,277,1420.0,train
092027.jpg,252,349,1420.0,train
065854.jpg,231,320,1420.0,train
119227.jpg,130,180,1420.0,train
059128.jpg,120,166,1420.0,train
059350.jpg,273,378,1420.0,train
118928.jpg,296,410,1420.0,train
007597.jpg,255,353,1420.0,train
155596.jpg,140,194,1420.0,train
067649.jpg,169,234,1420.0,train
087522.jpg,244,338,1420.0,train
065335.jpg,263,364,1420.0,train
093961.jpg,343,475,1420.0,train
012808.jpg,143,198,1420.0,train
037207.jpg,291,403,1420.0,train
040136.jpg,237,328,1420.0,train
024603.jpg,104,144,1420.0,train
137493.jpg,182,252,1420.0,train
027596.jpg,265,367,1420.0,train
120921.jpg,190,263,1420.0,train
161867.jpg,421,583,1422.0,train
080975.jpg,192,266,1422.0,train
066229.jpg,234,324,1422.0,train
145252.jpg,476,659,1422.0,train
030914.jpg,442,612,1422.0,train
043300.jpg,1563,2164,1422.0,train
133513.jpg,286,396,1422.0,train
001655.jpg,192,266,1422.0,train
160809.jpg,192,266,1422.0,train
066820.jpg,273,378,1422.0,train
076055.jpg,473,655,1422.0,train
056056.jpg,320,443,1422.0,train
088486.jpg,135,187,1422.0,train
005614.jpg,265,367,1422.0,train
017855.jpg,905,1253,1422.0,train
019383.jpg,489,677,1422.0,train
011669.jpg,333,461,1422.0,train
159346.jpg,192,266,1422.0,train
016213.jpg,432,598,1422.0,train
159290.jpg,260,360,1422.0,train
154190.jpg,166,230,5609.0,train
095380.jpg,192,266,5609.0,train
073739.jpg,143,198,5609.0,train
135680.jpg,341,472,5609.0,train
048218.jpg,260,360,5609.0,train
049456.jpg,377,522,5609.0,train
104549.jpg,445,616,5609.0,train
000134.jpg,177,245,5609.0,train
152193.jpg,231,320,5609.0,train
077851.jpg,213,295,5609.0,train
092265.jpg,218,302,5609.0,train
058030.jpg,351,486,5609.0,train
097884.jpg,91,126,5609.0,train
007483.jpg,200,277,5609.0,train
023200.jpg,309,428,5609.0,train
037257.jpg,588,814,5609.0,train
011068.jpg,296,410,5609.0,train
146455.jpg,226,313,5609.0,train
020422.jpg,425,534,5609.0,train
140109.jpg,208,288,5609.0,train
136364.jpg,374,518,10083.0,train
059693.jpg,299,414,10083.0,train
050253.jpg,164,227,10083.0,train
101919.jpg,416,576,10083.0,train
042585.jpg,263,364,10083.0,train
043490.jpg,367,508,10083.0,train
087111.jpg,385,533,10083.0,train
011679.jpg,390,540,10083.0,train
122656.jpg,307,425,10083.0,train
055183.jpg,291,403,10083.0,train
059194.jpg,333,461,10083.0,train
047537.jpg,252,349,10083.0,train
062433.jpg,179,248,10083.0,train
018588.jpg,562,778,10083.0,train
026492.jpg,252,349,10083.0,train
032014.jpg,335,464,10083.0,train
020315.jpg,94,130,10083.0,train
114681.jpg,234,324,10083.0,train
026476.jpg,138,191,10083.0,train
108029.jpg,410,390,10083.0,train
155002.jpg,146,202,1392.0,train
108358.jpg,187,259,1392.0,train
096111.jpg,208,288,1392.0,train
138270.jpg,174,241,1392.0,train
076351.jpg,117,162,1392.0,train
076914.jpg,231,320,1392.0,train
121014.jpg,211,292,1392.0,train
001798.jpg,166,230,1392.0,train
154785.jpg,255,353,1392.0,train
096525.jpg,226,313,1392.0,train
105947.jpg,244,338,1392.0,train
090627.jpg,211,292,1392.0,train
109022.jpg,192,266,1392.0,train
012154.jpg,250,346,1392.0,train
062256.jpg,127,176,1392.0,train
066790.jpg,252,349,1392.0,train
017308.jpg,120,166,1392.0,train
149858.jpg,455,630,1392.0,train
017581.jpg,114,158,1392.0,train
140327.jpg,273,378,1392.0,train
150022.jpg,159,220,1352.0,train
109899.jpg,125,173,1352.0,train
086991.jpg,164,227,1352.0,train
137182.jpg,96,133,1352.0,train
062310.jpg,114,158,1352.0,train
064155.jpg,114,158,1352.0,train
136961.jpg,83,115,1352.0,train
009646.jpg,73,101,1352.0,train
148639.jpg,78,108,1352.0,train
094667.jpg,75,104,1352.0,train
107910.jpg,140,194,1352.0,train
064404.jpg,75,104,1352.0,train
111811.jpg,133,184,1352.0,train
010019.jpg,200,277,1352.0,train
042753.jpg,156,216,1352.0,train
047764.jpg,120,166,1352.0,train
025449.jpg,107,148,1352.0,train
141719.jpg,299,414,1352.0,train
034250.jpg,83,115,1352.0,train
139040.jpg,159,220,1352.0,train
160220.jpg,985,1364,5024.0,train
089282.jpg,520,720,5024.0,train
055980.jpg,101,140,5024.0,train
129102.jpg,543,752,5024.0,train
049326.jpg,187,259,5024.0,train
049840.jpg,333,461,5024.0,train
116539.jpg,624,864,5024.0,train
005582.jpg,933,1292,5024.0,train
159595.jpg,447,619,5024.0,train
071458.jpg,174,241,5024.0,train
089203.jpg,619,857,5024.0,train
055714.jpg,827,1145,5024.0,train
092681.jpg,398,551,5024.0,train
006401.jpg,338,468,5024.0,train
020001.jpg,918,1271,5024.0,train
033525.jpg,1279,1516,5024.0,train
008103.jpg,588,814,5024.0,train
136403.jpg,572,792,5024.0,train
014663.jpg,611,846,5024.0,train
135344.jpg,1076,1490,5024.0,train
150221.jpg,146,202,8831.0,train
108308.jpg,133,184,8831.0,train
090338.jpg,166,230,8831.0,train
141586.jpg,99,137,8831.0,train
034721.jpg,161,223,8831.0,train
078751.jpg,203,274,8831.0,train
140255.jpg,213,295,8831.0,train
001016.jpg,133,184,8831.0,train
148804.jpg,182,252,8831.0,train
099433.jpg,198,274,8831.0,train
104586.jpg,200,277,8831.0,train
088491.jpg,312,432,8831.0,train
123067.jpg,1170,1620,8831.0,train
005636.jpg,114,158,8831.0,train
024320.jpg,328,454,8831.0,train
032100.jpg,203,281,8831.0,train
005893.jpg,317,439,8831.0,train
145539.jpg,174,241,8831.0,train
009355.jpg,135,187,8831.0,train
145202.jpg,135,187,8831.0,train
146181.jpg,140,194,5903.0,train
092518.jpg,185,256,5903.0,train
068570.jpg,192,266,5903.0,train
119825.jpg,281,389,5903.0,train
037387.jpg,190,263,5903.0,train
051584.jpg,312,432,5903.0,train
106960.jpg,231,320,5903.0,train
000611.jpg,161,223,5903.0,train
141104.jpg,208,288,5903.0,train
084254.jpg,380,526,5903.0,train
090578.jpg,190,263,5903.0,train
067873.jpg,200,277,5903.0,train
092579.jpg,166,230,5903.0,train
003893.jpg,174,241,5903.0,train
023917.jpg,179,248,5903.0,train
027541.jpg,200,277,5903.0,train
009304.jpg,156,216,5903.0,train
131124.jpg,229,317,5903.0,train
023760.jpg,328,454,5903.0,train
120355.jpg,195,270,5903.0,train
147713.jpg,546,756,160.0,train
101637.jpg,569,788,160.0,train
090717.jpg,484,670,160.0,train
122789.jpg,359,433,160.0,train
064264.jpg,772,1069,160.0,train
067594.jpg,455,630,160.0,train
112566.jpg,208,288,160.0,train
001527.jpg,208,288,160.0,train
146375.jpg,1609,2228,160.0,train
091842.jpg,164,227,160.0,train
097467.jpg,372,515,160.0,train
082272.jpg,404,490,160.0,train
102628.jpg,354,490,160.0,train
003696.jpg,359,497,160.0,train
033528.jpg,270,374,160.0,train
039045.jpg,536,742,160.0,train
025786.jpg,426,590,160.0,train
143324.jpg,151,209,160.0,train
032044.jpg,203,281,160.0,train
127346.jpg,252,349,160.0,train
154705.jpg,273,378,10084.0,train
105859.jpg,114,158,10084.0,train
087084.jpg,276,382,10084.0,train
137480.jpg,268,371,10084.0,train
046796.jpg,156,216,10084.0,train
069153.jpg,172,238,10084.0,train
135215.jpg,166,230,10084.0,train
001743.jpg,728,1008,10084.0,train
146495.jpg,283,392,10084.0,train
088027.jpg,200,277,10084.0,train
101118.jpg,117,162,10084.0,train
082919.jpg,434,601,10084.0,train
107281.jpg,148,205,10084.0,train
005986.jpg,112,155,10084.0,train
014320.jpg,140,194,10084.0,train
033633.jpg,133,184,10084.0,train
012338.jpg,161,223,10084.0,train
143876.jpg,138,191,10084.0,train
013835.jpg,920,1274,10084.0,train
137659.jpg,117,162,10084.0,train
154208.jpg,234,324,5883.0,train
095845.jpg,190,263,5883.0,train
061119.jpg,161,223,5883.0,train
120869.jpg,195,270,5883.0,train
053027.jpg,312,432,5883.0,train
053469.jpg,117,162,5883.0,train
118195.jpg,70,97,5883.0,train
003763.jpg,161,223,5883.0,train
149905.jpg,81,112,5883.0,train
077649.jpg,151,209,5883.0,train
082427.jpg,153,212,5883.0,train
055707.jpg,234,324,5883.0,train
096433.jpg,133,184,5883.0,train
011784.jpg,122,169,5883.0,train
024294.jpg,263,364,5883.0,train
044051.jpg,439,608,5883.0,train
012621.jpg,94,130,5883.0,train
122485.jpg,312,432,5883.0,train
022069.jpg,130,180,5883.0,train
121785.jpg,120,166,5883.0,train
156060.jpg,143,198,10082.0,train
098395.jpg,263,364,10082.0,train
069372.jpg,125,173,10082.0,train
142832.jpg,185,256,10082.0,train
043902.jpg,182,252,10082.0,train
047715.jpg,390,540,10082.0,train
113281.jpg,187,259,10082.0,train
001365.jpg,320,443,10082.0,train
149779.jpg,239,331,10082.0,train
079017.jpg,83,115,10082.0,train
098387.jpg,91,126,10082.0,train
068966.jpg,94,130,10082.0,train
102242.jpg,104,144,10082.0,train
004061.jpg,182,252,10082.0,train
018633.jpg,421,583,10082.0,train
025682.jpg,138,191,10082.0,train
017877.jpg,133,184,10082.0,train
144755.jpg,143,198,10082.0,train
017931.jpg,234,324,10082.0,train
144068.jpg,88,122,10082.0,train
148447.jpg,146,202,1389.0,train
076997.jpg,192,266,1389.0,train
063850.jpg,421,583,1389.0,train
114051.jpg,117,162,1389.0,train
035254.jpg,221,306,1389.0,train
048737.jpg,291,403,1389.0,train
112583.jpg,1123,1555,1389.0,train
006003.jpg,346,479,1389.0,train
147588.jpg,330,457,1389.0,train
071292.jpg,151,209,1389.0,train
074668.jpg,255,353,1389.0,train
057888.jpg,190,263,1389.0,train
085350.jpg,486,673,1389.0,train
008017.jpg,130,180,1389.0,train
027332.jpg,673,932,1389.0,train
029262.jpg,315,436,1389.0,train
010592.jpg,814,1127,1389.0,train
134305.jpg,952,1318,1389.0,train
019227.jpg,372,515,1389.0,train
129773.jpg,764,1058,1389.0,train
156859.jpg,164,227,8847.0,train
103530.jpg,239,331,8847.0,train
075582.jpg,153,212,8847.0,train
134127.jpg,252,349,8847.0,train
070625.jpg,125,173,8847.0,train
070982.jpg,161,223,8847.0,train
133620.jpg,491,680,8847.0,train
004136.jpg,933,1292,8847.0,train
143549.jpg,192,266,8847.0,train
082970.jpg,390,540,8847.0,train
099352.jpg,333,461,8847.0,train
072277.jpg,208,288,8847.0,train
113563.jpg,478,662,8847.0,train
009632.jpg,341,472,8847.0,train
036287.jpg,686,950,8847.0,train
065853.jpg,276,382,8847.0,train
013922.jpg,411,569,8847.0,train
138672.jpg,221,306,8847.0,train
024062.jpg,226,313,8847.0,train
136813.jpg,166,230,8847.0,train
157313.jpg,250,346,6210.0,train
114846.jpg,174,241,6210.0,train
090259.jpg,315,436,6210.0,train
132321.jpg,333,461,6210.0,train
062477.jpg,224,310,6210.0,train
076918.jpg,265,367,6210.0,train
131716.jpg,138,191,6210.0,train
002108.jpg,395,547,6210.0,train
156893.jpg,198,274,6210.0,train
091244.jpg,304,421,6210.0,train
105352.jpg,135,187,6210.0,train
077446.jpg,143,198,6210.0,train
116802.jpg,299,414,6210.0,train
012255.jpg,166,230,6210.0,train
044592.jpg,190,263,6210.0,train
050783.jpg,81,112,6210.0,train
028957.jpg,161,223,6210.0,train
140546.jpg,224,310,6210.0,train
035896.jpg,112,155,6210.0,train
138964.jpg,81,112,6210.0,train
061109.jpg,182,252,9821.0,train
148008.jpg,177,245,9821.0,train
060890.jpg,161,223,9821.0,train
138363.jpg,120,166,9821.0,train
001738.jpg,335,464,9821.0,train
070449.jpg,247,342,9821.0,train
114259.jpg,400,554,9821.0,train
142518.jpg,120,166,9821.0,train
065947.jpg,263,364,9821.0,train
082556.jpg,406,562,9821.0,train
101281.jpg,252,336,9821.0,train
009805.jpg,200,277,9821.0,train
028572.jpg,211,292,9821.0,train
036798.jpg,208,288,9821.0,train
016123.jpg,499,691,9821.0,train
106777.jpg,291,340,9821.0,train
144489.jpg,397,569,9821.0,train
018615.jpg,216,299,9821.0,train
153068.jpg,268,371,9821.0,train
144567.jpg,309,428,9821.0,train
075169.jpg,96,133,4054.0,train
151104.jpg,159,220,4054.0,train
069834.jpg,203,281,4054.0,train
139001.jpg,226,313,4054.0,train
012917.jpg,166,230,4054.0,train
082784.jpg,426,590,4054.0,train
134610.jpg,260,215,4054.0,train
139199.jpg,174,241,4054.0,train
081144.jpg,164,227,4054.0,train
089691.jpg,161,223,4054.0,train
131400.jpg,187,259,4054.0,train
016518.jpg,226,313,4054.0,train
054655.jpg,198,274,4054.0,train
056949.jpg,710,983,4054.0,train
024239.jpg,125,173,4054.0,train
131707.jpg,117,162,4054.0,train
144233.jpg,408,565,4054.0,train
039286.jpg,172,238,4054.0,train
154831.jpg,125,173,4054.0,train
145428.jpg,312,432,4054.0,train
055807.jpg,250,346,7314.0,train
138575.jpg,289,400,7314.0,train
055293.jpg,299,414,7314.0,train
116054.jpg,169,234,7314.0,train
017610.jpg,166,230,7314.0,train
069931.jpg,101,140,7314.0,train
102407.jpg,172,238,7314.0,train
121678.jpg,460,637,7314.0,train
060266.jpg,551,763,7314.0,train
070320.jpg,273,378,7314.0,train
080106.jpg,322,446,7314.0,train
021461.jpg,224,310,7314.0,train
043413.jpg,255,353,7314.0,train
046604.jpg,581,802,7314.0,train
033219.jpg,231,320,7314.0,train
087520.jpg,229,317,7314.0,train
130830.jpg,317,439,7314.0,train
033836.jpg,413,572,7314.0,train
150287.jpg,380,526,7314.0,train
137289.jpg,161,223,7314.0,train
049677.jpg,783,1084,515.0,train
159113.jpg,143,198,515.0,train
046533.jpg,315,436,515.0,train
141601.jpg,109,151,515.0,train
007901.jpg,130,180,515.0,train
068598.jpg,354,490,515.0,train
118489.jpg,455,630,515.0,train
142218.jpg,293,432,515.0,train
054176.jpg,369,511,515.0,train
076064.jpg,424,587,515.0,train
091751.jpg,172,238,515.0,train
011589.jpg,442,612,515.0,train
022717.jpg,205,284,515.0,train
033100.jpg,697,965,515.0,train
021121.jpg,325,450,515.0,train
093964.jpg,187,259,515.0,train
144923.jpg,338,468,515.0,train
022509.jpg,211,292,515.0,train
159265.jpg,281,389,515.0,train
152304.jpg,172,238,515.0,train
045978.jpg,208,288,2929.0,train
152457.jpg,200,277,2929.0,train
038965.jpg,229,317,2929.0,train
128807.jpg,263,364,2929.0,train
000019.jpg,138,191,2929.0,train
068468.jpg,237,328,2929.0,train
089400.jpg,473,655,2929.0,train
143829.jpg,179,248,2929.0,train
065899.jpg,244,338,2929.0,train
068883.jpg,101,140,2929.0,train
078125.jpg,182,252,2929.0,train
004654.jpg,117,162,2929.0,train
012873.jpg,94,130,2929.0,train
020992.jpg,205,284,2929.0,train
007212.jpg,187,259,2929.0,train
080649.jpg,364,504,2929.0,train
146232.jpg,265,367,2929.0,train
009287.jpg,187,259,2929.0,train
156946.jpg,801,911,2929.0,train
150832.jpg,174,241,2929.0,train
062691.jpg,109,151,7169.0,train
146062.jpg,117,162,7169.0,train
062139.jpg,317,439,7169.0,train
125798.jpg,239,331,7169.0,train
015471.jpg,229,317,7169.0,train
077689.jpg,239,331,7169.0,train
100941.jpg,226,313,7169.0,train
137255.jpg,255,353,7169.0,train
072648.jpg,221,306,7169.0,train
089948.jpg,114,158,7169.0,train
093369.jpg,156,216,7169.0,train
018680.jpg,138,191,7169.0,train
032873.jpg,312,432,7169.0,train
048922.jpg,148,205,7169.0,train
030687.jpg,224,310,7169.0,train
095577.jpg,94,130,7169.0,train
137514.jpg,242,335,7169.0,train
030896.jpg,70,97,7169.0,train
156271.jpg,198,274,7169.0,train
139480.jpg,75,104,7169.0,train
048528.jpg,226,313,7511.0,train
136183.jpg,276,382,7511.0,train
045239.jpg,101,140,7511.0,train
116477.jpg,417,569,7511.0,train
005817.jpg,140,194,7511.0,train
067564.jpg,226,313,7511.0,train
107993.jpg,221,306,7511.0,train
123575.jpg,130,180,7511.0,train
060230.jpg,174,241,7511.0,train
075833.jpg,234,324,7511.0,train
085066.jpg,174,241,7511.0,train
009172.jpg,208,288,7511.0,train
022657.jpg,213,295,7511.0,train
025624.jpg,224,310,7511.0,train
019344.jpg,247,342,7511.0,train
094401.jpg,114,158,7511.0,train
132872.jpg,286,396,7511.0,train
020807.jpg,172,238,7511.0,train
147375.jpg,299,414,7511.0,train
133797.jpg,291,403,7511.0,train
066052.jpg,491,680,3539.0,train
135263.jpg,213,295,3539.0,train
065457.jpg,179,248,3539.0,train
121944.jpg,307,425,3539.0,train
018207.jpg,348,482,3539.0,train
072676.jpg,398,551,3539.0,train
082434.jpg,218,302,3539.0,train
129929.jpg,211,292,3539.0,train
069189.jpg,343,475,3539.0,train
073010.jpg,278,385,3539.0,train
074197.jpg,164,227,3539.0,train
023263.jpg,187,259,3539.0,train
042795.jpg,452,626,3539.0,train
055377.jpg,94,130,3539.0,train
028765.jpg,468,648,3539.0,train
082002.jpg,143,198,3539.0,train
131551.jpg,96,133,3539.0,train
033779.jpg,231,320,3539.0,train
136137.jpg,86,119,3539.0,train
132235.jpg,169,234,3539.0,train
068776.jpg,104,144,7309.0,train
153677.jpg,91,126,7309.0,train
058927.jpg,151,209,7309.0,train
134851.jpg,70,97,7309.0,train
002045.jpg,117,162,7309.0,train
072152.jpg,146,202,7309.0,train
114055.jpg,122,169,7309.0,train
135222.jpg,143,198,7309.0,train
072096.jpg,133,184,7309.0,train
078378.jpg,221,306,7309.0,train
085576.jpg,268,371,7309.0,train
007221.jpg,78,108,7309.0,train
033521.jpg,148,205,7309.0,train
047766.jpg,127,176,7309.0,train
015090.jpg,164,227,7309.0,train
090741.jpg,122,169,7309.0,train
139526.jpg,91,126,7309.0,train
017539.jpg,320,443,7309.0,train
155637.jpg,120,166,7309.0,train
140739.jpg,151,209,7309.0,train
056168.jpg,156,216,4058.0,train
146855.jpg,307,425,4058.0,train
052802.jpg,88,122,4058.0,train
122652.jpg,408,565,4058.0,train
001624.jpg,166,230,4058.0,train
073493.jpg,107,148,4058.0,train
100527.jpg,83,115,4058.0,train
125422.jpg,302,418,4058.0,train
060802.jpg,65,90,4058.0,train
087610.jpg,218,302,4058.0,train
093020.jpg,140,194,4058.0,train
009469.jpg,153,212,4058.0,train
019166.jpg,624,864,4058.0,train
029677.jpg,372,515,4058.0,train
012600.jpg,138,191,4058.0,train
096970.jpg,143,198,4058.0,train
143159.jpg,325,450,4058.0,train
014451.jpg,107,148,4058.0,train
158507.jpg,208,288,4058.0,train
145133.jpg,156,216,4058.0,train
077744.jpg,140,194,7128.0,train
153125.jpg,764,1058,7128.0,train
061800.jpg,114,158,7128.0,train
146215.jpg,86,119,7128.0,train
004180.jpg,182,252,7128.0,train
093828.jpg,195,270,7128.0,train
128568.jpg,127,176,7128.0,train
149654.jpg,143,198,7128.0,train
087871.jpg,257,356,7128.0,train
103700.jpg,127,176,7128.0,train
118003.jpg,177,245,7128.0,train
024014.jpg,122,169,7128.0,train
040218.jpg,283,392,7128.0,train
045098.jpg,244,338,7128.0,train
028953.jpg,151,209,7128.0,train
123352.jpg,120,166,7128.0,train
150838.jpg,226,313,7128.0,train
033856.jpg,229,317,7128.0,train
155204.jpg,148,205,7128.0,train
151330.jpg,936,1296,7128.0,train
060061.jpg,257,356,7504.0,train
155631.jpg,203,281,7504.0,train
056634.jpg,244,338,7504.0,train
135614.jpg,143,198,7504.0,train
013481.jpg,200,277,7504.0,train
073745.jpg,330,457,7504.0,train
116191.jpg,140,194,7504.0,train
142071.jpg,114,158,7504.0,train
071529.jpg,127,176,7504.0,train
081544.jpg,255,353,7504.0,train
094078.jpg,107,148,7504.0,train
023787.jpg,192,266,7504.0,train
040657.jpg,372,515,7504.0,train
041313.jpg,260,360,7504.0,train
024552.jpg,143,198,7504.0,train
101651.jpg,177,245,7504.0,train
148980.jpg,182,252,7504.0,train
034696.jpg,94,130,7504.0,train
161489.jpg,211,292,7504.0,train
149411.jpg,107,148,7504.0,train
044477.jpg,250,346,10086.0,train
148528.jpg,104,144,10086.0,train
038047.jpg,270,374,10086.0,train
126066.jpg,270,374,10086.0,train
002669.jpg,200,277,10086.0,train
088834.jpg,286,396,10086.0,train
108825.jpg,380,526,10086.0,train
127773.jpg,195,270,10086.0,train
053361.jpg,122,169,10086.0,train
089096.jpg,122,169,10086.0,train
100761.jpg,65,90,10086.0,train
003014.jpg,133,184,10086.0,train
006486.jpg,283,392,10086.0,train
023376.jpg,330,457,10086.0,train
004551.jpg,260,360,10086.0,train
105399.jpg,127,176,10086.0,train
129666.jpg,229,317,10086.0,train
005579.jpg,229,317,10086.0,train
158392.jpg,299,414,10086.0,train
132083.jpg,224,310,10086.0,train
074697.jpg,299,414,174.0,train
144861.jpg,588,814,174.0,train
068037.jpg,333,461,174.0,train
130048.jpg,387,536,174.0,train
009140.jpg,281,389,174.0,train
080678.jpg,198,274,174.0,train
097125.jpg,577,799,174.0,train
133434.jpg,133,184,174.0,train
080292.jpg,390,540,174.0,train
080870.jpg,629,871,174.0,train
093782.jpg,294,407,174.0,train
024392.jpg,427,612,174.0,train
047451.jpg,286,396,174.0,train
050299.jpg,1256,1739,174.0,train
038722.jpg,382,529,174.0,train
094445.jpg,273,378,174.0,train
134914.jpg,632,875,174.0,train
043717.jpg,309,428,174.0,train
152184.jpg,549,760,174.0,train
136205.jpg,252,349,174.0,train
041739.jpg,304,421,247.0,train
141851.jpg,357,530,247.0,train
037995.jpg,83,115,247.0,train
113527.jpg,296,410,247.0,train
015555.jpg,320,443,247.0,train
047614.jpg,151,209,247.0,train
092225.jpg,42,58,247.0,train
119436.jpg,325,450,247.0,train
043470.jpg,796,1102,247.0,train
083641.jpg,432,598,247.0,train
084999.jpg,205,284,247.0,train
019410.jpg,237,328,247.0,train
021289.jpg,263,364,247.0,train
030307.jpg,250,346,247.0,train
021065.jpg,1526,2055,247.0,train
089518.jpg,429,594,247.0,train
124105.jpg,161,223,247.0,train
021093.jpg,257,356,247.0,train
145463.jpg,263,364,247.0,train
134383.jpg,296,410,247.0,train
048000.jpg,177,245,438.0,train
153318.jpg,192,266,438.0,train
045086.jpg,434,601,438.0,train
122086.jpg,195,270,438.0,train
004435.jpg,88,122,438.0,train
069532.jpg,660,914,438.0,train
107731.jpg,231,320,438.0,train
128677.jpg,224,310,438.0,train
065968.jpg,122,169,438.0,train
079110.jpg,346,479,438.0,train
085356.jpg,637,882,438.0,train
004437.jpg,686,950,438.0,train
016673.jpg,894,1238,438.0,train
026102.jpg,686,950,438.0,train
005310.jpg,138,191,438.0,train
091508.jpg,718,994,438.0,train
135663.jpg,237,328,438.0,train
006929.jpg,231,320,438.0,train
159822.jpg,619,857,438.0,train
139378.jpg,190,263,438.0,train
046594.jpg,177,245,449.0,train
139223.jpg,486,673,449.0,train
046563.jpg,187,259,449.0,train
111351.jpg,351,486,449.0,train
000225.jpg,122,169,449.0,train
071896.jpg,780,1080,449.0,train
089229.jpg,484,670,449.0,train
114923.jpg,330,457,449.0,train
053739.jpg,172,238,449.0,train
076517.jpg,138,191,449.0,train
083637.jpg,169,234,449.0,train
006665.jpg,138,191,449.0,train
026562.jpg,1232,1706,449.0,train
026917.jpg,211,292,449.0,train
012740.jpg,634,878,449.0,train
085591.jpg,382,529,449.0,train
122879.jpg,614,850,449.0,train
017331.jpg,468,648,449.0,train
157547.jpg,244,338,449.0,train
126939.jpg,143,198,449.0,train
085307.jpg,130,180,2974.0,train
157760.jpg,224,310,2974.0,train
085143.jpg,143,198,2974.0,train
134679.jpg,278,385,2974.0,train
001864.jpg,179,248,2974.0,train
093363.jpg,130,180,2974.0,train
102571.jpg,289,400,2974.0,train
138582.jpg,130,180,2974.0,train
089642.jpg,286,396,2974.0,train
093421.jpg,229,317,2974.0,train
099406.jpg,231,320,2974.0,train
007092.jpg,265,367,2974.0,train
027100.jpg,190,263,2974.0,train
040420.jpg,138,191,2974.0,train
021584.jpg,276,382,2974.0,train
100283.jpg,434,601,2974.0,train
142849.jpg,208,288,2974.0,train
025435.jpg,190,263,2974.0,train
161105.jpg,252,349,2974.0,train
149075.jpg,164,227,2974.0,train
041817.jpg,504,698,3494.0,train
153243.jpg,138,191,3494.0,train
040683.jpg,174,241,3494.0,train
131800.jpg,138,191,3494.0,train
001128.jpg,153,212,3494.0,train
055461.jpg,286,396,3494.0,train
103509.jpg,429,594,3494.0,train
133101.jpg,239,331,3494.0,train
042453.jpg,205,284,3494.0,train
067648.jpg,468,648,3494.0,train
087190.jpg,1170,1620,3494.0,train
004838.jpg,179,248,3494.0,train
022100.jpg,889,1231,3494.0,train
030866.jpg,250,346,3494.0,train
006495.jpg,159,220,3494.0,train
087461.jpg,224,310,3494.0,train
136793.jpg,198,274,3494.0,train
021797.jpg,112,155,3494.0,train
153782.jpg,562,778,3494.0,train
144474.jpg,491,680,3494.0,train
061736.jpg,270,368,10142.0,train
128066.jpg,83,115,10142.0,train
059962.jpg,78,108,10142.0,train
119033.jpg,242,335,10142.0,train
013694.jpg,172,238,10142.0,train
079690.jpg,174,241,10142.0,train
107857.jpg,169,234,10142.0,train
120471.jpg,94,130,10142.0,train
073480.jpg,185,256,10142.0,train
090105.jpg,302,385,10142.0,train
095087.jpg,143,198,10142.0,train
020672.jpg,107,148,10142.0,train
046487.jpg,257,356,10142.0,train
050235.jpg,125,173,10142.0,train
024260.jpg,1011,1400,10142.0,train
106596.jpg,322,446,10142.0,train
122238.jpg,185,256,10142.0,train
035207.jpg,190,263,10142.0,train
140705.jpg,117,162,10142.0,train
126514.jpg,234,324,10142.0,train
050291.jpg,224,310,66.0,train
158165.jpg,497,720,66.0,train
045955.jpg,442,612,66.0,train
136928.jpg,117,162,66.0,train
002438.jpg,174,241,66.0,train
056449.jpg,146,202,66.0,train
111428.jpg,281,389,66.0,train
143973.jpg,169,234,66.0,train
053736.jpg,153,212,66.0,train
057548.jpg,562,778,66.0,train
079156.jpg,130,180,66.0,train
004267.jpg,185,256,66.0,train
012165.jpg,140,194,66.0,train
015587.jpg,166,230,66.0,train
004761.jpg,263,364,66.0,train
084987.jpg,187,259,66.0,train
148289.jpg,213,295,66.0,train
011659.jpg,205,284,66.0,train
158295.jpg,356,493,66.0,train
151048.jpg,125,173,66.0,train
055235.jpg,94,130,64.0,train
150684.jpg,94,130,64.0,train
054494.jpg,187,259,64.0,train
112088.jpg,125,173,64.0,train
011839.jpg,161,223,64.0,train
065702.jpg,842,1166,64.0,train
087995.jpg,120,166,64.0,train
113902.jpg,99,137,64.0,train
063560.jpg,185,256,64.0,train
073244.jpg,172,238,64.0,train
087155.jpg,164,227,64.0,train
014756.jpg,140,194,64.0,train
027425.jpg,156,216,64.0,train
034509.jpg,88,122,64.0,train
017192.jpg,88,122,64.0,train
087353.jpg,127,176,64.0,train
121505.jpg,107,148,64.0,train
022329.jpg,346,479,64.0,train
151439.jpg,153,212,64.0,train
140288.jpg,307,425,64.0,train
036434.jpg,156,216,9886.0,train
148162.jpg,140,194,9886.0,train
033578.jpg,117,162,9886.0,train
120793.jpg,101,140,9886.0,train
000361.jpg,185,256,9886.0,train
056134.jpg,255,353,9886.0,train
097825.jpg,380,526,9886.0,train
123215.jpg,148,205,9886.0,train
053384.jpg,192,266,9886.0,train
074956.jpg,270,374,9886.0,train
087898.jpg,156,216,9886.0,train
008951.jpg,187,259,9886.0,train
024214.jpg,180,140,9886.0,train
029902.jpg,208,288,9886.0,train
010435.jpg,151,209,9886.0,train
094638.jpg,159,220,9886.0,train
137893.jpg,146,202,9886.0,train
022870.jpg,213,295,9886.0,train
151464.jpg,81,112,9886.0,train
144594.jpg,160,120,9886.0,train
058005.jpg,161,223,6000.0,train
158838.jpg,185,256,6000.0,train
036757.jpg,117,162,6000.0,train
141966.jpg,65,90,6000.0,train
002689.jpg,114,158,6000.0,train
083353.jpg,302,418,6000.0,train
118560.jpg,112,155,6000.0,train
147080.jpg,120,166,6000.0,train
071500.jpg,130,180,6000.0,train
103168.jpg,221,306,6000.0,train
112663.jpg,86,119,6000.0,train
006292.jpg,203,281,6000.0,train
023046.jpg,156,216,6000.0,train
024246.jpg,135,187,6000.0,train
012775.jpg,112,155,6000.0,train
117301.jpg,120,166,6000.0,train
149925.jpg,133,184,6000.0,train
016591.jpg,117,162,6000.0,train
161265.jpg,127,176,6000.0,train
154187.jpg,109,151,6000.0,train
044148.jpg,166,230,2965.0,train
127517.jpg,117,162,2965.0,train
042290.jpg,224,310,2965.0,train
118001.jpg,107,148,2965.0,train
001116.jpg,294,407,2965.0,train
053507.jpg,265,367,2965.0,train
084615.jpg,260,360,2965.0,train
122777.jpg,252,349,2965.0,train
048953.jpg,400,554,2965.0,train
055696.jpg,179,248,2965.0,train
075018.jpg,395,547,2965.0,train
004149.jpg,218,302,2965.0,train
014832.jpg,122,169,2965.0,train
022459.jpg,146,202,2965.0,train
009253.jpg,182,252,2965.0,train
083997.jpg,156,216,2965.0,train
123085.jpg,400,554,2965.0,train
010650.jpg,153,212,2965.0,train
132446.jpg,153,212,2965.0,train
126915.jpg,296,410,2965.0,train
046250.jpg,138,191,495.0,train
144398.jpg,244,338,495.0,train
044839.jpg,192,266,495.0,train
111966.jpg,120,166,495.0,train
005184.jpg,122,169,495.0,train
066038.jpg,351,486,495.0,train
083878.jpg,263,364,495.0,train
122406.jpg,78,108,495.0,train
053042.jpg,83,115,495.0,train
068897.jpg,127,176,495.0,train
073060.jpg,205,284,495.0,train
009907.jpg,96,133,495.0,train
033892.jpg,153,212,495.0,train
035150.jpg,198,274,495.0,train
026073.jpg,257,356,495.0,train
080503.jpg,88,122,495.0,train
135890.jpg,145,205,495.0,train
027505.jpg,125,173,495.0,train
151214.jpg,179,248,495.0,train
142534.jpg,148,205,495.0,train
079547.jpg,135,187,6877.0,train
156086.jpg,286,396,6877.0,train
079184.jpg,78,108,6877.0,train
145496.jpg,270,374,6877.0,train
004648.jpg,125,173,6877.0,train
098064.jpg,338,468,6877.0,train
122682.jpg,192,266,6877.0,train
149231.jpg,426,590,6877.0,train
088303.jpg,234,324,6877.0,train
102915.jpg,250,200,6877.0,train
117038.jpg,361,500,6877.0,train
009503.jpg,372,515,6877.0,train
040179.jpg,107,148,6877.0,train
044103.jpg,302,418,6877.0,train
019559.jpg,255,353,6877.0,train
118202.jpg,130,180,6877.0,train
149404.jpg,294,407,6877.0,train
021496.jpg,354,490,6877.0,train
160912.jpg,125,173,6877.0,train
154583.jpg,283,392,6877.0,train
054058.jpg,346,479,7479.0,train
158266.jpg,1123,1555,7479.0,train
024879.jpg,229,317,7479.0,train
136219.jpg,304,421,7479.0,train
000727.jpg,208,288,7479.0,train
072723.jpg,385,533,7479.0,train
110567.jpg,699,968,7479.0,train
140700.jpg,213,295,7479.0,train
066425.jpg,601,832,7479.0,train
081353.jpg,99,137,7479.0,train
090217.jpg,247,342,7479.0,train
002056.jpg,364,504,7479.0,train
018270.jpg,640,886,7479.0,train
019991.jpg,439,608,7479.0,train
014300.jpg,234,324,7479.0,train
107203.jpg,190,263,7479.0,train
148262.jpg,234,324,7479.0,train
015554.jpg,216,299,7479.0,train
162370.jpg,218,302,7479.0,train
154549.jpg,655,907,7479.0,train
048175.jpg,237,328,171.0,train
143048.jpg,304,421,171.0,train
045490.jpg,133,184,171.0,train
102822.jpg,179,248,171.0,train
015445.jpg,226,313,171.0,train
060524.jpg,133,184,171.0,train
068652.jpg,169,234,171.0,train
116956.jpg,120,166,171.0,train
057275.jpg,130,180,171.0,train
061692.jpg,148,205,171.0,train
063438.jpg,192,266,171.0,train
019931.jpg,203,281,171.0,train
035230.jpg,231,320,171.0,train
042447.jpg,211,292,171.0,train
028118.jpg,260,360,171.0,train
067315.jpg,185,256,171.0,train
119139.jpg,252,322,171.0,train
028350.jpg,127,176,171.0,train
148701.jpg,211,292,171.0,train
132571.jpg,772,1069,171.0,train
043664.jpg,647,896,230.0,train
158903.jpg,315,436,230.0,train
030345.jpg,286,396,230.0,train
120193.jpg,538,745,230.0,train
004516.jpg,330,457,230.0,train
057010.jpg,582,806,230.0,train
092601.jpg,408,565,230.0,train
139936.jpg,278,385,230.0,train
049775.jpg,450,623,230.0,train
057414.jpg,780,1080,230.0,train
070464.jpg,390,540,230.0,train
008100.jpg,299,414,230.0,train
020182.jpg,619,857,230.0,train
020866.jpg,419,580,230.0,train
009353.jpg,346,479,230.0,train
077137.jpg,413,572,230.0,train
145393.jpg,939,1300,230.0,train
015233.jpg,1253,1735,230.0,train
159306.jpg,281,389,230.0,train
152337.jpg,146,202,230.0,train
047782.jpg,117,162,476.0,train
137080.jpg,244,338,476.0,train
046146.jpg,109,151,476.0,train
118375.jpg,231,320,476.0,train
001785.jpg,242,335,476.0,train
078557.jpg,96,133,476.0,train
098649.jpg,151,209,476.0,train
127086.jpg,174,241,476.0,train
050562.jpg,1282,1775,476.0,train
082876.jpg,247,342,476.0,train
088898.jpg,1599,2214,476.0,train
003558.jpg,229,317,476.0,train
013784.jpg,81,112,476.0,train
021381.jpg,354,490,476.0,train
009133.jpg,117,162,476.0,train
097733.jpg,335,464,476.0,train
131819.jpg,234,324,476.0,train
012497.jpg,234,324,476.0,train
152342.jpg,91,126,476.0,train
133956.jpg,159,220,476.0,train
072476.jpg,140,194,5427.0,train
156630.jpg,101,140,5427.0,train
069700.jpg,200,277,5427.0,train
128998.jpg,86,119,5427.0,train
009459.jpg,325,450,5427.0,train
080817.jpg,247,342,5427.0,train
102600.jpg,528,731,5427.0,train
143536.jpg,146,202,5427.0,train
076478.jpg,257,356,5427.0,train
082379.jpg,94,130,5427.0,train
084127.jpg,252,349,5427.0,train
011246.jpg,530,734,5427.0,train
048554.jpg,159,220,5427.0,train
049817.jpg,203,281,5427.0,train
011846.jpg,195,270,5427.0,train
099299.jpg,130,180,5427.0,train
149201.jpg,177,245,5427.0,train
019067.jpg,224,310,5427.0,train
159303.jpg,179,248,5427.0,train
151099.jpg,237,328,5427.0,train
058178.jpg,244,338,7513.0,train
140104.jpg,401,553,7513.0,train
057563.jpg,130,180,7513.0,train
118573.jpg,135,187,7513.0,train
004588.jpg,127,176,7513.0,train
076875.jpg,281,389,7513.0,train
094023.jpg,122,169,7513.0,train
123465.jpg,192,266,7513.0,train
073393.jpg,125,173,7513.0,train
082842.jpg,185,256,7513.0,train
091054.jpg,224,310,7513.0,train
010437.jpg,172,238,7513.0,train
038772.jpg,279,400,7513.0,train
042488.jpg,146,202,7513.0,train
010625.jpg,658,911,7513.0,train
092961.jpg,252,349,7513.0,train
132424.jpg,166,230,7513.0,train
038382.jpg,159,220,7513.0,train
149876.jpg,140,194,7513.0,train
136048.jpg,281,389,7513.0,train
051800.jpg,525,727,3781.0,train
132105.jpg,1014,1404,3781.0,train
049415.jpg,715,990,3781.0,train
112210.jpg,138,191,3781.0,train
012800.jpg,195,270,3781.0,train
069307.jpg,211,292,3781.0,train
093257.jpg,205,284,3781.0,train
112634.jpg,242,335,3781.0,train
067188.jpg,75,104,3781.0,train
070130.jpg,153,212,3781.0,train
081488.jpg,138,191,3781.0,train
018396.jpg,593,821,3781.0,train
028538.jpg,247,342,3781.0,train
030376.jpg,135,187,3781.0,train
023638.jpg,270,374,3781.0,train
091368.jpg,159,220,3781.0,train
116837.jpg,169,220,3781.0,train
028452.jpg,185,256,3781.0,train
149482.jpg,83,115,3781.0,train
117155.jpg,99,137,3781.0,train
067319.jpg,1043,1444,6016.0,train
147808.jpg,1355,1876,6016.0,train
066856.jpg,164,227,6016.0,train
130219.jpg,120,166,6016.0,train
004387.jpg,156,216,6016.0,train
086547.jpg,151,209,6016.0,train
103262.jpg,419,580,6016.0,train
132461.jpg,226,313,6016.0,train
081514.jpg,164,227,6016.0,train
089473.jpg,1037,1436,6016.0,train
098078.jpg,101,140,6016.0,train
015600.jpg,75,104,6016.0,train
054449.jpg,182,252,6016.0,train
055356.jpg,853,1181,6016.0,train
038342.jpg,179,239,6016.0,train
101437.jpg,172,238,6016.0,train
136250.jpg,1186,1642,6016.0,train
049759.jpg,125,173,6016.0,train
157878.jpg,83,115,6016.0,train
140851.jpg,177,245,6016.0,train
030724.jpg,140,194,5423.0,train
131405.jpg,309,428,5423.0,train
029056.jpg,125,173,5423.0,train
109156.jpg,169,234,5423.0,train
008674.jpg,125,173,5423.0,train
046148.jpg,242,335,5423.0,train
079013.jpg,289,400,5423.0,train
115494.jpg,325,450,5423.0,train
033857.jpg,117,162,5423.0,train
046244.jpg,192,266,5423.0,train
067970.jpg,260,360,5423.0,train
011917.jpg,377,522,5423.0,train
019155.jpg,166,230,5423.0,train
019795.jpg,138,191,5423.0,train
012126.jpg,91,126,5423.0,train
068949.jpg,242,335,5423.0,train
117163.jpg,94,130,5423.0,train
018751.jpg,120,166,5423.0,train
146552.jpg,112,155,5423.0,train
120012.jpg,270,374,5423.0,train
054155.jpg,879,1217,5597.0,train
146493.jpg,94,130,5597.0,train
053897.jpg,65,90,5597.0,train
112322.jpg,281,389,5597.0,train
000597.jpg,127,176,5597.0,train
062297.jpg,153,212,5597.0,train
085038.jpg,343,475,5597.0,train
121401.jpg,169,234,5597.0,train
057488.jpg,200,277,5597.0,train
064691.jpg,94,130,5597.0,train
069663.jpg,138,191,5597.0,train
008682.jpg,198,274,5597.0,train
020163.jpg,179,248,5597.0,train
032254.jpg,148,205,5597.0,train
014192.jpg,213,295,5597.0,train
081982.jpg,335,464,5597.0,train
125929.jpg,549,760,5597.0,train
019142.jpg,320,443,5597.0,train
147809.jpg,205,284,5597.0,train
134845.jpg,75,104,5597.0,train
088040.jpg,125,173,5566.0,train
151711.jpg,182,252,5566.0,train
087802.jpg,203,281,5566.0,train
142671.jpg,114,158,5566.0,train
004962.jpg,231,320,5566.0,train
102102.jpg,551,763,5566.0,train
124425.jpg,166,230,5566.0,train
144883.jpg,101,140,5566.0,train
100335.jpg,455,630,5566.0,train
102841.jpg,239,331,5566.0,train
119877.jpg,166,230,5566.0,train
021396.jpg,140,194,5566.0,train
048686.jpg,257,356,5566.0,train
065104.jpg,468,648,5566.0,train
022203.jpg,218,302,5566.0,train
121741.jpg,83,115,5566.0,train
147758.jpg,429,594,5566.0,train
027924.jpg,226,313,5566.0,train
157393.jpg,320,443,5566.0,train
147849.jpg,104,144,5566.0,train
042010.jpg,120,166,5734.0,train
135661.jpg,161,223,5734.0,train
029062.jpg,172,238,5734.0,train
093602.jpg,221,306,5734.0,train
002159.jpg,177,245,5734.0,train
049089.jpg,86,119,5734.0,train
076191.jpg,120,166,5734.0,train
096067.jpg,179,248,5734.0,train
044520.jpg,283,392,5734.0,train
054317.jpg,65,90,5734.0,train
063203.jpg,354,490,5734.0,train
007793.jpg,78,108,5734.0,train
014082.jpg,234,324,5734.0,train
017703.jpg,108,169,5734.0,train
010552.jpg,283,392,5734.0,train
065610.jpg,185,256,5734.0,train
096776.jpg,450,623,5734.0,train
013382.jpg,198,274,5734.0,train
141810.jpg,166,230,5734.0,train
105063.jpg,88,122,5734.0,train
056306.jpg,133,184,5747.0,train
146797.jpg,218,302,5747.0,train
044906.jpg,135,187,5747.0,train
118124.jpg,341,472,5747.0,train
002196.jpg,153,212,5747.0,train
063877.jpg,81,112,5747.0,train
083644.jpg,187,259,5747.0,train
128293.jpg,250,346,5747.0,train
058879.jpg,192,266,5747.0,train
065389.jpg,107,148,5747.0,train
074680.jpg,94,130,5747.0,train
008715.jpg,369,511,5747.0,train
025110.jpg,242,335,5747.0,train
025636.jpg,78,108,5747.0,train
010564.jpg,289,400,5747.0,train
078548.jpg,156,216,5747.0,train
130958.jpg,315,436,5747.0,train
021785.jpg,216,299,5747.0,train
153094.jpg,406,562,5747.0,train
139583.jpg,127,176,5747.0,train
048693.jpg,221,279,7569.0,train
155877.jpg,83,115,7569.0,train
037730.jpg,138,191,7569.0,train
138858.jpg,1048,1451,7569.0,train
005717.jpg,125,173,7569.0,train
075009.jpg,406,562,7569.0,train
117969.jpg,125,173,7569.0,train
145160.jpg,200,277,7569.0,train
063980.jpg,112,155,7569.0,train
094695.jpg,138,191,7569.0,train
108536.jpg,179,248,7569.0,train
005970.jpg,130,180,7569.0,train
015176.jpg,107,148,7569.0,train
015899.jpg,525,727,7569.0,train
008166.jpg,86,119,7569.0,train
114310.jpg,231,320,7569.0,train
153030.jpg,73,101,7569.0,train
015170.jpg,117,162,7569.0,train
155981.jpg,159,220,7569.0,train
154901.jpg,221,306,7569.0,train
027607.jpg,507,702,206.0,train
147157.jpg,546,756,206.0,train
024466.jpg,268,371,206.0,train
122731.jpg,309,428,206.0,train
000126.jpg,205,284,206.0,train
060388.jpg,153,212,206.0,train
111756.jpg,182,252,206.0,train
124230.jpg,138,191,206.0,train
049160.jpg,211,292,206.0,train
060521.jpg,213,295,206.0,train
069777.jpg,221,306,206.0,train
001705.jpg,169,234,206.0,train
014409.jpg,309,428,206.0,train
015067.jpg,497,688,206.0,train
003636.jpg,159,220,206.0,train
083342.jpg,112,155,206.0,train
130233.jpg,195,270,206.0,train
011240.jpg,257,356,206.0,train
148340.jpg,260,360,206.0,train
137821.jpg,317,439,206.0,train
055366.jpg,270,374,3294.0,train
151696.jpg,213,295,3294.0,train
040186.jpg,174,241,3294.0,train
126068.jpg,114,158,3294.0,train
007033.jpg,533,738,3294.0,train
061968.jpg,372,515,3294.0,train
093593.jpg,216,299,3294.0,train
134183.jpg,354,490,3294.0,train
057980.jpg,265,367,3294.0,train
062976.jpg,169,234,3294.0,train
076999.jpg,234,324,3294.0,train
008609.jpg,203,281,3294.0,train
012591.jpg,575,796,3294.0,train
017897.jpg,161,223,3294.0,train
010176.jpg,122,169,3294.0,train
085890.jpg,185,256,3294.0,train
135987.jpg,317,439,3294.0,train
012177.jpg,159,182,3294.0,train
159482.jpg,133,184,3294.0,train
145169.jpg,429,594,3294.0,train
043709.jpg,179,248,593.0,train
155601.jpg,109,151,593.0,train
042730.jpg,138,191,593.0,train
150791.jpg,187,259,593.0,train
001610.jpg,255,353,593.0,train
080821.jpg,190,263,593.0,train
120013.jpg,179,248,593.0,train
151015.jpg,268,371,593.0,train
073991.jpg,114,158,593.0,train
098089.jpg,166,230,593.0,train
110365.jpg,42,58,593.0,train
004638.jpg,216,299,593.0,train
015223.jpg,317,439,593.0,train
017124.jpg,153,212,593.0,train
009781.jpg,104,144,593.0,train
111607.jpg,151,209,593.0,train
151418.jpg,161,223,593.0,train
011832.jpg,205,284,593.0,train
155896.jpg,96,133,593.0,train
152509.jpg,166,230,593.0,train
057513.jpg,218,302,3298.0,train
154840.jpg,242,335,3298.0,train
055652.jpg,237,328,3298.0,train
129167.jpg,244,338,3298.0,train
000201.jpg,520,720,3298.0,train
062832.jpg,478,662,3298.0,train
092327.jpg,289,400,3298.0,train
139432.jpg,263,364,3298.0,train
059316.jpg,320,443,3298.0,train
069906.jpg,169,234,3298.0,train
075394.jpg,161,223,3298.0,train
010149.jpg,203,281,3298.0,train
034890.jpg,169,234,3298.0,train
035260.jpg,135,187,3298.0,train
012581.jpg,237,328,3298.0,train
091564.jpg,252,349,3298.0,train
152071.jpg,1201,1663,3298.0,train
019072.jpg,294,407,3298.0,train
155872.jpg,91,126,3298.0,train
153490.jpg,226,313,3298.0,train
056717.jpg,315,436,204.0,train
151815.jpg,330,457,204.0,train
047921.jpg,278,385,204.0,train
128511.jpg,354,490,204.0,train
006351.jpg,148,205,204.0,train
084354.jpg,252,349,204.0,train
119179.jpg,203,281,204.0,train
136289.jpg,161,223,204.0,train
075537.jpg,125,173,204.0,train
091472.jpg,148,205,204.0,train
095067.jpg,161,223,204.0,train
006924.jpg,117,162,204.0,train
027173.jpg,174,241,204.0,train
029410.jpg,166,230,204.0,train
010080.jpg,304,421,204.0,train
101099.jpg,122,169,204.0,train
141263.jpg,289,400,204.0,train
010847.jpg,107,148,204.0,train
157311.jpg,255,353,204.0,train
146886.jpg,338,468,204.0,train
079603.jpg,205,284,9733.0,train
154302.jpg,317,439,9733.0,train
075210.jpg,260,360,9733.0,train
145726.jpg,216,299,9733.0,train
001363.jpg,151,209,9733.0,train
094018.jpg,299,414,9733.0,train
130970.jpg,143,198,9733.0,train
147122.jpg,166,230,9733.0,train
092231.jpg,312,432,9733.0,train
107201.jpg,172,238,9733.0,train
116247.jpg,627,868,9733.0,train
002048.jpg,393,544,9733.0,train
050772.jpg,140,194,9733.0,train
053421.jpg,146,202,9733.0,train
028626.jpg,91,126,9733.0,train
120177.jpg,151,209,9733.0,train
150148.jpg,205,284,9733.0,train
033306.jpg,120,166,9733.0,train
159481.jpg,205,284,9733.0,train
153725.jpg,478,662,9733.0,train
029531.jpg,744,1030,7578.0,train
140269.jpg,239,331,7578.0,train
026701.jpg,164,227,7578.0,train
096355.jpg,86,119,7578.0,train
000025.jpg,200,277,7578.0,train
050663.jpg,169,234,7578.0,train
087725.jpg,372,515,7578.0,train
120881.jpg,151,209,7578.0,train
037092.jpg,224,310,7578.0,train
054941.jpg,148,205,7578.0,train
069596.jpg,205,284,7578.0,train
003360.jpg,187,259,7578.0,train
006636.jpg,372,515,7578.0,train
010606.jpg,143,198,7578.0,train
004163.jpg,387,536,7578.0,train
075087.jpg,114,158,7578.0,train
122479.jpg,814,1127,7578.0,train
005601.jpg,385,533,7578.0,train
144374.jpg,452,626,7578.0,train
123837.jpg,153,212,7578.0,train
047705.jpg,244,338,5581.0,train
148038.jpg,83,115,5581.0,train
046557.jpg,239,331,5581.0,train
126230.jpg,221,306,5581.0,train
004164.jpg,88,122,5581.0,train
057068.jpg,169,234,5581.0,train
069751.jpg,143,198,5581.0,train
127390.jpg,153,212,5581.0,train
050432.jpg,138,191,5581.0,train
057674.jpg,190,263,5581.0,train
064801.jpg,151,209,5581.0,train
007447.jpg,325,450,5581.0,train
034468.jpg,460,637,5581.0,train
035068.jpg,94,130,5581.0,train
008484.jpg,419,580,5581.0,train
069571.jpg,146,202,5581.0,train
133967.jpg,143,198,5581.0,train
009110.jpg,151,209,5581.0,train
151707.jpg,190,263,5581.0,train
141574.jpg,120,166,5581.0,train
075145.jpg,143,198,3791.0,train
136856.jpg,182,252,3791.0,train
066164.jpg,356,493,3791.0,train
115469.jpg,330,457,3791.0,train
003144.jpg,224,310,3791.0,train
082944.jpg,159,220,3791.0,train
099222.jpg,135,187,3791.0,train
123868.jpg,182,252,3791.0,train
080401.jpg,169,234,3791.0,train
083130.jpg,107,148,3791.0,train
084547.jpg,161,223,3791.0,train
009687.jpg,148,205,3791.0,train
033879.jpg,312,432,3791.0,train
043364.jpg,146,202,3791.0,train
014195.jpg,192,266,3791.0,train
092166.jpg,161,223,3791.0,train
128629.jpg,208,288,3791.0,train
014701.jpg,166,230,3791.0,train
149667.jpg,231,320,3791.0,train
131978.jpg,463,641,3791.0,train
070540.jpg,213,295,10174.0,train
153278.jpg,133,184,10174.0,train
056835.jpg,174,241,10174.0,train
136844.jpg,247,342,10174.0,train
005327.jpg,156,216,10174.0,train
099011.jpg,192,266,10174.0,train
121101.jpg,203,281,10174.0,train
137246.jpg,231,320,10174.0,train
097855.jpg,96,133,10174.0,train
101444.jpg,81,112,10174.0,train
111069.jpg,112,155,10174.0,train
006202.jpg,192,266,10174.0,train
020567.jpg,114,158,10174.0,train
030371.jpg,205,284,10174.0,train
006883.jpg,268,371,10174.0,train
120940.jpg,179,248,10174.0,train
148309.jpg,91,126,10174.0,train
011127.jpg,117,162,10174.0,train
157559.jpg,224,310,10174.0,train
150215.jpg,112,155,10174.0,train
064366.jpg,94,130,3597.0,train
156718.jpg,130,180,3597.0,train
062269.jpg,101,140,3597.0,train
115146.jpg,143,198,3597.0,train
005660.jpg,164,227,3597.0,train
067602.jpg,179,248,3597.0,train
099936.jpg,380,526,3597.0,train
128868.jpg,177,245,3597.0,train
067186.jpg,351,486,3597.0,train
074541.jpg,107,148,3597.0,train
087814.jpg,200,277,3597.0,train
029879.jpg,161,223,3597.0,train
043551.jpg,117,162,3597.0,train
043802.jpg,109,151,3597.0,train
040090.jpg,174,241,3597.0,train
092291.jpg,179,248,3597.0,train
142256.jpg,138,191,3597.0,train
040095.jpg,99,137,3597.0,train
158264.jpg,190,263,3597.0,train
155446.jpg,312,432,3597.0,train
039987.jpg,302,418,612.0,train
126177.jpg,541,749,612.0,train
024374.jpg,237,328,612.0,train
107293.jpg,203,281,612.0,train
000010.jpg,211,292,612.0,train
051580.jpg,135,187,612.0,train
090164.jpg,156,216,612.0,train
108906.jpg,715,990,612.0,train
048787.jpg,135,187,612.0,train
056546.jpg,255,353,612.0,train
074502.jpg,234,324,612.0,train
001668.jpg,512,709,612.0,train
008971.jpg,972,1346,612.0,train
010516.jpg,395,547,612.0,train
004349.jpg,455,630,612.0,train
075650.jpg,1019,1411,612.0,train
118245.jpg,458,634,612.0,train
008585.jpg,169,234,612.0,train
130409.jpg,88,122,612.0,train
118309.jpg,174,241,612.0,train
043670.jpg,216,299,3312.0,train
134759.jpg,237,328,3312.0,train
042425.jpg,203,281,3312.0,train
125984.jpg,221,306,3312.0,train
003847.jpg,161,223,3312.0,train
062615.jpg,169,234,3312.0,train
097891.jpg,195,270,3312.0,train
126806.jpg,268,371,3312.0,train
057197.jpg,138,191,3312.0,train
062936.jpg,237,328,3312.0,train
084473.jpg,179,248,3312.0,train
005261.jpg,203,278,3312.0,train
036157.jpg,130,180,3312.0,train
037309.jpg,122,169,3312.0,train
011026.jpg,143,198,3312.0,train
097613.jpg,101,140,3312.0,train
133176.jpg,104,144,3312.0,train
025157.jpg,75,104,3312.0,train
141082.jpg,114,158,3312.0,train
134631.jpg,94,130,3312.0,train
071459.jpg,153,212,9719.0,train
157845.jpg,156,216,9719.0,train
066181.jpg,185,256,9719.0,train
128091.jpg,148,205,9719.0,train
002735.jpg,78,108,9719.0,train
096176.jpg,252,349,9719.0,train
124814.jpg,78,108,9719.0,train
130656.jpg,494,684,9719.0,train
084824.jpg,153,212,9719.0,train
096981.jpg,55,76,9719.0,train
108245.jpg,151,209,9719.0,train
003765.jpg,143,198,9719.0,train
029167.jpg,265,367,9719.0,train
029992.jpg,412,644,9719.0,train
011518.jpg,153,212,9719.0,train
120406.jpg,205,284,9719.0,train
139310.jpg,263,362,9719.0,train
022125.jpg,234,324,9719.0,train
162275.jpg,408,565,9719.0,train
155340.jpg,62,86,9719.0,train
024756.jpg,517,716,9712.0,train
129015.jpg,265,367,9712.0,train
023798.jpg,380,526,9712.0,train
101714.jpg,187,259,9712.0,train
000503.jpg,369,511,9712.0,train
053820.jpg,166,230,9712.0,train
075745.jpg,260,360,9712.0,train
107930.jpg,146,202,9712.0,train
046715.jpg,231,320,9712.0,train
058272.jpg,361,500,9712.0,train
065594.jpg,234,324,9712.0,train
002472.jpg,109,151,9712.0,train
009547.jpg,364,504,9712.0,train
014069.jpg,130,180,9712.0,train
002948.jpg,203,281,9712.0,train
066111.jpg,387,536,9712.0,train
121872.jpg,341,472,9712.0,train
003251.jpg,437,605,9712.0,train
158434.jpg,528,731,9712.0,train
123646.jpg,585,810,9712.0,train
074881.jpg,198,274,3305.0,train
158761.jpg,73,101,3305.0,train
074460.jpg,156,216,3305.0,train
131004.jpg,705,976,3305.0,train
006194.jpg,185,256,3305.0,train
080009.jpg,192,266,3305.0,train
098494.jpg,120,166,3305.0,train
131122.jpg,112,155,3305.0,train
079519.jpg,270,370,3305.0,train
080692.jpg,99,137,3305.0,train
087168.jpg,1646,2279,3305.0,train
022319.jpg,148,205,3305.0,train
038971.jpg,195,270,3305.0,train
057390.jpg,148,205,3305.0,train
026093.jpg,291,403,3305.0,train
094089.jpg,91,126,3305.0,train
149512.jpg,127,176,3305.0,train
036129.jpg,107,148,3305.0,train
158839.jpg,135,187,3305.0,train
156413.jpg,151,209,3305.0,train
079877.jpg,218,302,3623.0,train
155247.jpg,143,198,3623.0,train
073615.jpg,291,403,3623.0,train
127338.jpg,190,263,3623.0,train
009473.jpg,120,166,3623.0,train
085522.jpg,299,414,3623.0,train
114441.jpg,182,252,3623.0,train
130254.jpg,234,324,3623.0,train
083718.jpg,289,400,3623.0,train
088031.jpg,400,554,3623.0,train
097602.jpg,213,295,3623.0,train
034174.jpg,101,140,3623.0,train
052545.jpg,133,184,3623.0,train
054750.jpg,114,158,3623.0,train
040435.jpg,112,155,3623.0,train
103444.jpg,341,472,3623.0,train
150522.jpg,151,209,3623.0,train
047792.jpg,179,248,3623.0,train
156023.jpg,198,274,3623.0,train
152148.jpg,257,356,3623.0,train
061730.jpg,484,670,207.0,train
146352.jpg,270,374,207.0,train
058417.jpg,520,720,207.0,train
115354.jpg,377,522,207.0,train
005625.jpg,169,234,207.0,train
078634.jpg,83,115,207.0,train
100959.jpg,473,655,207.0,train
119326.jpg,135,187,207.0,train
073318.jpg,133,184,207.0,train
080394.jpg,460,637,207.0,train
092006.jpg,187,259,207.0,train
011188.jpg,619,857,207.0,train
034654.jpg,226,313,207.0,train
040234.jpg,372,515,207.0,train
012159.jpg,260,360,207.0,train
094176.jpg,117,162,207.0,train
137658.jpg,663,918,207.0,train
015534.jpg,569,788,207.0,train
149873.jpg,229,317,207.0,train
144278.jpg,148,205,207.0,train
043460.jpg,122,169,9742.0,train
132915.jpg,226,313,9742.0,train
041716.jpg,465,644,9742.0,train
124925.jpg,130,180,9742.0,train
006623.jpg,528,731,9742.0,train
066693.jpg,153,212,9742.0,train
095379.jpg,452,626,9742.0,train
127464.jpg,299,414,9742.0,train
057727.jpg,195,270,9742.0,train
080232.jpg,122,169,9742.0,train
089751.jpg,114,158,9742.0,train
006825.jpg,257,356,9742.0,train
026299.jpg,177,245,9742.0,train
030415.jpg,133,184,9742.0,train
009691.jpg,596,893,9742.0,train
093166.jpg,213,295,9742.0,train
127874.jpg,330,457,9742.0,train
013354.jpg,208,288,9742.0,train
133857.jpg,442,612,9742.0,train
131970.jpg,255,353,9742.0,train
054269.jpg,101,140,7138.0,train
153038.jpg,343,475,7138.0,train
041290.jpg,442,612,7138.0,train
134264.jpg,130,180,7138.0,train
003645.jpg,218,302,7138.0,train
069821.jpg,172,238,7138.0,train
112441.jpg,229,317,7138.0,train
134367.jpg,156,216,7138.0,train
060685.jpg,255,353,7138.0,train
072031.jpg,203,281,7138.0,train
085024.jpg,291,403,7138.0,train
004514.jpg,195,270,7138.0,train
028907.jpg,211,292,7138.0,train
032546.jpg,411,569,7138.0,train
008505.jpg,73,101,7138.0,train
106283.jpg,205,284,7138.0,train
141024.jpg,130,180,7138.0,train
023196.jpg,130,180,7138.0,train
157092.jpg,260,360,7138.0,train
143872.jpg,60,83,7138.0,train
050476.jpg,218,302,7552.0,train
132512.jpg,213,295,7552.0,train
049661.jpg,122,169,7552.0,train
119871.jpg,255,353,7552.0,train
017521.jpg,182,252,7552.0,train
080691.jpg,257,356,7552.0,train
102149.jpg,419,580,7552.0,train
121100.jpg,309,360,7552.0,train
077748.jpg,86,119,7552.0,train
082526.jpg,213,295,7552.0,train
091958.jpg,161,223,7552.0,train
018670.jpg,286,328,7552.0,train
032813.jpg,330,457,7552.0,train
032905.jpg,213,295,7552.0,train
019172.jpg,164,227,7552.0,train
099381.jpg,203,281,7552.0,train
125192.jpg,143,198,7552.0,train
020536.jpg,255,353,7552.0,train
144262.jpg,325,450,7552.0,train
132090.jpg,302,418,7552.0,train
087206.jpg,614,850,436.0,train
137901.jpg,580,803,436.0,train
086603.jpg,265,367,436.0,train
130150.jpg,387,536,436.0,train
031131.jpg,567,785,436.0,train
091852.jpg,585,810,436.0,train
112011.jpg,346,479,436.0,train
131769.jpg,112,155,436.0,train
089794.jpg,663,918,436.0,train
109359.jpg,299,414,436.0,train
109671.jpg,138,191,436.0,train
032774.jpg,96,133,436.0,train
056487.jpg,517,716,436.0,train
059364.jpg,348,482,436.0,train
038232.jpg,624,864,436.0,train
111270.jpg,385,533,436.0,train
133326.jpg,920,1274,436.0,train
043962.jpg,793,1098,436.0,train
146439.jpg,364,504,436.0,train
133733.jpg,195,270,436.0,train
075856.jpg,203,281,6031.0,train
147705.jpg,185,256,6031.0,train
074024.jpg,291,403,6031.0,train
132418.jpg,190,263,6031.0,train
003760.jpg,151,209,6031.0,train
092489.jpg,130,180,6031.0,train
124556.jpg,122,169,6031.0,train
134783.jpg,117,162,6031.0,train
080761.jpg,192,247,6031.0,train
104476.jpg,177,245,6031.0,train
114899.jpg,120,166,6031.0,train
014373.jpg,143,198,6031.0,train
045791.jpg,143,198,6031.0,train
059709.jpg,138,191,6031.0,train
030351.jpg,192,266,6031.0,train
124482.jpg,153,212,6031.0,train
146997.jpg,216,299,6031.0,train
039292.jpg,382,529,6031.0,train
153667.jpg,369,511,6031.0,train
147327.jpg,260,360,6031.0,train
059719.jpg,200,277,7167.0,train
149680.jpg,234,324,7167.0,train
058171.jpg,161,223,7167.0,train
140858.jpg,169,234,7167.0,train
001739.jpg,117,162,7167.0,train
084215.jpg,780,1080,7167.0,train
107243.jpg,174,241,7167.0,train
141107.jpg,177,245,7167.0,train
078787.jpg,140,194,7167.0,train
086929.jpg,156,216,7167.0,train
101786.jpg,159,220,7167.0,train
007267.jpg,268,371,7167.0,train
036653.jpg,182,252,7167.0,train
043996.jpg,104,144,7167.0,train
008952.jpg,317,439,7167.0,train
101825.jpg,174,241,7167.0,train
144234.jpg,208,288,7167.0,train
017881.jpg,205,284,7167.0,train
150560.jpg,312,432,7167.0,train
147416.jpg,125,173,7167.0,train
058081.jpg,166,230,7302.0,train
150397.jpg,224,310,7302.0,train
050211.jpg,855,1184,7302.0,train
116246.jpg,416,576,7302.0,train
004710.jpg,333,461,7302.0,train
070519.jpg,302,418,7302.0,train
086769.jpg,229,317,7302.0,train
117174.jpg,179,248,7302.0,train
069694.jpg,107,148,7302.0,train
070881.jpg,208,288,7302.0,train
079058.jpg,244,338,7302.0,train
011013.jpg,666,922,7302.0,train
028117.jpg,900,1246,7302.0,train
038292.jpg,590,817,7302.0,train
012758.jpg,333,461,7302.0,train
084561.jpg,135,187,7302.0,train
122468.jpg,302,418,7302.0,train
014790.jpg,112,155,7302.0,train
155111.jpg,697,965,7302.0,train
147204.jpg,426,590,7302.0,train
059342.jpg,278,385,9789.0,train
150366.jpg,468,648,9789.0,train
057556.jpg,205,284,9789.0,train
135221.jpg,237,328,9789.0,train
004307.jpg,187,259,9789.0,train
074145.jpg,138,191,9789.0,train
119706.jpg,276,382,9789.0,train
142545.jpg,99,137,9789.0,train
059926.jpg,234,324,9789.0,train
097168.jpg,122,169,9789.0,train
112603.jpg,216,299,9789.0,train
007293.jpg,250,346,9789.0,train
035026.jpg,187,259,9789.0,train
038780.jpg,354,490,9789.0,train
015964.jpg,387,536,9789.0,train
115299.jpg,208,288,9789.0,train
145635.jpg,369,511,9789.0,train
024984.jpg,177,245,9789.0,train
155216.jpg,666,922,9789.0,train
147537.jpg,146,202,9789.0,train
076691.jpg,73,101,7165.0,train
142758.jpg,169,234,7165.0,train
068670.jpg,146,202,7165.0,train
125027.jpg,203,281,7165.0,train
001364.jpg,120,166,7165.0,train
090143.jpg,120,166,7165.0,train
100591.jpg,361,500,7165.0,train
126071.jpg,213,295,7165.0,train
082435.jpg,135,187,7165.0,train
093518.jpg,177,245,7165.0,train
098105.jpg,205,269,7165.0,train
005319.jpg,185,256,7165.0,train
044418.jpg,159,220,7165.0,train
055346.jpg,99,137,7165.0,train
012941.jpg,203,281,7165.0,train
098138.jpg,182,252,7165.0,train
128936.jpg,153,212,7165.0,train
015460.jpg,195,270,7165.0,train
144236.jpg,140,194,7165.0,train
141370.jpg,52,72,7165.0,train
058419.jpg,122,169,5386.0,train
146559.jpg,153,212,5386.0,train
033028.jpg,247,342,5386.0,train
132098.jpg,559,774,5386.0,train
004056.jpg,572,792,5386.0,train
062519.jpg,231,320,5386.0,train
114512.jpg,614,850,5386.0,train
143940.jpg,502,695,5386.0,train
061315.jpg,247,342,5386.0,train
078750.jpg,231,320,5386.0,train
094405.jpg,216,299,5386.0,train
005311.jpg,237,328,5386.0,train
012916.jpg,200,277,5386.0,train
021657.jpg,211,292,5386.0,train
009802.jpg,125,173,5386.0,train
109877.jpg,328,454,5386.0,train
144959.jpg,161,223,5386.0,train
011212.jpg,99,137,5386.0,train
149242.jpg,182,252,5386.0,train
145032.jpg,289,400,5386.0,train
060567.jpg,96,133,9787.0,train
157166.jpg,164,227,9787.0,train
055435.jpg,117,162,9787.0,train
139381.jpg,208,288,9787.0,train
023483.jpg,237,328,9787.0,train
065220.jpg,177,245,9787.0,train
106253.jpg,91,126,9787.0,train
143337.jpg,135,187,9787.0,train
061008.jpg,309,428,9787.0,train
072175.jpg,530,734,9787.0,train
101485.jpg,354,490,9787.0,train
032812.jpg,101,140,9787.0,train
043522.jpg,140,194,9787.0,train
046380.jpg,94,130,9787.0,train
040770.jpg,559,774,9787.0,train
101835.jpg,91,126,9787.0,train
143372.jpg,86,119,9787.0,train
042148.jpg,229,317,9787.0,train
160216.jpg,190,263,9787.0,train
156501.jpg,195,270,9787.0,train
033552.jpg,380,526,5382.0,train
146902.jpg,244,338,5382.0,train
029673.jpg,192,254,5382.0,train
096877.jpg,419,580,5382.0,train
003707.jpg,274,432,5382.0,train
049918.jpg,270,374,5382.0,train
074044.jpg,265,367,5382.0,train
108833.jpg,273,378,5382.0,train
047234.jpg,195,270,5382.0,train
050364.jpg,226,313,5382.0,train
058456.jpg,224,310,5382.0,train
005723.jpg,281,389,5382.0,train
016781.jpg,521,760,5382.0,train
024004.jpg,335,464,5382.0,train
007105.jpg,192,266,5382.0,train
066793.jpg,556,770,5382.0,train
122367.jpg,195,270,5382.0,train
012405.jpg,244,338,5382.0,train
148216.jpg,234,324,5382.0,train
141788.jpg,265,367,5382.0,train
067711.jpg,190,263,9748.0,train
130155.jpg,161,223,9748.0,train
048703.jpg,127,176,9748.0,train
116163.jpg,140,194,9748.0,train
002190.jpg,143,198,9748.0,train
089257.jpg,231,320,9748.0,train
104621.jpg,148,205,9748.0,train
121318.jpg,169,234,9748.0,train
089058.jpg,164,227,9748.0,train
089370.jpg,182,222,9748.0,train
097203.jpg,187,259,9748.0,train
004169.jpg,151,209,9748.0,train
020900.jpg,143,198,9748.0,train
024727.jpg,159,220,9748.0,train
006709.jpg,130,180,9748.0,train
100505.jpg,166,230,9748.0,train
127362.jpg,242,335,9748.0,train
020666.jpg,198,274,9748.0,train
144418.jpg,125,173,9748.0,train
127371.jpg,182,252,9748.0,train
056793.jpg,109,151,25.0,train
158737.jpg,174,241,25.0,train
039318.jpg,309,428,25.0,train
132972.jpg,172,238,25.0,train
005346.jpg,169,234,25.0,train
084269.jpg,130,180,25.0,train
107964.jpg,343,475,25.0,train
134150.jpg,88,122,25.0,train
080755.jpg,104,144,25.0,train
092666.jpg,250,346,25.0,train
096573.jpg,135,187,25.0,train
009432.jpg,343,475,25.0,train
027514.jpg,237,328,25.0,train
028631.jpg,70,97,25.0,train
010802.jpg,133,184,25.0,train
102801.jpg,291,403,25.0,train
146688.jpg,166,230,25.0,train
015413.jpg,83,115,25.0,train
158845.jpg,187,259,25.0,train
158307.jpg,127,176,25.0,train
179286.jpg,117,162,3782.0,val
173218.jpg,260,360,3782.0,val
178574.jpg,221,306,3782.0,val
178019.jpg,796,1102,3782.0,val
174009.jpg,330,457,3782.0,val
181060.jpg,213,295,2467.0,val
176029.jpg,348,482,2467.0,val
179517.jpg,296,410,2467.0,val
176760.jpg,458,634,2467.0,val
169871.jpg,289,400,2467.0,val
180564.jpg,88,122,3315.0,val
175321.jpg,120,166,3315.0,val
178385.jpg,294,407,3315.0,val
176294.jpg,172,238,3315.0,val
168085.jpg,117,162,3315.0,val
181913.jpg,200,277,1899.0,val
171857.jpg,988,1368,1899.0,val
179379.jpg,138,191,1899.0,val
174110.jpg,265,367,1899.0,val
168542.jpg,325,450,1899.0,val
178120.jpg,343,475,1908.0,val
172170.jpg,244,338,1908.0,val
176105.jpg,125,173,1908.0,val
173674.jpg,473,655,1908.0,val
168911.jpg,517,716,1908.0,val
181229.jpg,707,979,4149.0,val
174808.jpg,195,270,4149.0,val
178509.jpg,211,292,4149.0,val
175198.jpg,104,144,4149.0,val
166437.jpg,341,472,4149.0,val
180674.jpg,562,778,4183.0,val
170991.jpg,122,169,4183.0,val
178959.jpg,114,158,4183.0,val
173583.jpg,127,176,4183.0,val
167954.jpg,135,187,4183.0,val
181023.jpg,101,140,4204.0,val
173086.jpg,603,835,4204.0,val
175975.jpg,146,202,4204.0,val
174026.jpg,182,252,4204.0,val
168690.jpg,302,418,4204.0,val
181318.jpg,127,176,1967.0,val
175054.jpg,296,410,1967.0,val
178822.jpg,343,475,1967.0,val
175374.jpg,112,155,1967.0,val
172508.jpg,403,558,1967.0,val
181177.jpg,208,288,4276.0,val
169579.jpg,107,148,4276.0,val
178098.jpg,200,277,4276.0,val
174320.jpg,159,220,4276.0,val
166598.jpg,73,101,4276.0,val
179438.jpg,172,238,4302.0,val
170167.jpg,239,331,4302.0,val
174536.jpg,234,324,4302.0,val
170844.jpg,231,320,4302.0,val
166676.jpg,515,713,4302.0,val
180610.jpg,608,842,4311.0,val
173907.jpg,130,180,4311.0,val
179041.jpg,325,450,4311.0,val
175168.jpg,146,202,4311.0,val
169046.jpg,510,706,4311.0,val
181899.jpg,91,126,4372.0,val
177616.jpg,91,126,4372.0,val
181063.jpg,263,364,4372.0,val
178595.jpg,104,144,4372.0,val
174182.jpg,182,252,4372.0,val
180216.jpg,237,328,1043.0,val
172129.jpg,312,432,1043.0,val
179794.jpg,478,662,1043.0,val
173793.jpg,109,151,1043.0,val
164747.jpg,1011,1400,1043.0,val
180620.jpg,151,209,2002.0,val
173630.jpg,205,284,2002.0,val
178032.jpg,229,317,2002.0,val
174993.jpg,413,572,2002.0,val
167497.jpg,634,878,2002.0,val
181470.jpg,91,126,650.0,val
172200.jpg,153,212,650.0,val
178373.jpg,322,446,650.0,val
172980.jpg,117,162,650.0,val
167951.jpg,182,252,650.0,val
178430.jpg,499,691,4453.0,val
170684.jpg,91,126,4453.0,val
173024.jpg,273,378,4453.0,val
170978.jpg,564,781,4453.0,val
167544.jpg,117,162,4453.0,val
181207.jpg,1310,1814,4458.0,val
171466.jpg,260,360,4458.0,val
180279.jpg,229,317,4458.0,val
173360.jpg,221,306,4458.0,val
169059.jpg,242,335,4458.0,val
180736.jpg,156,216,4465.0,val
174662.jpg,151,209,4465.0,val
178193.jpg,192,266,4465.0,val
176103.jpg,653,904,4465.0,val
168949.jpg,185,256,4465.0,val
181236.jpg,478,662,2034.0,val
171028.jpg,198,274,2034.0,val
178739.jpg,187,259,2034.0,val
172309.jpg,133,184,2034.0,val
168340.jpg,302,418,2034.0,val
179663.jpg,447,619,4537.0,val
169561.jpg,237,328,4537.0,val
178614.jpg,889,1231,4537.0,val
172056.jpg,387,536,4537.0,val
166870.jpg,312,432,4537.0,val
179790.jpg,140,194,2546.0,val
171862.jpg,122,169,2546.0,val
176684.jpg,289,400,2546.0,val
173477.jpg,343,475,2546.0,val
170831.jpg,221,306,2546.0,val
182281.jpg,122,169,4555.0,val
177110.jpg,153,212,4555.0,val
180465.jpg,99,137,4555.0,val
178848.jpg,278,385,4555.0,val
173550.jpg,224,310,4555.0,val
181264.jpg,213,295,4560.0,val
173175.jpg,348,482,4560.0,val
177594.jpg,237,328,4560.0,val
173893.jpg,273,378,4560.0,val
168816.jpg,211,292,4560.0,val
182093.jpg,463,641,1037.0,val
173098.jpg,135,187,1037.0,val
175445.jpg,283,392,1037.0,val
173815.jpg,205,284,1037.0,val
169897.jpg,967,1339,1037.0,val
181011.jpg,250,346,4030.0,val
170425.jpg,250,346,4030.0,val
177155.jpg,250,346,4030.0,val
170953.jpg,263,364,4030.0,val
167570.jpg,257,356,4030.0,val
181320.jpg,510,706,4643.0,val
174089.jpg,99,137,4643.0,val
178275.jpg,593,821,4643.0,val
176568.jpg,1186,1642,4643.0,val
170693.jpg,122,169,4643.0,val
180903.jpg,130,180,1089.0,val
171449.jpg,967,1339,1089.0,val
178603.jpg,192,266,1089.0,val
172168.jpg,218,302,1089.0,val
167555.jpg,322,446,1089.0,val
182054.jpg,237,328,3496.0,val
172993.jpg,335,464,3496.0,val
181148.jpg,270,374,3496.0,val
174354.jpg,140,194,3496.0,val
170398.jpg,244,338,3496.0,val
182467.jpg,450,623,1689.0,val
173664.jpg,96,133,1689.0,val
178746.jpg,172,238,1689.0,val
173890.jpg,125,173,1689.0,val
169594.jpg,133,184,1689.0,val
181700.jpg,354,490,3521.0,val
170824.jpg,351,486,3521.0,val
179703.jpg,190,263,3521.0,val
174943.jpg,317,439,3521.0,val
165299.jpg,265,367,3521.0,val
181763.jpg,127,176,1651.0,val
172691.jpg,458,634,1651.0,val
177420.jpg,572,792,1651.0,val
173992.jpg,463,641,1651.0,val
167796.jpg,257,356,1651.0,val
180778.jpg,107,148,1642.0,val
172959.jpg,192,266,1642.0,val
179485.jpg,161,223,1642.0,val
174394.jpg,174,241,1642.0,val
167310.jpg,107,148,1642.0,val
180205.jpg,218,302,3028.0,val
172196.jpg,99,137,3028.0,val
177197.jpg,351,486,3028.0,val
173146.jpg,273,378,3028.0,val
168549.jpg,133,184,3028.0,val
180048.jpg,104,144,1631.0,val
175249.jpg,647,896,1631.0,val
179214.jpg,182,252,1631.0,val
176241.jpg,192,266,1631.0,val
169622.jpg,127,176,1631.0,val
179571.jpg,153,212,1588.0,val
171016.jpg,109,151,1588.0,val
177829.jpg,96,133,1588.0,val
171238.jpg,231,320,1588.0,val
167576.jpg,294,407,1588.0,val
181010.jpg,148,205,1582.0,val
175804.jpg,112,155,1582.0,val
179347.jpg,203,281,1582.0,val
176721.jpg,172,238,1582.0,val
170504.jpg,502,695,1582.0,val
179378.jpg,179,248,1519.0,val
171071.jpg,122,169,1519.0,val
176566.jpg,304,421,1519.0,val
172692.jpg,257,356,1519.0,val
165494.jpg,148,205,1519.0,val
180449.jpg,328,454,2973.0,val
172198.jpg,60,83,2973.0,val
177500.jpg,242,335,2973.0,val
172898.jpg,143,198,2973.0,val
166139.jpg,192,266,2973.0,val
181595.jpg,133,184,1314.0,val
175219.jpg,198,274,1314.0,val
179394.jpg,424,587,1314.0,val
175854.jpg,135,187,1314.0,val
173282.jpg,174,241,1314.0,val
178282.jpg,367,508,1302.0,val
173783.jpg,473,655,1302.0,val
177362.jpg,226,313,1302.0,val
174154.jpg,858,1188,1302.0,val
168714.jpg,109,151,1302.0,val
180500.jpg,211,292,1293.0,val
170528.jpg,224,310,1293.0,val
178105.jpg,198,274,1293.0,val
172695.jpg,315,436,1293.0,val
166013.jpg,122,169,1293.0,val
181736.jpg,99,137,1291.0,val
174557.jpg,289,400,1291.0,val
179010.jpg,148,205,1291.0,val
175350.jpg,174,241,1291.0,val
171572.jpg,161,223,1291.0,val
178491.jpg,218,302,3826.0,val
170837.jpg,286,396,3826.0,val
177422.jpg,367,508,3826.0,val
171706.jpg,208,288,3826.0,val
167206.jpg,216,299,3826.0,val
179643.jpg,289,400,3857.0,val
174430.jpg,166,230,3857.0,val
178674.jpg,101,140,3857.0,val
174737.jpg,135,187,3857.0,val
167417.jpg,276,382,3857.0,val
180855.jpg,257,356,3859.0,val
174693.jpg,146,202,3859.0,val
177645.jpg,268,371,3859.0,val
175317.jpg,140,194,3859.0,val
166337.jpg,161,223,3859.0,val
180467.jpg,244,338,3397.0,val
174512.jpg,250,346,3397.0,val
178772.jpg,135,187,3397.0,val
176423.jpg,338,468,3397.0,val
169757.jpg,195,270,3397.0,val
180584.jpg,172,238,1120.0,val
172233.jpg,239,331,1120.0,val
180264.jpg,88,122,1120.0,val
172678.jpg,208,288,1120.0,val
168314.jpg,91,126,1120.0,val
180114.jpg,260,360,1090.0,val
173069.jpg,86,119,1090.0,val
176606.jpg,99,137,1090.0,val
173802.jpg,140,194,1090.0,val
166807.jpg,68,94,1090.0,val
180195.jpg,549,760,4580.0,val
173089.jpg,478,662,4580.0,val
178281.jpg,346,479,4580.0,val
175360.jpg,434,601,4580.0,val
166190.jpg,117,162,4580.0,val
181329.jpg,304,421,1755.0,val
172207.jpg,107,148,1755.0,val
177700.jpg,86,119,1755.0,val
172910.jpg,153,212,1755.0,val
168059.jpg,88,122,1755.0,val
181033.jpg,88,122,349.0,val
174576.jpg,634,878,349.0,val
179554.jpg,283,392,349.0,val
174691.jpg,169,234,349.0,val
169126.jpg,99,137,349.0,val
178676.jpg,161,223,2599.0,val
174286.jpg,117,162,2599.0,val
177163.jpg,127,176,2599.0,val
175140.jpg,146,202,2599.0,val
167846.jpg,114,158,2599.0,val
181783.jpg,257,356,2087.0,val
172996.jpg,99,137,2087.0,val
179275.jpg,166,230,2087.0,val
174190.jpg,627,868,2087.0,val
168703.jpg,858,1188,2087.0,val
181751.jpg,99,137,3117.0,val
175154.jpg,257,356,3117.0,val
180240.jpg,86,119,3117.0,val
176096.jpg,86,119,3117.0,val
169751.jpg,114,158,3117.0,val
181036.jpg,1279,1771,2758.0,val
174172.jpg,148,205,2758.0,val
177787.jpg,146,202,2758.0,val
175211.jpg,252,349,2758.0,val
167490.jpg,174,241,2758.0,val
180283.jpg,229,317,4669.0,val
172610.jpg,234,324,4669.0,val
177108.jpg,151,209,4669.0,val
174519.jpg,291,403,4669.0,val
168036.jpg,1131,1566,4669.0,val
180607.jpg,159,220,2122.0,val
172331.jpg,94,130,2122.0,val
176440.jpg,164,227,2122.0,val
172846.jpg,177,245,2122.0,val
167818.jpg,125,173,2122.0,val
178565.jpg,250,346,2762.0,val
171963.jpg,104,144,2762.0,val
177417.jpg,120,166,2762.0,val
173220.jpg,177,245,2762.0,val
165995.jpg,250,346,2762.0,val
179854.jpg,161,223,3157.0,val
173582.jpg,81,112,3157.0,val
176982.jpg,172,238,3157.0,val
174362.jpg,182,252,3157.0,val
170040.jpg,122,169,3157.0,val
181253.jpg,187,259,365.0,val
171684.jpg,205,284,365.0,val
177674.jpg,112,155,365.0,val
174288.jpg,244,338,365.0,val
167623.jpg,252,349,365.0,val
180782.jpg,75,104,3140.0,val
173356.jpg,177,245,3140.0,val
179147.jpg,156,216,3140.0,val
175345.jpg,159,220,3140.0,val
168683.jpg,211,292,3140.0,val
180546.jpg,224,310,4055.0,val
172085.jpg,645,893,4055.0,val
169400.jpg,138,216,4055.0,val
177749.jpg,614,850,4055.0,val
167052.jpg,327,590,4055.0,val
182286.jpg,159,220,2498.0,val
171677.jpg,191,266,2498.0,val
169051.jpg,143,198,2498.0,val
179412.jpg,117,162,2498.0,val
165936.jpg,109,151,2498.0,val
180510.jpg,187,259,1807.0,val
173231.jpg,161,223,1807.0,val
172234.jpg,289,400,1807.0,val
178759.jpg,299,414,1807.0,val
167589.jpg,569,788,1807.0,val
180287.jpg,81,112,1324.0,val
171361.jpg,68,94,1324.0,val
167046.jpg,343,475,1324.0,val
173819.jpg,512,709,1324.0,val
165338.jpg,112,155,1324.0,val
182255.jpg,101,140,4242.0,val
174848.jpg,172,238,4242.0,val
173126.jpg,127,176,4242.0,val
177191.jpg,328,454,4242.0,val
166992.jpg,198,274,4242.0,val
181417.jpg,117,162,4388.0,val
176293.jpg,174,241,4388.0,val
174058.jpg,281,389,4388.0,val
179351.jpg,91,126,4388.0,val
171110.jpg,341,472,4388.0,val
180991.jpg,96,133,3755.0,val
171575.jpg,452,626,3755.0,val
170265.jpg,114,158,3755.0,val
178148.jpg,250,346,3755.0,val
165882.jpg,172,320,3755.0,val
181192.jpg,159,220,4261.0,val
175724.jpg,377,522,4261.0,val
170464.jpg,99,137,4261.0,val
178998.jpg,296,410,4261.0,val
168204.jpg,209,299,4261.0,val
182180.jpg,133,184,1395.0,val
173620.jpg,151,209,1395.0,val
171829.jpg,320,443,1395.0,val
179414.jpg,109,151,1395.0,val
167016.jpg,101,140,1395.0,val
182330.jpg,538,745,2957.0,val
173154.jpg,169,234,2957.0,val
171408.jpg,169,234,2957.0,val
177897.jpg,239,331,2957.0,val
166784.jpg,348,482,2957.0,val
182208.jpg,112,155,1411.0,val
173221.jpg,88,122,1411.0,val
171764.jpg,114,158,1411.0,val
176710.jpg,109,151,1411.0,val
169645.jpg,125,173,1411.0,val
182149.jpg,645,893,3330.0,val
178041.jpg,624,864,3330.0,val
175970.jpg,364,504,3330.0,val
179731.jpg,354,490,3330.0,val
172072.jpg,343,475,3330.0,val
182036.jpg,91,126,2119.0,val
175392.jpg,143,198,2119.0,val
170472.jpg,125,173,2119.0,val
180562.jpg,824,1141,2119.0,val
169244.jpg,68,94,2119.0,val
181738.jpg,731,1012,1321.0,val
175287.jpg,205,284,1321.0,val
172868.jpg,263,364,1321.0,val
181057.jpg,429,594,1321.0,val
171006.jpg,257,356,1321.0,val
182132.jpg,135,187,1469.0,val
175479.jpg,192,266,1469.0,val
173398.jpg,382,529,1469.0,val
179855.jpg,263,364,1469.0,val
169531.jpg,112,155,1469.0,val
182041.jpg,88,122,4346.0,val
174516.jpg,161,223,4346.0,val
169930.jpg,203,281,4346.0,val
178107.jpg,203,281,4346.0,val
167824.jpg,138,191,4346.0,val
181519.jpg,229,317,2860.0,val
174253.jpg,198,274,2860.0,val
172216.jpg,419,580,2860.0,val
175680.jpg,322,446,2860.0,val
168895.jpg,169,234,2860.0,val
182029.jpg,294,407,56.0,val
176490.jpg,205,284,56.0,val
171037.jpg,380,526,56.0,val
180214.jpg,421,583,56.0,val
168493.jpg,156,216,56.0,val
181956.jpg,432,598,2348.0,val
173391.jpg,229,317,2348.0,val
170222.jpg,1144,1584,2348.0,val
177361.jpg,179,248,2348.0,val
169100.jpg,156,216,2348.0,val
182277.jpg,164,227,3246.0,val
171717.jpg,120,166,3246.0,val
169915.jpg,125,173,3246.0,val
178061.jpg,200,277,3246.0,val
168876.jpg,164,227,3246.0,val
182408.jpg,452,626,2884.0,val
177304.jpg,177,245,2884.0,val
175941.jpg,476,659,2884.0,val
180405.jpg,281,389,2884.0,val
171382.jpg,694,961,2884.0,val
181790.jpg,294,407,1044.0,val
173862.jpg,218,302,1044.0,val
171262.jpg,159,220,1044.0,val
178556.jpg,68,94,1044.0,val
168496.jpg,140,194,1044.0,val
180374.jpg,138,191,4017.0,val
172250.jpg,1612,2232,4017.0,val
170654.jpg,359,497,4017.0,val
175790.jpg,216,299,4017.0,val
169309.jpg,231,320,4017.0,val
181832.jpg,330,457,1884.0,val
174411.jpg,291,403,1884.0,val
170333.jpg,320,443,1884.0,val
179789.jpg,361,500,1884.0,val
167683.jpg,182,252,1884.0,val
181373.jpg,125,173,1027.0,val
176169.jpg,192,266,1027.0,val
171705.jpg,562,778,1027.0,val
178519.jpg,385,533,1027.0,val
170087.jpg,494,684,1027.0,val
181149.jpg,273,378,1026.0,val
173978.jpg,159,220,1026.0,val
170899.jpg,692,958,1026.0,val
178584.jpg,143,198,1026.0,val
168842.jpg,174,241,1026.0,val
181915.jpg,294,407,2246.0,val
175747.jpg,203,281,2246.0,val
173184.jpg,666,922,2246.0,val
179148.jpg,187,259,2246.0,val
170641.jpg,187,259,2246.0,val
181886.jpg,122,169,1140.0,val
176641.jpg,231,320,1140.0,val
173338.jpg,172,238,1140.0,val
179995.jpg,198,274,1140.0,val
171376.jpg,372,515,1140.0,val
181806.jpg,172,238,971.0,val
175346.jpg,161,223,971.0,val
172427.jpg,442,612,971.0,val
179858.jpg,135,187,971.0,val
168996.jpg,151,209,971.0,val
182525.jpg,333,461,953.0,val
173887.jpg,151,209,953.0,val
168695.jpg,291,403,953.0,val
178924.jpg,302,418,953.0,val
167594.jpg,107,148,953.0,val
181613.jpg,286,396,3059.0,val
176392.jpg,190,263,3059.0,val
175119.jpg,151,209,3059.0,val
179753.jpg,216,299,3059.0,val
172231.jpg,283,392,3059.0,val
180199.jpg,120,166,3155.0,val
169823.jpg,73,101,3155.0,val
167901.jpg,91,126,3155.0,val
176743.jpg,159,220,3155.0,val
165648.jpg,338,468,3155.0,val
179845.jpg,650,900,209.0,val
175489.jpg,437,605,209.0,val
171559.jpg,328,454,209.0,val
177587.jpg,1123,1555,209.0,val
168877.jpg,494,684,209.0,val
182010.jpg,185,256,3864.0,val
177816.jpg,276,382,3864.0,val
174713.jpg,78,108,3864.0,val
180221.jpg,237,328,3864.0,val
171227.jpg,273,378,3864.0,val
181126.jpg,205,284,2471.0,val
175741.jpg,182,252,2471.0,val
168999.jpg,161,223,2471.0,val
179104.jpg,133,184,2471.0,val
167861.jpg,195,270,2471.0,val
182302.jpg,421,583,192.0,val
173259.jpg,179,248,192.0,val
170655.jpg,452,626,192.0,val
179056.jpg,333,461,192.0,val
168917.jpg,244,338,192.0,val
180857.jpg,499,691,3092.0,val
173475.jpg,577,799,3092.0,val
170927.jpg,411,569,3092.0,val
177102.jpg,148,205,3092.0,val
169372.jpg,216,299,3092.0,val
179135.jpg,283,392,1306.0,val
173401.jpg,130,180,1306.0,val
172363.jpg,120,166,1306.0,val
176541.jpg,164,227,1306.0,val
169546.jpg,159,220,1306.0,val
181661.jpg,260,360,276.0,val
173956.jpg,49,68,276.0,val
171972.jpg,156,216,276.0,val
176036.jpg,198,274,276.0,val
171142.jpg,289,400,276.0,val
182130.jpg,107,148,3559.0,val
171850.jpg,1139,1577,3559.0,val
168203.jpg,746,1033,3559.0,val
176590.jpg,328,454,3559.0,val
166745.jpg,182,252,3559.0,val
181754.jpg,523,724,4049.0,val
172367.jpg,159,220,4049.0,val
169778.jpg,153,212,4049.0,val
177053.jpg,203,281,4049.0,val
167178.jpg,187,259,4049.0,val
181487.jpg,112,155,1675.0,val
174729.jpg,120,166,1675.0,val
172408.jpg,234,324,1675.0,val
178232.jpg,198,274,1675.0,val
169212.jpg,91,126,1675.0,val
182004.jpg,211,292,2810.0,val
173650.jpg,133,184,2810.0,val
170203.jpg,140,194,2810.0,val
177421.jpg,278,385,2810.0,val
165550.jpg,138,191,2810.0,val
180162.jpg,255,353,2547.0,val
173811.jpg,348,482,2547.0,val
173073.jpg,133,184,2547.0,val
176667.jpg,200,277,2547.0,val
170348.jpg,255,353,2547.0,val
180814.jpg,166,230,2167.0,val
172256.jpg,146,202,2167.0,val
170264.jpg,127,176,2167.0,val
176996.jpg,117,162,2167.0,val
167667.jpg,104,144,2167.0,val
181588.jpg,130,180,4518.0,val
173001.jpg,185,256,4518.0,val
170495.jpg,151,209,4518.0,val
177227.jpg,130,180,4518.0,val
168060.jpg,226,313,4518.0,val
180383.jpg,70,97,2303.0,val
171982.jpg,159,220,2303.0,val
170026.jpg,166,230,2303.0,val
178100.jpg,307,425,2303.0,val
167727.jpg,125,173,2303.0,val
179770.jpg,328,454,1590.0,val
170817.jpg,96,133,1590.0,val
168511.jpg,299,414,1590.0,val
175183.jpg,179,248,1590.0,val
166320.jpg,299,414,1590.0,val
179824.jpg,146,202,1673.0,val
173764.jpg,117,162,1673.0,val
170557.jpg,91,126,1673.0,val
177636.jpg,101,140,1673.0,val
167932.jpg,169,234,1673.0,val
181094.jpg,182,252,4601.0,val
173754.jpg,120,166,4601.0,val
168836.jpg,177,245,4601.0,val
176263.jpg,177,245,4601.0,val
166216.jpg,114,158,4601.0,val
180803.jpg,88,122,4474.0,val
173067.jpg,135,187,4474.0,val
168813.jpg,179,248,4474.0,val
175995.jpg,161,223,4474.0,val
167882.jpg,133,184,4474.0,val
182126.jpg,114,158,114.0,val
174631.jpg,304,421,114.0,val
173532.jpg,1102,1206,114.0,val
178811.jpg,406,562,114.0,val
171012.jpg,283,392,114.0,val
181197.jpg,330,457,577.0,val
174702.jpg,164,227,577.0,val
171005.jpg,486,673,577.0,val
178261.jpg,192,266,577.0,val
168810.jpg,276,382,577.0,val
180694.jpg,135,187,1572.0,val
173465.jpg,68,94,1572.0,val
172448.jpg,198,274,1572.0,val
176330.jpg,309,428,1572.0,val
167317.jpg,148,205,1572.0,val
181750.jpg,278,385,3524.0,val
175507.jpg,278,385,3524.0,val
170896.jpg,109,151,3524.0,val
178544.jpg,419,580,3524.0,val
169513.jpg,341,472,3524.0,val
181570.jpg,299,414,3033.0,val
175754.jpg,109,151,3033.0,val
174676.jpg,185,256,3033.0,val
179467.jpg,312,432,3033.0,val
170236.jpg,169,234,3033.0,val
181154.jpg,270,374,3182.0,val
170860.jpg,172,238,3182.0,val
170086.jpg,224,310,3182.0,val
176775.jpg,239,331,3182.0,val
167984.jpg,291,403,3182.0,val
181923.jpg,177,245,3508.0,val
174469.jpg,237,328,3508.0,val
170966.jpg,91,126,3508.0,val
179253.jpg,237,328,3508.0,val
168078.jpg,229,317,3508.0,val
180995.jpg,360,515,1544.0,val
174558.jpg,367,508,1544.0,val
173530.jpg,143,198,1544.0,val
177331.jpg,328,454,1544.0,val
167534.jpg,185,256,1544.0,val
180807.jpg,172,238,649.0,val
171534.jpg,143,198,649.0,val
168315.jpg,515,713,649.0,val
174883.jpg,216,299,649.0,val
166690.jpg,174,241,649.0,val
172477.jpg,159,220,1713.0,val
181673.jpg,229,317,1713.0,val
171980.jpg,361,500,1713.0,val
180116.jpg,372,515,1713.0,val
165419.jpg,112,155,1713.0,val
168645.jpg,101,140,3111.0,val
181481.jpg,104,144,3111.0,val
167911.jpg,101,140,3111.0,val
178191.jpg,283,392,3111.0,val
164288.jpg,231,320,3111.0,val
169723.jpg,135,187,480.0,val
181338.jpg,138,191,480.0,val
169229.jpg,211,292,480.0,val
179922.jpg,439,608,480.0,val
163354.jpg,107,148,480.0,val
165912.jpg,161,223,2846.0,val
180023.jpg,99,137,2846.0,val
165721.jpg,273,378,2846.0,val
175004.jpg,146,202,2846.0,val
163097.jpg,242,335,2846.0,val
168517.jpg,120,166,2795.0,val
181353.jpg,166,230,2795.0,val
167789.jpg,208,288,2795.0,val
176282.jpg,159,220,2795.0,val
162772.jpg,177,245,2795.0,val
170326.jpg,120,166,2373.0,val
180413.jpg,172,238,2373.0,val
169067.jpg,265,367,2373.0,val
178236.jpg,174,239,2373.0,val
163613.jpg,471,652,2373.0,val
170007.jpg,237,328,1877.0,val
178906.jpg,190,263,1877.0,val
169274.jpg,185,256,1877.0,val
177054.jpg,112,155,1877.0,val
163246.jpg,127,176,1877.0,val
171683.jpg,146,202,2374.0,val
182393.jpg,291,403,2374.0,val
168501.jpg,395,547,2374.0,val
180704.jpg,200,277,2374.0,val
163195.jpg,213,295,2374.0,val
167993.jpg,96,133,3901.0,val
179297.jpg,281,389,3901.0,val
166588.jpg,109,151,3901.0,val
177160.jpg,140,194,3901.0,val
162812.jpg,1513,2095,3901.0,val
167821.jpg,263,364,386.0,val
177905.jpg,161,223,386.0,val
167617.jpg,133,184,386.0,val
176049.jpg,120,166,386.0,val
162950.jpg,125,173,386.0,val
172313.jpg,107,148,1201.0,val
181340.jpg,164,227,1201.0,val
171577.jpg,260,360,1201.0,val
180392.jpg,234,324,1201.0,val
162775.jpg,452,499,1201.0,val
169753.jpg,512,709,425.0,val
181239.jpg,88,122,425.0,val
169603.jpg,55,76,425.0,val
179481.jpg,179,248,425.0,val
163295.jpg,125,173,425.0,val
169456.jpg,114,158,393.0,val
181198.jpg,702,972,393.0,val
169353.jpg,169,234,393.0,val
176434.jpg,187,259,393.0,val
164214.jpg,96,133,393.0,val
171271.jpg,419,580,2790.0,val
180305.jpg,343,475,2790.0,val
170581.jpg,109,151,2790.0,val
178621.jpg,338,468,2790.0,val
163885.jpg,390,540,2790.0,val
168142.jpg,218,302,2044.0,val
179563.jpg,294,407,2044.0,val
167814.jpg,304,421,2044.0,val
173556.jpg,81,112,2044.0,val
162890.jpg,164,227,2044.0,val
170835.jpg,203,281,2899.0,val
180940.jpg,216,299,2899.0,val
170826.jpg,174,241,2899.0,val
178184.jpg,143,198,2899.0,val
164456.jpg,166,230,2899.0,val
173244.jpg,143,198,1154.0,val
181473.jpg,83,115,1154.0,val
172924.jpg,151,209,1154.0,val
179771.jpg,351,486,1154.0,val
165167.jpg,517,716,1154.0,val
169866.jpg,125,173,3811.0,val
181165.jpg,229,317,3811.0,val
169481.jpg,231,320,3811.0,val
177285.jpg,299,414,3811.0,val
163132.jpg,1419,2236,3811.0,val
168482.jpg,247,342,4139.0,val
178698.jpg,242,335,4139.0,val
167943.jpg,109,151,4139.0,val
178077.jpg,122,169,4139.0,val
164140.jpg,112,155,4139.0,val
169138.jpg,133,184,460.0,val
180069.jpg,130,180,460.0,val
168579.jpg,86,119,460.0,val
178670.jpg,260,360,460.0,val
162997.jpg,81,112,460.0,val
171828.jpg,283,392,2737.0,val
181862.jpg,231,320,2737.0,val
171471.jpg,213,295,2737.0,val
178177.jpg,114,158,2737.0,val
163557.jpg,187,259,2737.0,val
169575.jpg,159,220,2888.0,val
179850.jpg,135,187,2888.0,val
169520.jpg,179,248,2888.0,val
178573.jpg,1373,1901,2888.0,val
162798.jpg,166,230,2888.0,val
167681.jpg,68,94,1715.0,val
179177.jpg,195,270,1715.0,val
167074.jpg,432,598,1715.0,val
175927.jpg,130,180,1715.0,val
162862.jpg,304,421,1715.0,val
172132.jpg,655,907,4423.0,val
179774.jpg,510,706,4423.0,val
171476.jpg,195,270,4423.0,val
175371.jpg,143,198,4423.0,val
164113.jpg,463,641,4423.0,val
170238.jpg,403,558,376.0,val
182477.jpg,195,245,376.0,val
170046.jpg,278,385,376.0,val
180259.jpg,322,446,376.0,val
164274.jpg,153,212,376.0,val
169609.jpg,172,238,3350.0,val
181383.jpg,146,202,3350.0,val
169498.jpg,83,115,3350.0,val
179613.jpg,185,199,3350.0,val
162992.jpg,265,367,3350.0,val
170306.jpg,224,310,3347.0,val
179957.jpg,218,302,3347.0,val
168483.jpg,276,382,3347.0,val
178973.jpg,393,544,3347.0,val
163757.jpg,182,252,3347.0,val
167123.jpg,172,238,1498.0,val
182073.jpg,146,202,1498.0,val
167085.jpg,120,166,1498.0,val
178354.jpg,200,277,1498.0,val
162940.jpg,257,356,1498.0,val
166918.jpg,122,169,3255.0,val
178743.jpg,239,346,3255.0,val
166503.jpg,263,364,3255.0,val
174709.jpg,468,648,3255.0,val
163643.jpg,411,569,3255.0,val
169797.jpg,107,148,1542.0,val
176720.jpg,75,104,1542.0,val
168481.jpg,179,248,1542.0,val
176141.jpg,195,270,1542.0,val
163586.jpg,244,338,1542.0,val
165972.jpg,169,234,1809.0,val
180046.jpg,190,263,1809.0,val
165748.jpg,62,86,1809.0,val
175519.jpg,159,220,1809.0,val
162847.jpg,148,205,1809.0,val
169320.jpg,650,900,4696.0,val
180944.jpg,413,572,4696.0,val
169204.jpg,117,162,4696.0,val
179956.jpg,312,432,4696.0,val
162891.jpg,174,241,4696.0,val
169306.jpg,127,176,3000.0,val
180100.jpg,265,367,3000.0,val
168889.jpg,299,414,3000.0,val
177208.jpg,244,338,3000.0,val
163631.jpg,283,392,3000.0,val
169003.jpg,101,140,3237.0,val
182318.jpg,299,414,3237.0,val
168821.jpg,122,169,3237.0,val
177147.jpg,166,230,3237.0,val
165737.jpg,91,126,3237.0,val
170812.jpg,117,162,2180.0,val
180113.jpg,107,148,2180.0,val
170092.jpg,161,223,2180.0,val
174840.jpg,161,223,2180.0,val
163866.jpg,174,241,2180.0,val
172342.jpg,250,346,2491.0,val
180183.jpg,281,389,2491.0,val
172064.jpg,94,130,2491.0,val
176519.jpg,101,140,2491.0,val
165855.jpg,130,180,2491.0,val
169899.jpg,481,600,3619.0,val
181269.jpg,49,68,3619.0,val
169677.jpg,125,173,3619.0,val
178910.jpg,138,191,3619.0,val
163208.jpg,94,130,3619.0,val
170342.jpg,146,202,4670.0,val
179141.jpg,104,144,4670.0,val
169742.jpg,94,130,4670.0,val
176083.jpg,140,194,4670.0,val
163355.jpg,190,263,4670.0,val
170804.jpg,972,1346,3685.0,val
180914.jpg,250,346,3685.0,val
170424.jpg,203,281,3685.0,val
177511.jpg,276,382,3685.0,val
162957.jpg,840,1163,3685.0,val
167220.jpg,127,176,104.0,val
182013.jpg,172,238,104.0,val
166798.jpg,109,151,104.0,val
178666.jpg,195,270,104.0,val
163037.jpg,200,277,104.0,val
167946.jpg,216,299,1934.0,val
180738.jpg,156,216,1934.0,val
167864.jpg,172,238,1934.0,val
177683.jpg,525,727,1934.0,val
163339.jpg,460,637,1934.0,val
167626.jpg,1768,2448,1625.0,val
178357.jpg,94,130,1625.0,val
167473.jpg,133,184,1625.0,val
176166.jpg,73,101,1625.0,val
163908.jpg,205,284,1625.0,val
170807.jpg,138,191,3532.0,val
182280.jpg,380,526,3532.0,val
170759.jpg,382,529,3532.0,val
179175.jpg,257,356,3532.0,val
163277.jpg,229,317,3532.0,val
169887.jpg,187,259,2393.0,val
175258.jpg,125,173,2393.0,val
171127.jpg,169,234,2393.0,val
179940.jpg,109,151,2393.0,val
163833.jpg,153,212,2393.0,val
166254.jpg,270,374,2270.0,val
171934.jpg,75,104,2270.0,val
167759.jpg,143,198,2270.0,val
175734.jpg,83,115,2270.0,val
163095.jpg,148,205,2270.0,val
171735.jpg,177,245,2981.0,val
174066.jpg,99,137,2981.0,val
171801.jpg,151,209,2981.0,val
176989.jpg,296,410,2981.0,val
163930.jpg,146,189,2981.0,val
166664.jpg,101,140,1641.0,val
170796.jpg,78,108,1641.0,val
166834.jpg,101,140,1641.0,val
175051.jpg,96,133,1641.0,val
163515.jpg,96,133,1641.0,val
168151.jpg,120,166,1468.0,val
173047.jpg,327,479,1468.0,val
169589.jpg,96,133,1468.0,val
176633.jpg,120,166,1468.0,val
163998.jpg,130,180,1468.0,val
167540.jpg,538,745,3134.0,val
176068.jpg,185,244,3134.0,val
172161.jpg,320,443,3134.0,val
179299.jpg,299,414,3134.0,val
162882.jpg,216,299,3134.0,val
171458.jpg,99,137,3607.0,val
173796.jpg,65,90,3607.0,val
171657.jpg,151,209,3607.0,val
177363.jpg,73,101,3607.0,val
163123.jpg,94,130,3607.0,val
167889.jpg,439,608,4740.0,val
172659.jpg,133,184,4740.0,val
168147.jpg,393,544,4740.0,val
179045.jpg,112,155,4740.0,val
163982.jpg,112,155,4740.0,val
167904.jpg,148,205,1708.0,val
172650.jpg,216,299,1708.0,val
168172.jpg,91,126,1708.0,val
179434.jpg,161,223,1708.0,val
164989.jpg,117,162,1708.0,val
169709.jpg,161,223,3665.0,val
172712.jpg,96,133,3665.0,val
169727.jpg,192,266,3665.0,val
179459.jpg,140,194,3665.0,val
162848.jpg,226,313,3665.0,val
171412.jpg,117,162,2289.0,val
175018.jpg,442,612,2289.0,val
171512.jpg,315,436,2289.0,val
179769.jpg,268,371,2289.0,val
163471.jpg,359,497,2289.0,val
170954.jpg,270,374,3464.0,val
175766.jpg,138,191,3464.0,val
171681.jpg,224,294,3464.0,val
178769.jpg,143,198,3464.0,val
163023.jpg,73,101,3464.0,val
167822.jpg,159,220,3639.0,val
173131.jpg,78,108,3639.0,val
167828.jpg,99,137,3639.0,val
178765.jpg,107,148,3639.0,val
163344.jpg,148,205,3639.0,val
169026.jpg,234,324,1587.0,val
170506.jpg,247,342,1587.0,val
169632.jpg,216,299,1587.0,val
178879.jpg,372,515,1587.0,val
162931.jpg,109,151,1587.0,val
170525.jpg,260,360,2407.0,val
173735.jpg,632,875,2407.0,val
170904.jpg,127,176,2407.0,val
180010.jpg,127,176,2407.0,val
163275.jpg,83,115,2407.0,val
171274.jpg,94,130,3799.0,val
173266.jpg,161,223,3799.0,val
171300.jpg,166,230,3799.0,val
179712.jpg,143,198,3799.0,val
163558.jpg,101,140,3799.0,val
172193.jpg,125,173,2283.0,val
174482.jpg,1305,1807,2283.0,val
172393.jpg,234,324,2283.0,val
179678.jpg,99,137,2283.0,val
162925.jpg,104,144,2283.0,val
170939.jpg,57,79,1151.0,val
174356.jpg,293,493,1151.0,val
171387.jpg,127,176,1151.0,val
178660.jpg,75,104,1151.0,val
164202.jpg,146,202,1151.0,val
167514.jpg,107,148,1157.0,val
171548.jpg,277,403,1157.0,val
167795.jpg,138,191,1157.0,val
177418.jpg,75,104,1157.0,val
162792.jpg,94,130,1157.0,val
166951.jpg,130,180,3440.0,val
171678.jpg,112,155,3440.0,val
168255.jpg,208,288,3440.0,val
178716.jpg,83,115,3440.0,val
162784.jpg,122,169,3440.0,val
167009.jpg,507,702,2398.0,val
169598.jpg,247,319,2398.0,val
168039.jpg,832,1145,2398.0,val
178147.jpg,200,277,2398.0,val
163078.jpg,247,342,2398.0,val
169122.jpg,226,313,4663.0,val
171909.jpg,286,396,4663.0,val
169650.jpg,517,716,4663.0,val
179411.jpg,177,245,4663.0,val
163838.jpg,231,320,4663.0,val
171602.jpg,224,310,4064.0,val
174381.jpg,419,580,4064.0,val
173866.jpg,307,425,4064.0,val
180725.jpg,187,259,4064.0,val
163031.jpg,257,356,4064.0,val
170045.jpg,315,436,4263.0,val
172163.jpg,190,263,4263.0,val
170325.jpg,367,508,4263.0,val
178342.jpg,234,324,4263.0,val
163282.jpg,133,184,4263.0,val
169477.jpg,91,126,2843.0,val
172344.jpg,263,364,2843.0,val
169893.jpg,151,209,2843.0,val
180047.jpg,122,169,2843.0,val
162863.jpg,166,230,2843.0,val
171232.jpg,153,212,4706.0,val
175577.jpg,198,274,4706.0,val
172235.jpg,801,1109,4706.0,val
178932.jpg,174,241,4706.0,val
162791.jpg,263,347,4706.0,val
166653.jpg,177,245,851.0,val
170534.jpg,127,176,851.0,val
167504.jpg,107,148,851.0,val
175262.jpg,528,671,851.0,val
162974.jpg,104,144,851.0,val
169538.jpg,255,353,4213.0,val
171843.jpg,177,245,4213.0,val
170617.jpg,153,212,4213.0,val
176507.jpg,161,223,4213.0,val
163821.jpg,148,205,4213.0,val
166274.jpg,312,432,2182.0,val
171015.jpg,127,176,2182.0,val
167248.jpg,159,220,2182.0,val
176430.jpg,213,295,2182.0,val
162904.jpg,174,241,2182.0,val
170653.jpg,200,277,2840.0,val
174378.jpg,135,187,2840.0,val
170851.jpg,86,119,2840.0,val
178510.jpg,174,241,2840.0,val
163240.jpg,229,317,2840.0,val
168823.jpg,660,914,788.0,val
173194.jpg,109,151,788.0,val
168846.jpg,135,179,788.0,val
176543.jpg,351,486,788.0,val
164264.jpg,582,806,788.0,val
169013.jpg,224,310,787.0,val
171221.jpg,237,328,787.0,val
169209.jpg,229,317,787.0,val
177807.jpg,187,259,787.0,val
162905.jpg,153,212,787.0,val
167059.jpg,138,191,317.0,val
170613.jpg,234,324,317.0,val
168118.jpg,221,306,317.0,val
176064.jpg,442,612,317.0,val
163113.jpg,138,191,317.0,val
167095.jpg,1095,1516,3490.0,val
171148.jpg,312,432,3490.0,val
168927.jpg,169,234,3490.0,val
177866.jpg,153,212,3490.0,val
163192.jpg,81,112,3490.0,val
169483.jpg,263,364,4312.0,val
172499.jpg,127,176,4312.0,val
169610.jpg,200,277,4312.0,val
177474.jpg,159,220,4312.0,val
165591.jpg,213,295,4312.0,val
169218.jpg,174,241,327.0,val
173110.jpg,393,544,327.0,val
169264.jpg,242,335,327.0,val
178931.jpg,187,259,327.0,val
164299.jpg,159,220,327.0,val
171044.jpg,224,310,338.0,val
174756.jpg,174,241,338.0,val
172308.jpg,109,151,338.0,val
179496.jpg,114,158,338.0,val
164057.jpg,114,158,338.0,val
170672.jpg,491,680,4460.0,val
175654.jpg,94,130,4460.0,val
171352.jpg,309,428,4460.0,val
181587.jpg,169,234,4460.0,val
162946.jpg,70,97,4460.0,val
169278.jpg,229,317,373.0,val
173188.jpg,211,292,373.0,val
169291.jpg,289,400,373.0,val
179090.jpg,263,364,373.0,val
163285.jpg,286,396,373.0,val
170932.jpg,107,148,499.0,val
173694.jpg,257,356,499.0,val
171456.jpg,270,374,499.0,val
179612.jpg,151,209,499.0,val
163670.jpg,242,335,499.0,val
170060.jpg,96,133,468.0,val
175147.jpg,73,101,468.0,val
171145.jpg,125,173,468.0,val
180600.jpg,439,608,468.0,val
164102.jpg,78,108,468.0,val
171496.jpg,156,216,4602.0,val
174540.jpg,99,137,4602.0,val
172044.jpg,772,1069,4602.0,val
180870.jpg,148,205,4602.0,val
163604.jpg,367,508,4602.0,val
168134.jpg,177,245,928.0,val
170572.jpg,231,320,928.0,val
168222.jpg,327,446,928.0,val
177392.jpg,229,317,928.0,val
163189.jpg,133,184,928.0,val
166415.jpg,398,551,776.0,val
168723.jpg,164,227,776.0,val
166526.jpg,351,486,776.0,val
179833.jpg,122,169,776.0,val
162977.jpg,528,731,776.0,val
169395.jpg,143,198,3113.0,val
173589.jpg,143,198,3113.0,val
170925.jpg,112,155,3113.0,val
179112.jpg,130,180,3113.0,val
163656.jpg,239,331,3113.0,val
170985.jpg,148,205,4077.0,val
173960.jpg,107,148,4077.0,val
171511.jpg,270,374,4077.0,val
179341.jpg,127,176,4077.0,val
163201.jpg,216,299,4077.0,val
166655.jpg,276,382,1018.0,val
171896.jpg,91,126,1018.0,val
167288.jpg,135,187,1018.0,val
177792.jpg,229,317,1018.0,val
163230.jpg,52,72,1018.0,val
168091.jpg,174,241,1032.0,val
169595.jpg,91,126,1032.0,val
168843.jpg,406,562,1032.0,val
177337.jpg,161,223,1032.0,val
162967.jpg,133,184,1032.0,val
172542.jpg,148,205,235.0,val
174768.jpg,239,331,235.0,val
172672.jpg,213,295,235.0,val
179621.jpg,156,216,235.0,val
164128.jpg,104,144,235.0,val
168668.jpg,179,248,4110.0,val
170305.jpg,164,227,4110.0,val
169119.jpg,104,144,4110.0,val
178732.jpg,172,238,4110.0,val
164127.jpg,65,90,4110.0,val
169447.jpg,169,234,4712.0,val
174431.jpg,338,468,4712.0,val
169605.jpg,382,529,4712.0,val
178466.jpg,179,248,4712.0,val
163170.jpg,172,238,4712.0,val
170660.jpg,304,421,986.0,val
174667.jpg,260,360,986.0,val
170782.jpg,237,328,986.0,val
180204.jpg,411,526,986.0,val
164464.jpg,216,299,986.0,val
167802.jpg,803,1112,439.0,val
174101.jpg,781,1094,439.0,val
162982.jpg,315,436,439.0,val
180143.jpg,608,842,439.0,val
169745.jpg,502,695,439.0,val
170324.jpg,621,860,2115.0,val
173601.jpg,244,338,2115.0,val
163185.jpg,86,119,2115.0,val
182086.jpg,101,140,2115.0,val
171063.jpg,190,263,2115.0,val
166538.jpg,164,227,573.0,val
171069.jpg,68,94,573.0,val
163445.jpg,265,367,573.0,val
178102.jpg,203,281,573.0,val
167350.jpg,120,166,573.0,val
167569.jpg,120,166,2237.0,val
175129.jpg,346,479,2237.0,val
162866.jpg,510,706,2237.0,val
180619.jpg,320,443,2237.0,val
168856.jpg,234,324,2237.0,val
168593.jpg,198,274,1006.0,val
175428.jpg,133,184,1006.0,val
163271.jpg,138,191,1006.0,val
181339.jpg,364,504,1006.0,val
171557.jpg,135,187,1006.0,val
170341.jpg,208,288,3037.0,val
176498.jpg,229,317,3037.0,val
164227.jpg,255,353,3037.0,val
180885.jpg,224,310,3037.0,val
171748.jpg,549,760,3037.0,val
168646.jpg,694,961,555.0,val
177382.jpg,549,760,555.0,val
163415.jpg,278,385,555.0,val
181852.jpg,86,119,555.0,val
171533.jpg,419,580,555.0,val
169319.jpg,166,230,4243.0,val
174633.jpg,120,166,4243.0,val
162858.jpg,140,194,4243.0,val
181422.jpg,164,227,4243.0,val
171117.jpg,192,266,4243.0,val
170243.jpg,109,151,2020.0,val
177687.jpg,140,194,2020.0,val
164003.jpg,177,245,2020.0,val
181361.jpg,164,227,2020.0,val
173757.jpg,138,191,2020.0,val
172920.jpg,177,245,1346.0,val
175862.jpg,122,169,1346.0,val
163332.jpg,107,148,1346.0,val
182298.jpg,411,569,1346.0,val
173805.jpg,161,223,1346.0,val
170465.jpg,117,162,441.0,val
175503.jpg,148,205,441.0,val
163985.jpg,96,133,441.0,val
181643.jpg,70,97,441.0,val
172263.jpg,130,180,441.0,val
170002.jpg,195,270,1440.0,val
175125.jpg,185,256,1440.0,val
164285.jpg,224,310,1440.0,val
180296.jpg,112,155,1440.0,val
171350.jpg,299,373,1440.0,val
167169.jpg,226,313,949.0,val
172422.jpg,174,241,949.0,val
164300.jpg,195,270,949.0,val
180452.jpg,484,670,949.0,val
169961.jpg,211,292,949.0,val
172292.jpg,247,342,108.0,val
178092.jpg,159,220,108.0,val
163065.jpg,244,338,108.0,val
181714.jpg,133,184,108.0,val
174743.jpg,205,276,108.0,val
168818.jpg,458,634,849.0,val
172494.jpg,281,389,849.0,val
164205.jpg,146,202,849.0,val
180915.jpg,270,374,849.0,val
169710.jpg,140,194,849.0,val
170551.jpg,99,137,510.0,val
174939.jpg,164,227,510.0,val
163016.jpg,73,101,510.0,val
181780.jpg,88,122,510.0,val
173261.jpg,276,382,510.0,val
168612.jpg,244,338,965.0,val
173346.jpg,270,374,965.0,val
163260.jpg,153,212,965.0,val
181941.jpg,281,389,965.0,val
169214.jpg,257,356,965.0,val
170685.jpg,125,173,190.0,val
177578.jpg,104,144,190.0,val
162843.jpg,125,173,190.0,val
180979.jpg,125,173,190.0,val
172058.jpg,88,122,190.0,val
172381.jpg,135,187,4834.0,val
174906.jpg,122,169,4834.0,val
163030.jpg,242,335,4834.0,val
181697.jpg,146,202,4834.0,val
173421.jpg,169,234,4834.0,val
170001.jpg,562,778,3227.0,val
176588.jpg,104,144,3227.0,val
163292.jpg,213,295,3227.0,val
179170.jpg,224,310,3227.0,val
172066.jpg,138,191,3227.0,val
166740.jpg,114,158,4441.0,val
172849.jpg,177,245,4441.0,val
162777.jpg,179,248,4441.0,val
181440.jpg,315,436,4441.0,val
168678.jpg,276,382,4441.0,val
167793.jpg,81,112,1210.0,val
174271.jpg,153,212,1210.0,val
163105.jpg,101,140,1210.0,val
179675.jpg,161,223,1210.0,val
173272.jpg,182,252,1210.0,val
170603.jpg,192,266,3513.0,val
178661.jpg,159,220,3513.0,val
165903.jpg,276,382,3513.0,val
181298.jpg,166,230,3513.0,val
173339.jpg,91,126,3513.0,val
174402.jpg,94,130,4147.0,val
178646.jpg,130,180,4147.0,val
164155.jpg,109,151,4147.0,val
181845.jpg,138,191,4147.0,val
175518.jpg,156,216,4147.0,val
169124.jpg,447,619,604.0,val
172585.jpg,125,173,604.0,val
162878.jpg,151,209,604.0,val
176595.jpg,866,1199,604.0,val
171165.jpg,159,220,604.0,val
170502.jpg,234,324,620.0,val
173710.jpg,104,144,620.0,val
163373.jpg,177,245,620.0,val
181528.jpg,159,220,620.0,val
172155.jpg,182,252,620.0,val
167377.jpg,109,151,1569.0,val
173185.jpg,135,187,1569.0,val
163219.jpg,177,245,1569.0,val
180266.jpg,166,230,1569.0,val
170134.jpg,164,227,1569.0,val
171237.jpg,156,216,1722.0,val
177118.jpg,161,223,1722.0,val
164108.jpg,221,306,1722.0,val
182256.jpg,91,126,1722.0,val
173693.jpg,78,108,1722.0,val
168414.jpg,122,169,4442.0,val
174023.jpg,192,266,4442.0,val
162776.jpg,192,266,4442.0,val
181091.jpg,130,180,4442.0,val
169596.jpg,185,256,4442.0,val
170621.jpg,107,148,2418.0,val
176076.jpg,125,173,2418.0,val
164190.jpg,159,220,2418.0,val
181001.jpg,135,187,2418.0,val
173725.jpg,125,173,2418.0,val
165269.jpg,164,227,2023.0,val
178267.jpg,112,155,2023.0,val
163253.jpg,112,155,2023.0,val
181596.jpg,148,205,2023.0,val
166790.jpg,211,292,2023.0,val
169713.jpg,237,328,3547.0,val
174857.jpg,338,468,3547.0,val
164671.jpg,151,209,3547.0,val
181161.jpg,166,230,3547.0,val
171001.jpg,146,202,3547.0,val
169190.jpg,270,374,4516.0,val
177768.jpg,208,288,4516.0,val
163296.jpg,107,148,4516.0,val
181577.jpg,268,371,4516.0,val
173714.jpg,159,220,4516.0,val
169118.jpg,159,220,3527.0,val
175040.jpg,112,155,3527.0,val
162945.jpg,78,108,3527.0,val
180157.jpg,224,286,3527.0,val
171355.jpg,101,140,3527.0,val
170910.jpg,148,205,1794.0,val
174489.jpg,75,104,1794.0,val
164112.jpg,203,281,1794.0,val
179860.jpg,161,223,1794.0,val
171513.jpg,125,173,1794.0,val
168639.jpg,138,186,1645.0,val
175568.jpg,125,160,1645.0,val
162894.jpg,117,152,1645.0,val
180490.jpg,224,310,1645.0,val
170789.jpg,200,270,1645.0,val
168026.jpg,138,191,4558.0,val
175841.jpg,104,144,4558.0,val
163046.jpg,135,187,4558.0,val
182301.jpg,159,220,4558.0,val
169133.jpg,221,306,4558.0,val
167582.jpg,151,209,4078.0,val
175370.jpg,146,202,4078.0,val
163298.jpg,270,372,4078.0,val
182046.jpg,198,274,4078.0,val
169740.jpg,257,356,4078.0,val
168358.jpg,187,259,461.0,val
175139.jpg,96,133,461.0,val
164394.jpg,140,194,461.0,val
181797.jpg,447,619,461.0,val
172688.jpg,255,353,461.0,val
166178.jpg,203,281,100.0,val
176874.jpg,187,259,100.0,val
163099.jpg,257,356,100.0,val
181333.jpg,159,218,100.0,val
173373.jpg,125,173,100.0,val
166242.jpg,208,288,1529.0,val
176959.jpg,351,486,1529.0,val
163033.jpg,283,392,1529.0,val
182269.jpg,408,565,1529.0,val
167591.jpg,907,1196,1529.0,val
170593.jpg,151,209,1198.0,val
177323.jpg,143,198,1198.0,val
162779.jpg,177,245,1198.0,val
181007.jpg,208,288,1198.0,val
175146.jpg,114,158,1198.0,val
169168.jpg,177,245,2163.0,val
176852.jpg,96,133,2163.0,val
162841.jpg,205,284,2163.0,val
181176.jpg,174,241,2163.0,val
169602.jpg,169,234,2163.0,val
170281.jpg,127,176,2726.0,val
177851.jpg,161,223,2726.0,val
162981.jpg,94,130,2726.0,val
181916.jpg,99,137,2726.0,val
172050.jpg,234,324,2726.0,val
168798.jpg,140,194,3768.0,val
176903.jpg,122,169,3768.0,val
163147.jpg,205,258,3768.0,val
182536.jpg,179,248,3768.0,val
171576.jpg,107,148,3768.0,val
173260.jpg,374,518,1906.0,val
177087.jpg,169,234,1906.0,val
163806.jpg,127,176,1906.0,val
181619.jpg,541,749,1906.0,val
174833.jpg,463,641,1906.0,val
171089.jpg,112,155,1136.0,val
176666.jpg,83,115,1136.0,val
163408.jpg,117,162,1136.0,val
181685.jpg,125,173,1136.0,val
173569.jpg,133,184,1136.0,val
169913.jpg,70,97,3435.0,val
174951.jpg,52,72,3435.0,val
164437.jpg,107,148,3435.0,val
181401.jpg,127,176,3435.0,val
171861.jpg,117,162,3435.0,val
173750.jpg,395,547,796.0,val
177451.jpg,81,112,796.0,val
163005.jpg,164,227,796.0,val
181897.jpg,182,252,796.0,val
175999.jpg,351,486,796.0,val
170172.jpg,198,274,783.0,val
174885.jpg,101,140,783.0,val
163595.jpg,172,238,783.0,val
179194.jpg,109,151,783.0,val
172169.jpg,70,97,783.0,val
172736.jpg,213,295,2336.0,val
176926.jpg,164,227,2336.0,val
164485.jpg,192,266,2336.0,val
180987.jpg,96,133,2336.0,val
174486.jpg,148,205,2336.0,val
168429.jpg,130,180,2226.0,val
173940.jpg,179,248,2226.0,val
163748.jpg,112,155,2226.0,val
182240.jpg,73,101,2226.0,val
169321.jpg,99,137,2226.0,val
170902.jpg,117,162,984.0,val
178200.jpg,112,155,984.0,val
164901.jpg,125,173,984.0,val
181940.jpg,806,1116,984.0,val
173449.jpg,499,691,984.0,val
170149.jpg,138,191,205.0,val
177238.jpg,224,310,205.0,val
163000.jpg,200,277,205.0,val
182171.jpg,343,475,205.0,val
172109.jpg,221,306,205.0,val
170407.jpg,127,176,916.0,val
175597.jpg,133,184,916.0,val
163895.jpg,247,342,916.0,val
181385.jpg,133,184,916.0,val
171783.jpg,143,198,916.0,val
168782.jpg,125,173,2195.0,val
172861.jpg,211,292,2195.0,val
163675.jpg,221,306,2195.0,val
177945.jpg,91,126,2195.0,val
169947.jpg,94,130,2195.0,val
169153.jpg,216,299,735.0,val
175679.jpg,94,130,735.0,val
163013.jpg,109,151,735.0,val
181184.jpg,268,371,735.0,val
172307.jpg,117,162,735.0,val
171400.jpg,244,338,1485.0,val
176323.jpg,252,364,1485.0,val
162859.jpg,286,362,1485.0,val
179820.jpg,174,215,1485.0,val
172997.jpg,247,317,1485.0,val
167708.jpg,117,162,1698.0,val
171344.jpg,174,241,1698.0,val
162913.jpg,252,349,1698.0,val
174597.jpg,96,133,1698.0,val
169066.jpg,151,209,1698.0,val
171570.jpg,112,155,97.0,val
177659.jpg,104,144,97.0,val
162839.jpg,185,256,97.0,val
180420.jpg,135,187,97.0,val
174972.jpg,122,169,97.0,val
170436.jpg,91,126,1243.0,val
177010.jpg,65,90,1243.0,val
163574.jpg,96,133,1243.0,val
177750.jpg,83,115,1243.0,val
172553.jpg,62,86,1243.0,val
165256.jpg,104,137,2625.0,val
173414.jpg,211,271,2625.0,val
163221.jpg,136,182,2625.0,val
176651.jpg,199,299,2625.0,val
169625.jpg,140,194,2625.0,val
169811.jpg,920,1274,261.0,val
176273.jpg,234,324,261.0,val
163058.jpg,260,360,261.0,val
178234.jpg,315,436,261.0,val
171504.jpg,148,205,261.0,val
169688.jpg,185,256,2779.0,val
176823.jpg,172,238,2779.0,val
164425.jpg,117,162,2779.0,val
178953.jpg,86,119,2779.0,val
172291.jpg,226,313,2779.0,val
170255.jpg,263,364,978.0,val
176037.jpg,125,173,978.0,val
163925.jpg,338,482,978.0,val
176572.jpg,130,180,978.0,val
173148.jpg,174,241,978.0,val
167742.jpg,198,274,1212.0,val
176057.jpg,172,238,1212.0,val
162783.jpg,198,274,1212.0,val
178124.jpg,195,270,1212.0,val
171256.jpg,174,241,1212.0,val
169584.jpg,177,245,1211.0,val
175700.jpg,156,216,1211.0,val
163088.jpg,130,180,1211.0,val
177485.jpg,182,252,1211.0,val
170287.jpg,200,277,1211.0,val
168090.jpg,130,180,173.0,val
176813.jpg,133,184,173.0,val
163138.jpg,73,101,173.0,val
178714.jpg,211,292,173.0,val
171174.jpg,185,256,173.0,val
167415.jpg,143,198,4911.0,val
175955.jpg,94,130,4911.0,val
162857.jpg,1154,1598,4911.0,val
177460.jpg,182,252,4911.0,val
169817.jpg,174,241,4911.0,val
169048.jpg,260,360,106.0,val
174778.jpg,419,580,106.0,val
163148.jpg,229,317,106.0,val
175225.jpg,224,310,106.0,val
172298.jpg,153,212,106.0,val
168532.jpg,242,335,944.0,val
176086.jpg,624,864,944.0,val
162871.jpg,159,220,944.0,val
176894.jpg,312,432,944.0,val
171406.jpg,159,220,944.0,val
169387.jpg,174,241,2284.0,val
175770.jpg,125,173,2284.0,val
163075.jpg,143,198,2284.0,val
179145.jpg,166,230,2284.0,val
171402.jpg,156,216,2284.0,val
167797.jpg,356,493,2836.0,val
177032.jpg,122,169,2836.0,val
162993.jpg,242,335,2836.0,val
178089.jpg,406,562,2836.0,val
170775.jpg,96,133,2836.0,val
167361.jpg,156,216,2001.0,val
174551.jpg,187,259,2001.0,val
162930.jpg,169,234,2001.0,val
176450.jpg,213,295,2001.0,val
171247.jpg,203,281,2001.0,val
171143.jpg,343,475,125.0,val
178608.jpg,434,601,125.0,val
164137.jpg,112,155,125.0,val
178917.jpg,148,205,125.0,val
173152.jpg,133,184,125.0,val
170542.jpg,237,328,2523.0,val
177538.jpg,187,259,2523.0,val
163266.jpg,304,421,2523.0,val
178946.jpg,140,194,2523.0,val
173164.jpg,143,198,2523.0,val
173604.jpg,140,194,643.0,val
177967.jpg,138,191,643.0,val
163092.jpg,130,180,643.0,val
179333.jpg,138,191,643.0,val
175136.jpg,182,252,643.0,val
169167.jpg,250,346,2324.0,val
174695.jpg,172,238,2324.0,val
166032.jpg,260,360,2324.0,val
176542.jpg,135,187,2324.0,val
170865.jpg,172,238,2324.0,val
169325.jpg,296,410,2411.0,val
175753.jpg,398,551,2411.0,val
163072.jpg,138,191,2411.0,val
175882.jpg,187,259,2411.0,val
174708.jpg,86,119,2411.0,val
171311.jpg,205,284,1455.0,val
176646.jpg,117,162,1455.0,val
162808.jpg,140,194,1455.0,val
177790.jpg,343,475,1455.0,val
173100.jpg,273,378,1455.0,val
172989.jpg,237,322,1562.0,val
175363.jpg,255,353,1562.0,val
164123.jpg,248,344,1562.0,val
178228.jpg,257,302,1562.0,val
173902.jpg,213,279,1562.0,val
169678.jpg,221,306,759.0,val
177654.jpg,229,317,759.0,val
163268.jpg,359,497,759.0,val
178344.jpg,146,202,759.0,val
171212.jpg,237,328,759.0,val
168273.jpg,172,238,2496.0,val
176019.jpg,151,209,2496.0,val
163365.jpg,130,180,2496.0,val
176778.jpg,335,441,2496.0,val
171366.jpg,156,216,2496.0,val
172886.jpg,138,191,4488.0,val
178631.jpg,153,212,4488.0,val
165181.jpg,231,320,4488.0,val
179880.jpg,120,166,4488.0,val
175972.jpg,286,396,4488.0,val
170107.jpg,221,306,2200.0,val
175014.jpg,218,302,2200.0,val
162805.jpg,140,194,2200.0,val
175743.jpg,164,227,2200.0,val
171936.jpg,185,256,2200.0,val
167272.jpg,107,148,1905.0,val
177984.jpg,169,234,1905.0,val
163014.jpg,270,371,1905.0,val
178484.jpg,127,176,1905.0,val
172040.jpg,125,141,1905.0,val
179498.jpg,164,227,1978.0,val
171439.jpg,221,306,1978.0,val
162801.jpg,203,281,1978.0,val
169902.jpg,166,230,1978.0,val
179896.jpg,184,256,1978.0,val
176052.jpg,203,281,1782.0,val
171208.jpg,151,209,1782.0,val
164618.jpg,229,317,1782.0,val
171182.jpg,101,140,1782.0,val
177405.jpg,148,205,1782.0,val
175259.jpg,226,310,1826.0,val
171603.jpg,229,295,1826.0,val
164056.jpg,138,191,1826.0,val
170681.jpg,190,226,1826.0,val
177146.jpg,291,350,1826.0,val
174076.jpg,564,781,1927.0,val
167743.jpg,361,500,1927.0,val
162934.jpg,255,353,1927.0,val
166123.jpg,239,331,1927.0,val
176180.jpg,205,284,1927.0,val
174967.jpg,221,306,2047.0,val
170766.jpg,218,302,2047.0,val
163001.jpg,192,266,2047.0,val
170556.jpg,226,313,2047.0,val
177183.jpg,203,281,2047.0,val
175677.jpg,229,317,1843.0,val
168510.jpg,226,313,1843.0,val
163965.jpg,187,259,1843.0,val
168444.jpg,187,259,1843.0,val
176824.jpg,200,277,1843.0,val
173008.jpg,130,180,3657.0,val
168822.jpg,135,187,3657.0,val
163966.jpg,127,176,3657.0,val
167529.jpg,177,245,3657.0,val
176994.jpg,117,162,3657.0,val
178527.jpg,195,270,835.0,val
173888.jpg,107,148,835.0,val
162835.jpg,218,302,835.0,val
172944.jpg,333,461,835.0,val
180384.jpg,169,234,835.0,val
176640.jpg,161,223,383.0,val
169924.jpg,130,180,383.0,val
162787.jpg,200,277,383.0,val
168674.jpg,208,288,383.0,val
179210.jpg,153,212,383.0,val
173139.jpg,218,302,727.0,val
169056.jpg,120,166,727.0,val
163102.jpg,312,432,727.0,val
168502.jpg,211,292,727.0,val
177399.jpg,140,194,727.0,val
174535.jpg,125,173,730.0,val
169644.jpg,195,270,730.0,val
162813.jpg,177,245,730.0,val
168554.jpg,406,562,730.0,val
175043.jpg,200,277,730.0,val
176306.jpg,81,112,774.0,val
167488.jpg,190,263,774.0,val
163006.jpg,70,97,774.0,val
167376.jpg,140,194,774.0,val
177314.jpg,390,540,774.0,val
177860.jpg,182,252,2838.0,val
171305.jpg,151,209,2838.0,val
163468.jpg,177,245,2838.0,val
170349.jpg,140,194,2838.0,val
178952.jpg,159,220,2838.0,val
170647.jpg,260,360,1664.0,val
168858.jpg,109,151,1664.0,val
162842.jpg,91,126,1664.0,val
168061.jpg,177,245,1664.0,val
175477.jpg,81,112,1664.0,val
176884.jpg,263,364,678.0,val
170852.jpg,239,331,678.0,val
164546.jpg,153,212,678.0,val
170535.jpg,594,907,678.0,val
178604.jpg,432,598,678.0,val
174591.jpg,187,259,859.0,val
171830.jpg,94,130,859.0,val
162914.jpg,255,353,859.0,val
171153.jpg,208,288,859.0,val
179003.jpg,187,259,859.0,val
179408.jpg,172,238,2478.0,val
172755.jpg,190,263,2478.0,val
162880.jpg,213,295,2478.0,val
172065.jpg,187,259,2478.0,val
179874.jpg,172,238,2478.0,val
175579.jpg,114,158,580.0,val
170583.jpg,94,130,580.0,val
162830.jpg,172,238,580.0,val
170579.jpg,260,360,580.0,val
177312.jpg,237,328,580.0,val
177115.jpg,169,234,4523.0,val
174123.jpg,86,119,4523.0,val
162989.jpg,148,205,4523.0,val
172645.jpg,138,191,4523.0,val
177379.jpg,211,292,4523.0,val
177324.jpg,203,281,2809.0,val
172147.jpg,143,198,2809.0,val
162995.jpg,143,198,2809.0,val
171108.jpg,153,212,2809.0,val
177935.jpg,130,180,2809.0,val
176074.jpg,161,223,947.0,val
169712.jpg,148,205,947.0,val
162773.jpg,83,115,947.0,val
168583.jpg,75,104,947.0,val
178174.jpg,140,194,947.0,val
176235.jpg,172,238,1013.0,val
170075.jpg,166,230,1013.0,val
164125.jpg,143,198,1013.0,val
169140.jpg,140,194,1013.0,val
177720.jpg,255,353,1013.0,val
175641.jpg,138,191,2555.0,val
171842.jpg,161,223,2555.0,val
164988.jpg,140,194,2555.0,val
171754.jpg,161,223,2555.0,val
178199.jpg,169,234,2555.0,val
175176.jpg,187,259,2457.0,val
171013.jpg,250,346,2457.0,val
163333.jpg,133,184,2457.0,val
169304.jpg,172,238,2457.0,val
176849.jpg,153,212,2457.0,val
176492.jpg,135,187,4420.0,val
170351.jpg,198,274,4420.0,val
164145.jpg,127,176,4420.0,val
170100.jpg,133,184,4420.0,val
177307.jpg,166,230,4420.0,val
176966.jpg,198,274,2685.0,val
169311.jpg,328,454,2685.0,val
163858.jpg,143,198,2685.0,val
169174.jpg,151,209,2685.0,val
178727.jpg,81,112,2685.0,val
175967.jpg,99,137,1558.0,val
167150.jpg,164,227,1558.0,val
163552.jpg,112,155,1558.0,val
167149.jpg,190,263,1558.0,val
177226.jpg,1108,1534,1558.0,val
178954.jpg,205,284,1117.0,val
170440.jpg,213,295,1117.0,val
163383.jpg,130,180,1117.0,val
170400.jpg,169,234,1117.0,val
179368.jpg,247,324,1117.0,val
179228.jpg,169,234,2639.0,val
170291.jpg,166,230,2639.0,val
163815.jpg,174,241,2639.0,val
168480.jpg,112,155,2639.0,val
179625.jpg,289,400,2639.0,val
178652.jpg,114,158,2319.0,val
175227.jpg,73,101,2319.0,val
164068.jpg,151,209,2319.0,val
172745.jpg,109,151,2319.0,val
179079.jpg,164,227,2319.0,val
173365.jpg,148,205,1494.0,val
167323.jpg,205,284,1494.0,val
163183.jpg,153,212,1494.0,val
167237.jpg,161,223,1494.0,val
175185.jpg,187,259,1494.0,val
178132.jpg,140,194,3576.0,val
174112.jpg,192,266,3576.0,val
163128.jpg,201,320,3576.0,val
172915.jpg,140,194,3576.0,val
179270.jpg,182,252,3576.0,val
172587.jpg,117,162,2745.0,val
168485.jpg,317,439,2745.0,val
162824.jpg,140,194,2745.0,val
167604.jpg,174,241,2745.0,val
176302.jpg,169,234,2745.0,val
177380.jpg,208,288,1249.0,val
171426.jpg,364,504,1249.0,val
164424.jpg,265,367,1249.0,val
171272.jpg,283,347,1249.0,val
178432.jpg,161,213,1249.0,val
176757.jpg,166,230,4680.0,val
170520.jpg,153,212,4680.0,val
163178.jpg,127,176,4680.0,val
169856.jpg,190,263,4680.0,val
178095.jpg,205,313,4680.0,val
175857.jpg,242,335,3624.0,val
170396.jpg,86,119,3624.0,val
164423.jpg,96,133,3624.0,val
169601.jpg,88,122,3624.0,val
177956.jpg,166,230,3624.0,val
164343.jpg,112,155,2604.0,val
173017.jpg,161,223,2604.0,val
169759.jpg,109,151,2604.0,val
164416.jpg,94,130,2604.0,val
178151.jpg,146,202,2604.0,val
163624.jpg,78,108,2004.0,val
171900.jpg,146,202,2004.0,val
167624.jpg,83,115,2004.0,val
164506.jpg,114,158,2004.0,val
173939.jpg,138,191,2004.0,val
163661.jpg,211,292,331.0,val
175713.jpg,346,479,331.0,val
169570.jpg,174,241,331.0,val
163804.jpg,268,371,331.0,val
179139.jpg,226,313,331.0,val
163034.jpg,182,252,627.0,val
173025.jpg,182,252,627.0,val
169082.jpg,408,565,627.0,val
165186.jpg,364,446,627.0,val
176886.jpg,234,324,627.0,val
162949.jpg,156,216,2162.0,val
171087.jpg,94,130,2162.0,val
167729.jpg,211,292,2162.0,val
164697.jpg,156,216,2162.0,val
173643.jpg,122,169,2162.0,val
163481.jpg,192,266,4525.0,val
176655.jpg,239,313,4525.0,val
170718.jpg,270,374,4525.0,val
163686.jpg,198,274,4525.0,val
177986.jpg,205,284,4525.0,val
163019.jpg,195,247,2037.0,val
175247.jpg,174,218,2037.0,val
171889.jpg,127,176,2037.0,val
163842.jpg,322,404,2037.0,val
177096.jpg,231,318,2037.0,val
166356.jpg,88,122,519.0,val
176316.jpg,120,166,519.0,val
174672.jpg,138,191,519.0,val
166737.jpg,120,166,519.0,val
177980.jpg,138,191,519.0,val
164335.jpg,257,356,4699.0,val
177603.jpg,156,216,4699.0,val
170148.jpg,213,295,4699.0,val
165432.jpg,447,619,4699.0,val
177680.jpg,127,176,4699.0,val
164078.jpg,159,220,686.0,val
174762.jpg,598,828,686.0,val
169683.jpg,307,425,686.0,val
165309.jpg,172,238,686.0,val
175537.jpg,203,281,686.0,val
163286.jpg,200,277,2776.0,val
173520.jpg,153,212,2776.0,val
168275.jpg,135,187,2776.0,val
163330.jpg,211,292,2776.0,val
174775.jpg,192,266,2776.0,val
163175.jpg,205,284,229.0,val
177650.jpg,177,245,229.0,val
174899.jpg,273,358,229.0,val
166268.jpg,195,270,229.0,val
178056.jpg,182,252,229.0,val
163894.jpg,343,475,2279.0,val
173316.jpg,99,137,2279.0,val
170550.jpg,138,191,2279.0,val
164260.jpg,211,292,2279.0,val
174566.jpg,120,166,2279.0,val
163607.jpg,179,248,1999.0,val
176952.jpg,174,241,1999.0,val
170880.jpg,148,205,1999.0,val
164405.jpg,218,302,1999.0,val
177658.jpg,182,252,1999.0,val
162916.jpg,244,338,1036.0,val
174704.jpg,198,274,1036.0,val
170070.jpg,161,223,1036.0,val
163766.jpg,283,392,1036.0,val
175875.jpg,205,284,1036.0,val
163250.jpg,122,169,3483.0,val
178205.jpg,114,158,3483.0,val
170622.jpg,229,273,3483.0,val
163340.jpg,200,277,3483.0,val
180886.jpg,146,202,3483.0,val
163381.jpg,161,223,3574.0,val
176418.jpg,138,191,3574.0,val
171357.jpg,94,130,3574.0,val
163502.jpg,94,130,3574.0,val
177549.jpg,96,133,3574.0,val
163239.jpg,151,209,2676.0,val
175966.jpg,153,212,2676.0,val
169255.jpg,213,295,2676.0,val
163962.jpg,109,151,2676.0,val
177242.jpg,190,263,2676.0,val
164802.jpg,161,223,3731.0,val
175376.jpg,263,364,3731.0,val
171372.jpg,125,173,3731.0,val
165540.jpg,244,338,3731.0,val
176428.jpg,283,347,3731.0,val
163555.jpg,169,234,3759.0,val
178782.jpg,133,184,3759.0,val
171464.jpg,156,216,3759.0,val
165222.jpg,135,187,3759.0,val
179801.jpg,172,238,3759.0,val
163823.jpg,198,274,3924.0,val
174690.jpg,166,230,3924.0,val
170546.jpg,172,238,3924.0,val
163912.jpg,182,252,3924.0,val
175605.jpg,143,198,3924.0,val
164459.jpg,224,310,4038.0,val
172470.jpg,148,205,4038.0,val
169480.jpg,179,248,4038.0,val
164893.jpg,112,155,4038.0,val
175761.jpg,91,126,4038.0,val
164297.jpg,91,138,1881.0,val
177125.jpg,221,255,1881.0,val
172551.jpg,172,216,1881.0,val
165699.jpg,195,225,1881.0,val
177545.jpg,322,396,1881.0,val
164185.jpg,234,324,1964.0,val
172584.jpg,270,374,1964.0,val
170339.jpg,211,292,1964.0,val
164252.jpg,231,320,1964.0,val
173186.jpg,273,378,1964.0,val
163690.jpg,170,266,1081.0,val
171149.jpg,138,169,1081.0,val
166091.jpg,127,176,1081.0,val
163734.jpg,138,191,1081.0,val
171740.jpg,218,302,1081.0,val
164218.jpg,99,137,4144.0,val
177384.jpg,130,180,4144.0,val
171075.jpg,73,101,4144.0,val
165843.jpg,185,256,4144.0,val
179238.jpg,250,346,4144.0,val
164736.jpg,133,184,877.0,val
177952.jpg,133,184,877.0,val
173499.jpg,70,97,877.0,val
164895.jpg,78,108,877.0,val
178957.jpg,182,252,877.0,val
162887.jpg,86,119,1001.0,val
177997.jpg,122,169,1001.0,val
174105.jpg,122,169,1001.0,val
163645.jpg,182,252,1001.0,val
178826.jpg,151,209,1001.0,val
163124.jpg,94,130,4140.0,val
180658.jpg,255,353,4140.0,val
176950.jpg,96,133,4140.0,val
165646.jpg,109,151,4140.0,val
180949.jpg,101,140,4140.0,val
162800.jpg,101,140,2466.0,val
169922.jpg,68,94,2466.0,val
167832.jpg,130,180,2466.0,val
164213.jpg,159,220,2466.0,val
171083.jpg,68,94,2466.0,val
162970.jpg,265,356,1921.0,val
176069.jpg,242,335,1921.0,val
170753.jpg,146,202,1921.0,val
163855.jpg,205,284,1921.0,val
177529.jpg,224,310,1921.0,val
163337.jpg,156,216,2845.0,val
176984.jpg,109,151,2845.0,val
172403.jpg,221,306,2845.0,val
163567.jpg,224,310,2845.0,val
178192.jpg,151,209,2845.0,val
164040.jpg,174,241,2658.0,val
181120.jpg,174,241,2658.0,val
178722.jpg,130,180,2658.0,val
164874.jpg,169,234,2658.0,val
171259.jpg,107,148,2658.0,val
163149.jpg,208,288,2823.0,val
178221.jpg,143,198,2823.0,val
177200.jpg,179,248,2823.0,val
163419.jpg,203,281,2823.0,val
171420.jpg,172,238,2823.0,val
163593.jpg,140,194,2842.0,val
179433.jpg,143,198,2842.0,val
178070.jpg,135,212,2842.0,val
163955.jpg,99,137,2842.0,val
169629.jpg,86,119,2842.0,val
164484.jpg,140,194,2637.0,val
174777.jpg,127,176,2637.0,val
172809.jpg,169,234,2637.0,val
164715.jpg,185,256,2637.0,val
170165.jpg,117,162,2637.0,val
162929.jpg,120,166,3091.0,val
180190.jpg,120,166,3091.0,val
179570.jpg,65,90,3091.0,val
163022.jpg,231,320,3091.0,val
168202.jpg,130,180,3091.0,val
166214.jpg,127,176,3074.0,val
179441.jpg,221,306,3074.0,val
177678.jpg,179,248,3074.0,val
167296.jpg,159,220,3074.0,val
171411.jpg,68,94,3074.0,val
162806.jpg,117,162,2587.0,val
179945.jpg,185,256,2587.0,val
178152.jpg,174,241,2587.0,val
162935.jpg,153,212,2587.0,val
169814.jpg,166,230,2587.0,val
163484.jpg,135,187,2165.0,val
181077.jpg,130,180,2165.0,val
179029.jpg,138,191,2165.0,val
164443.jpg,161,223,2165.0,val
176033.jpg,146,202,2165.0,val
164310.jpg,114,158,3093.0,val
181532.jpg,159,220,3093.0,val
180295.jpg,174,241,3093.0,val
164722.jpg,161,223,3093.0,val
173381.jpg,195,270,3093.0,val
164403.jpg,127,176,2437.0,val
179633.jpg,195,270,2437.0,val
176398.jpg,161,223,2437.0,val
165850.jpg,104,144,2437.0,val
172999.jpg,109,151,2437.0,val
163763.jpg,203,281,4917.0,val
180698.jpg,234,324,4917.0,val
179198.jpg,179,248,4917.0,val
164168.jpg,143,198,4917.0,val
173083.jpg,291,403,4917.0,val
163548.jpg,130,180,3141.0,val
178581.jpg,104,144,3141.0,val
175791.jpg,140,194,3141.0,val
164598.jpg,133,184,3141.0,val
170677.jpg,205,284,3141.0,val
163180.jpg,182,220,1547.0,val
178499.jpg,333,428,1547.0,val
176577.jpg,117,161,1547.0,val
165156.jpg,125,155,1547.0,val
170813.jpg,104,144,1547.0,val
163753.jpg,174,241,3653.0,val
180109.jpg,125,173,3653.0,val
179851.jpg,304,421,3653.0,val
164853.jpg,263,364,3653.0,val
171948.jpg,107,148,3653.0,val
163472.jpg,96,133,3877.0,val
180828.jpg,101,140,3877.0,val
178705.jpg,148,205,3877.0,val
163723.jpg,161,223,3877.0,val
173283.jpg,169,234,3877.0,val
163710.jpg,122,169,3897.0,val
175956.jpg,185,256,3897.0,val
173406.jpg,125,173,3897.0,val
164241.jpg,153,212,3897.0,val
166580.jpg,169,234,3897.0,val
164006.jpg,205,284,1184.0,val
177928.jpg,164,227,1184.0,val
173988.jpg,143,198,1184.0,val
164197.jpg,182,252,1184.0,val
170028.jpg,156,216,1184.0,val
162979.jpg,127,176,3974.0,val
179923.jpg,182,252,3974.0,val
175742.jpg,161,223,3974.0,val
163644.jpg,187,259,3974.0,val
171771.jpg,164,227,3974.0,val
163336.jpg,198,274,1060.0,val
181410.jpg,174,241,1060.0,val
178504.jpg,226,313,1060.0,val
163349.jpg,91,126,1060.0,val
169728.jpg,190,263,1060.0,val
163473.jpg,263,355,1017.0,val
177317.jpg,257,356,1017.0,val
175974.jpg,143,198,1017.0,val
164255.jpg,177,245,1017.0,val
172261.jpg,164,227,1017.0,val
162825.jpg,169,234,4141.0,val
179304.jpg,194,320,4141.0,val
177346.jpg,463,522,4141.0,val
163790.jpg,120,166,4141.0,val
169914.jpg,385,533,4141.0,val
165190.jpg,81,112,915.0,val
177830.jpg,70,97,915.0,val
176880.jpg,146,202,915.0,val
165730.jpg,91,126,915.0,val
169027.jpg,146,202,915.0,val
164652.jpg,224,310,913.0,val
180272.jpg,190,263,913.0,val
177293.jpg,218,302,913.0,val
166159.jpg,190,263,913.0,val
170259.jpg,182,252,913.0,val
162855.jpg,63,119,4177.0,val
176834.jpg,294,407,4177.0,val
175206.jpg,187,259,4177.0,val
163897.jpg,138,191,4177.0,val
172447.jpg,88,122,4177.0,val
163187.jpg,239,331,4228.0,val
178620.jpg,94,144,4228.0,val
175443.jpg,112,155,4228.0,val
165160.jpg,179,248,4228.0,val
169729.jpg,213,295,4228.0,val
162795.jpg,86,119,786.0,val
176537.jpg,320,443,786.0,val
176325.jpg,413,572,786.0,val
163549.jpg,140,194,786.0,val
168966.jpg,468,648,786.0,val
162928.jpg,887,1228,780.0,val
179342.jpg,229,317,780.0,val
177372.jpg,112,155,780.0,val
163272.jpg,133,184,780.0,val
170329.jpg,218,302,780.0,val
163137.jpg,140,194,4432.0,val
181811.jpg,164,227,4432.0,val
180867.jpg,120,166,4432.0,val
163389.jpg,109,151,4432.0,val
168257.jpg,99,137,4432.0,val
162794.jpg,304,421,462.0,val
179783.jpg,257,356,462.0,val
177514.jpg,122,169,462.0,val
163343.jpg,346,479,462.0,val
169944.jpg,265,367,462.0,val
